{
 "type": "FeatureCollection",
 "features": [
  {
   "type": "Feature",
   "properties": {
    "station_id": "ag_166942",
    "name": "Talǵar, Gagarin atyndaǵy №8 mektep",
    "city": "Almaty",
    "region": null,
    "country": "KZ",
    "lat": 43.2938,
    "lon": 77.2347,
    "timezone": "Asia/Tashkent",
    "station_type": "low_cost",
    "source": "airgradient",
    "operator": "Almaty Air Initiative",
    "is_active": true
   },
   "geometry": {
    "type": "Point",
    "coordinates": [
     77.2347,
     43.2938
    ]
   }
  },
  {
   "type": "Feature",
   "properties": {
    "station_id": "ag_166943",
    "name": "Almaty Arena",
    "city": "Almaty",
    "region": null,
    "country": "KZ",
    "lat": 43.2639,
    "lon": 76.8193,
    "timezone": "Asia/Tashkent",
    "station_type": "low_cost",
    "source": "airgradient",
    "operator": "Almaty Air Initiative",
    "is_active": true
   },
   "geometry": {
    "type": "Point",
    "coordinates": [
     76.8193,
     43.2639
    ]
   }
  },
  {
   "type": "Feature",
   "properties": {
    "station_id": "ag_167207",
    "name": "Panfilovo, №33 mektep",
    "city": "Almaty",
    "region": null,
    "country": "KZ",
    "lat": 43.3838,
    "lon": 77.1163,
    "timezone": "Asia/Tashkent",
    "station_type": "low_cost",
    "source": "airgradient",
    "operator": "Almaty Air Initiative",
    "is_active": true
   },
   "geometry": {
    "type": "Point",
    "coordinates": [
     77.1163,
     43.3838
    ]
   }
  },
  {
   "type": "Feature",
   "properties": {
    "station_id": "ag_167209",
    "name": "Köktem şipazhaiy",
    "city": "Almaty",
    "region": null,
    "country": "KZ",
    "lat": 43.2018,
    "lon": 76.9368,
    "timezone": "Asia/Tashkent",
    "station_type": "low_cost",
    "source": "airgradient",
    "operator": "Almaty Air Initiative",
    "is_active": true
   },
   "geometry": {
    "type": "Point",
    "coordinates": [
     76.9368,
     43.2018
    ]
   }
  },
  {
   "type": "Feature",
   "properties": {
    "station_id": "ag_167210",
    "name": "№193 mektep",
    "city": "Almaty",
    "region": null,
    "country": "KZ",
    "lat": 43.373,
    "lon": 76.9431,
    "timezone": "Asia/Tashkent",
    "station_type": "low_cost",
    "source": "airgradient",
    "operator": "Almaty Air Initiative",
    "is_active": true
   },
   "geometry": {
    "type": "Point",
    "coordinates": [
     76.9431,
     43.373
    ]
   }
  },
  {
   "type": "Feature",
   "properties": {
    "station_id": "ag_167213",
    "name": "Şuhov at. skver",
    "city": "Almaty",
    "region": null,
    "country": "KZ",
    "lat": 43.2747,
    "lon": 76.9808,
    "timezone": "Asia/Tashkent",
    "station_type": "low_cost",
    "source": "airgradient",
    "operator": "Almaty Air Initiative",
    "is_active": true
   },
   "geometry": {
    "type": "Point",
    "coordinates": [
     76.9808,
     43.2747
    ]
   }
  },
  {
   "type": "Feature",
   "properties": {
    "station_id": "ag_167214",
    "name": "Maqataev – Muratbaev",
    "city": "Almaty",
    "region": null,
    "country": "KZ",
    "lat": 43.2618,
    "lon": 76.9186,
    "timezone": "Asia/Tashkent",
    "station_type": "low_cost",
    "source": "airgradient",
    "operator": "Almaty Air Initiative",
    "is_active": true
   },
   "geometry": {
    "type": "Point",
    "coordinates": [
     76.9186,
     43.2618
    ]
   }
  },
  {
   "type": "Feature",
   "properties": {
    "station_id": "ag_167215",
    "name": "Orbita 1 (Navoi k-si) ",
    "city": "Almaty",
    "region": null,
    "country": "KZ",
    "lat": 43.2035,
    "lon": 76.8869,
    "timezone": "Asia/Tashkent",
    "station_type": "low_cost",
    "source": "airgradient",
    "operator": "Almaty Air Initiative",
    "is_active": true
   },
   "geometry": {
    "type": "Point",
    "coordinates": [
     76.8869,
     43.2035
    ]
   }
  },
  {
   "type": "Feature",
   "properties": {
    "station_id": "ag_167216",
    "name": "Mega Park",
    "city": "Almaty",
    "region": null,
    "country": "KZ",
    "lat": 43.2634,
    "lon": 76.9319,
    "timezone": "Asia/Tashkent",
    "station_type": "low_cost",
    "source": "airgradient",
    "operator": "Almaty Air Initiative",
    "is_active": true
   },
   "geometry": {
    "type": "Point",
    "coordinates": [
     76.9319,
     43.2634
    ]
   }
  },
  {
   "type": "Feature",
   "properties": {
    "station_id": "ag_167218",
    "name": "Ermensai (Juldyz – Ortalyq) ",
    "city": "Almaty",
    "region": null,
    "country": "KZ",
    "lat": 43.168,
    "lon": 76.9163,
    "timezone": "Asia/Tashkent",
    "station_type": "low_cost",
    "source": "airgradient",
    "operator": "Almaty Air Initiative",
    "is_active": true
   },
   "geometry": {
    "type": "Point",
    "coordinates": [
     76.9163,
     43.168
    ]
   }
  },
  {
   "type": "Feature",
   "properties": {
    "station_id": "ag_167221",
    "name": "Bekmahanov – Süyinbai",
    "city": "Almaty",
    "region": null,
    "country": "KZ",
    "lat": 43.3461,
    "lon": 76.971271,
    "timezone": "Asia/Tashkent",
    "station_type": "low_cost",
    "source": "airgradient",
    "operator": "Almaty Air Initiative",
    "is_active": true
   },
   "geometry": {
    "type": "Point",
    "coordinates": [
     76.971271,
     43.3461
    ]
   }
  },
  {
   "type": "Feature",
   "properties": {
    "station_id": "ag_167254",
    "name": "Ainabulaq (Jumabayev k-si) ",
    "city": "Almaty",
    "region": null,
    "country": "KZ",
    "lat": 43.3238,
    "lon": 76.9111,
    "timezone": "Asia/Tashkent",
    "station_type": "low_cost",
    "source": "airgradient",
    "operator": "Almaty Air Initiative",
    "is_active": true
   },
   "geometry": {
    "type": "Point",
    "coordinates": [
     76.9111,
     43.3238
    ]
   }
  },
  {
   "type": "Feature",
   "properties": {
    "station_id": "ag_167255",
    "name": "Almağül (Serkebaev – Strauss)",
    "city": "Almaty",
    "region": null,
    "country": "KZ",
    "lat": 43.2049,
    "lon": 76.8999,
    "timezone": "Asia/Tashkent",
    "station_type": "low_cost",
    "source": "airgradient",
    "operator": "Almaty Air Initiative",
    "is_active": true
   },
   "geometry": {
    "type": "Point",
    "coordinates": [
     76.8999,
     43.2049
    ]
   }
  },
  {
   "type": "Feature",
   "properties": {
    "station_id": "ag_167256",
    "name": "Wellness Club Luxor ",
    "city": "Almaty",
    "region": null,
    "country": "KZ",
    "lat": 43.2083,
    "lon": 76.96651,
    "timezone": "Asia/Tashkent",
    "station_type": "low_cost",
    "source": "airgradient",
    "operator": "Almaty Air Initiative",
    "is_active": true
   },
   "geometry": {
    "type": "Point",
    "coordinates": [
     76.96651,
     43.2083
    ]
   }
  },
  {
   "type": "Feature",
   "properties": {
    "station_id": "ag_167257",
    "name": "Abai – Seifullin ",
    "city": "Almaty",
    "region": null,
    "country": "KZ",
    "lat": 43.241181,
    "lon": 76.933831,
    "timezone": "Asia/Tashkent",
    "station_type": "low_cost",
    "source": "airgradient",
    "operator": "Almaty Air Initiative",
    "is_active": true
   },
   "geometry": {
    "type": "Point",
    "coordinates": [
     76.933831,
     43.241181
    ]
   }
  },
  {
   "type": "Feature",
   "properties": {
    "station_id": "ag_167258",
    "name": "Kókqaınar auyly, №29 mektep",
    "city": "Almaty",
    "region": null,
    "country": "KZ",
    "lat": 43.450782,
    "lon": 76.943029,
    "timezone": "Asia/Tashkent",
    "station_type": "low_cost",
    "source": "airgradient",
    "operator": "Almaty Air Initiative",
    "is_active": true
   },
   "geometry": {
    "type": "Point",
    "coordinates": [
     76.943029,
     43.450782
    ]
   }
  },
  {
   "type": "Feature",
   "properties": {
    "station_id": "ag_167259",
    "name": "Kerei Janibek k-si – Gornyi t.",
    "city": "Almaty",
    "region": null,
    "country": "KZ",
    "lat": 43.2362,
    "lon": 76.9652,
    "timezone": "Asia/Tashkent",
    "station_type": "low_cost",
    "source": "airgradient",
    "operator": "Almaty Air Initiative",
    "is_active": true
   },
   "geometry": {
    "type": "Point",
    "coordinates": [
     76.9652,
     43.2362
    ]
   }
  },
  {
   "type": "Feature",
   "properties": {
    "station_id": "ag_167263",
    "name": "Ayajan (Talas k-si)",
    "city": "Almaty",
    "region": null,
    "country": "KZ",
    "lat": 43.3179,
    "lon": 76.9374,
    "timezone": "Asia/Tashkent",
    "station_type": "low_cost",
    "source": "airgradient",
    "operator": "Almaty Air Initiative",
    "is_active": true
   },
   "geometry": {
    "type": "Point",
    "coordinates": [
     76.9374,
     43.3179
    ]
   }
  },
  {
   "type": "Feature",
   "properties": {
    "station_id": "ag_167264",
    "name": "Vagjanov - Jansugurov k-si ",
    "city": "Almaty",
    "region": null,
    "country": "KZ",
    "lat": 43.3054,
    "lon": 76.9312,
    "timezone": "Asia/Tashkent",
    "station_type": "low_cost",
    "source": "airgradient",
    "operator": "Almaty Air Initiative",
    "is_active": true
   },
   "geometry": {
    "type": "Point",
    "coordinates": [
     76.9312,
     43.3054
    ]
   }
  },
  {
   "type": "Feature",
   "properties": {
    "station_id": "ag_167265",
    "name": "Jas Qanat",
    "city": "Almaty",
    "region": null,
    "country": "KZ",
    "lat": 43.3251,
    "lon": 76.9866,
    "timezone": "Asia/Tashkent",
    "station_type": "low_cost",
    "source": "airgradient",
    "operator": "Almaty Air Initiative",
    "is_active": true
   },
   "geometry": {
    "type": "Point",
    "coordinates": [
     76.9866,
     43.3251
    ]
   }
  },
  {
   "type": "Feature",
   "properties": {
    "station_id": "ag_167266",
    "name": "Qyzylqaırat , №19 mektep gimnaziya",
    "city": "Almaty",
    "region": null,
    "country": "KZ",
    "lat": 43.303307,
    "lon": 77.185303,
    "timezone": "Asia/Tashkent",
    "station_type": "low_cost",
    "source": "airgradient",
    "operator": "Almaty Air Initiative",
    "is_active": true
   },
   "geometry": {
    "type": "Point",
    "coordinates": [
     77.185303,
     43.303307
    ]
   }
  },
  {
   "type": "Feature",
   "properties": {
    "station_id": "ag_167267",
    "name": "№163 litsei",
    "city": "Almaty",
    "region": null,
    "country": "KZ",
    "lat": 43.2204,
    "lon": 76.9544,
    "timezone": "Asia/Tashkent",
    "station_type": "low_cost",
    "source": "airgradient",
    "operator": "Almaty Air Initiative",
    "is_active": true
   },
   "geometry": {
    "type": "Point",
    "coordinates": [
     76.9544,
     43.2204
    ]
   }
  },
  {
   "type": "Feature",
   "properties": {
    "station_id": "ag_167269",
    "name": "Hunter shooting club",
    "city": "Almaty",
    "region": null,
    "country": "KZ",
    "lat": 43.383170386230546,
    "lon": 76.98219747156817,
    "timezone": "Asia/Tashkent",
    "station_type": "low_cost",
    "source": "airgradient",
    "operator": "Almaty Air Initiative",
    "is_active": true
   },
   "geometry": {
    "type": "Point",
    "coordinates": [
     76.98219747156817,
     43.383170386230546
    ]
   }
  },
  {
   "type": "Feature",
   "properties": {
    "station_id": "ag_167270",
    "name": "Altai 2",
    "city": "Almaty",
    "region": null,
    "country": "KZ",
    "lat": 43.3503,
    "lon": 76.9888,
    "timezone": "Asia/Tashkent",
    "station_type": "low_cost",
    "source": "airgradient",
    "operator": "Almaty Air Initiative",
    "is_active": true
   },
   "geometry": {
    "type": "Point",
    "coordinates": [
     76.9888,
     43.3503
    ]
   }
  },
  {
   "type": "Feature",
   "properties": {
    "station_id": "ag_167271",
    "name": "Sharipov St.- Raimbek St. cross",
    "city": "Almaty",
    "region": null,
    "country": "KZ",
    "lat": 43.2456,
    "lon": 76.8348,
    "timezone": "Asia/Tashkent",
    "station_type": "low_cost",
    "source": "airgradient",
    "operator": "Almaty Air Initiative",
    "is_active": true
   },
   "geometry": {
    "type": "Point",
    "coordinates": [
     76.8348,
     43.2456
    ]
   }
  },
  {
   "type": "Feature",
   "properties": {
    "station_id": "ag_167415",
    "name": "Turğyt Özal – Yesenzhanov",
    "city": "Almaty",
    "region": null,
    "country": "KZ",
    "lat": 43.2406,
    "lon": 76.8824,
    "timezone": "Asia/Tashkent",
    "station_type": "low_cost",
    "source": "airgradient",
    "operator": "Almaty Air Initiative",
    "is_active": true
   },
   "geometry": {
    "type": "Point",
    "coordinates": [
     76.8824,
     43.2406
    ]
   }
  },
  {
   "type": "Feature",
   "properties": {
    "station_id": "ag_167417",
    "name": "Jambyl – Nurmaqov",
    "city": "Almaty",
    "region": null,
    "country": "KZ",
    "lat": 43.2452,
    "lon": 76.9075,
    "timezone": "Asia/Tashkent",
    "station_type": "low_cost",
    "source": "airgradient",
    "operator": "Almaty Air Initiative",
    "is_active": true
   },
   "geometry": {
    "type": "Point",
    "coordinates": [
     76.9075,
     43.2452
    ]
   }
  },
  {
   "type": "Feature",
   "properties": {
    "station_id": "ag_167418",
    "name": "№170 Böbekjai balabaqşasy",
    "city": "Almaty",
    "region": null,
    "country": "KZ",
    "lat": 43.3115,
    "lon": 76.9015,
    "timezone": "Asia/Tashkent",
    "station_type": "low_cost",
    "source": "airgradient",
    "operator": "Almaty Air Initiative",
    "is_active": true
   },
   "geometry": {
    "type": "Point",
    "coordinates": [
     76.9015,
     43.3115
    ]
   }
  },
  {
   "type": "Feature",
   "properties": {
    "station_id": "ag_167419",
    "name": "Tastybulaq (Kazgiprozem)",
    "city": "Almaty",
    "region": null,
    "country": "KZ",
    "lat": 43.1729,
    "lon": 76.8154,
    "timezone": "Asia/Tashkent",
    "station_type": "low_cost",
    "source": "airgradient",
    "operator": "Almaty Air Initiative",
    "is_active": true
   },
   "geometry": {
    "type": "Point",
    "coordinates": [
     76.8154,
     43.1729
    ]
   }
  },
  {
   "type": "Feature",
   "properties": {
    "station_id": "ag_167420",
    "name": "Duman (Arys k-si) ",
    "city": "Almaty",
    "region": null,
    "country": "KZ",
    "lat": 43.2777,
    "lon": 77.0055,
    "timezone": "Asia/Tashkent",
    "station_type": "low_cost",
    "source": "airgradient",
    "operator": "Almaty Air Initiative",
    "is_active": true
   },
   "geometry": {
    "type": "Point",
    "coordinates": [
     77.0055,
     43.2777
    ]
   }
  },
  {
   "type": "Feature",
   "properties": {
    "station_id": "ag_167422",
    "name": "Belbulak, №32 mektep",
    "city": "Almaty",
    "region": null,
    "country": "KZ",
    "lat": 43.3121,
    "lon": 77.098,
    "timezone": "Asia/Tashkent",
    "station_type": "low_cost",
    "source": "airgradient",
    "operator": "Almaty Air Initiative",
    "is_active": true
   },
   "geometry": {
    "type": "Point",
    "coordinates": [
     77.098,
     43.3121
    ]
   }
  },
  {
   "type": "Feature",
   "properties": {
    "station_id": "ag_167423",
    "name": "Asqarov k-si",
    "city": "Almaty",
    "region": null,
    "country": "KZ",
    "lat": 43.1952,
    "lon": 76.8645,
    "timezone": "Asia/Tashkent",
    "station_type": "low_cost",
    "source": "airgradient",
    "operator": "Almaty Air Initiative",
    "is_active": true
   },
   "geometry": {
    "type": "Point",
    "coordinates": [
     76.8645,
     43.1952
    ]
   }
  },
  {
   "type": "Feature",
   "properties": {
    "station_id": "ag_167424",
    "name": "5-şi şağyn audan ",
    "city": "Almaty",
    "region": null,
    "country": "KZ",
    "lat": 43.2337,
    "lon": 76.8642,
    "timezone": "Asia/Tashkent",
    "station_type": "low_cost",
    "source": "airgradient",
    "operator": "Almaty Air Initiative",
    "is_active": true
   },
   "geometry": {
    "type": "Point",
    "coordinates": [
     76.8642,
     43.2337
    ]
   }
  },
  {
   "type": "Feature",
   "properties": {
    "station_id": "ag_167428",
    "name": "Şanyraq 2 (Baldáuren k-si) ",
    "city": "Almaty",
    "region": null,
    "country": "KZ",
    "lat": 43.2904,
    "lon": 76.8507,
    "timezone": "Asia/Tashkent",
    "station_type": "low_cost",
    "source": "airgradient",
    "operator": "Almaty Air Initiative",
    "is_active": true
   },
   "geometry": {
    "type": "Point",
    "coordinates": [
     76.8507,
     43.2904
    ]
   }
  },
  {
   "type": "Feature",
   "properties": {
    "station_id": "ag_167430",
    "name": "AKPTiT kolledj ",
    "city": "Almaty",
    "region": null,
    "country": "KZ",
    "lat": 43.3958,
    "lon": 76.9865,
    "timezone": "Asia/Tashkent",
    "station_type": "low_cost",
    "source": "airgradient",
    "operator": "Almaty Air Initiative",
    "is_active": true
   },
   "geometry": {
    "type": "Point",
    "coordinates": [
     76.9865,
     43.3958
    ]
   }
  },
  {
   "type": "Feature",
   "properties": {
    "station_id": "ag_167431",
    "name": "Samğau ş.a. (Kokorai k-si) ",
    "city": "Almaty",
    "region": null,
    "country": "KZ",
    "lat": 43.2706,
    "lon": 76.8612,
    "timezone": "Asia/Tashkent",
    "station_type": "low_cost",
    "source": "airgradient",
    "operator": "Almaty Air Initiative",
    "is_active": true
   },
   "geometry": {
    "type": "Point",
    "coordinates": [
     76.8612,
     43.2706
    ]
   }
  },
  {
   "type": "Feature",
   "properties": {
    "station_id": "ag_167432",
    "name": "Qazybek bi – Nurmaqov",
    "city": "Almaty",
    "region": null,
    "country": "KZ",
    "lat": 43.2537,
    "lon": 76.9064,
    "timezone": "Asia/Tashkent",
    "station_type": "low_cost",
    "source": "airgradient",
    "operator": "Almaty Air Initiative",
    "is_active": true
   },
   "geometry": {
    "type": "Point",
    "coordinates": [
     76.9064,
     43.2537
    ]
   }
  },
  {
   "type": "Feature",
   "properties": {
    "station_id": "ag_167433",
    "name": "Sairan (Ötegen batyr k-si)",
    "city": "Almaty",
    "region": null,
    "country": "KZ",
    "lat": 43.2414,
    "lon": 76.8608,
    "timezone": "Asia/Tashkent",
    "station_type": "low_cost",
    "source": "airgradient",
    "operator": "Almaty Air Initiative",
    "is_active": true
   },
   "geometry": {
    "type": "Point",
    "coordinates": [
     76.8608,
     43.2414
    ]
   }
  },
  {
   "type": "Feature",
   "properties": {
    "station_id": "ag_167435",
    "name": "Süyinbai 487",
    "city": "Almaty",
    "region": null,
    "country": "KZ",
    "lat": 43.358233,
    "lon": 76.97941,
    "timezone": "Asia/Tashkent",
    "station_type": "low_cost",
    "source": "airgradient",
    "operator": "Almaty Air Initiative",
    "is_active": true
   },
   "geometry": {
    "type": "Point",
    "coordinates": [
     76.97941,
     43.358233
    ]
   }
  },
  {
   "type": "Feature",
   "properties": {
    "station_id": "ag_167436",
    "name": "Qazaqfilm (Baiydosov k-si)",
    "city": "Almaty",
    "region": null,
    "country": "KZ",
    "lat": 43.1933,
    "lon": 76.9035,
    "timezone": "Asia/Tashkent",
    "station_type": "low_cost",
    "source": "airgradient",
    "operator": "Almaty Air Initiative",
    "is_active": true
   },
   "geometry": {
    "type": "Point",
    "coordinates": [
     76.9035,
     43.1933
    ]
   }
  },
  {
   "type": "Feature",
   "properties": {
    "station_id": "ag_167437",
    "name": "Aqbulaq (Baiqonyrov k-si) ",
    "city": "Almaty",
    "region": null,
    "country": "KZ",
    "lat": 43.2636,
    "lon": 76.8336,
    "timezone": "Asia/Tashkent",
    "station_type": "low_cost",
    "source": "airgradient",
    "operator": "Almaty Air Initiative",
    "is_active": true
   },
   "geometry": {
    "type": "Point",
    "coordinates": [
     76.8336,
     43.2636
    ]
   }
  },
  {
   "type": "Feature",
   "properties": {
    "station_id": "ag_167580",
    "name": "№12 Qalalyq emhana",
    "city": "Almaty",
    "region": null,
    "country": "KZ",
    "lat": 43.2355,
    "lon": 76.9113,
    "timezone": "Asia/Tashkent",
    "station_type": "low_cost",
    "source": "airgradient",
    "operator": "Almaty Air Initiative",
    "is_active": true
   },
   "geometry": {
    "type": "Point",
    "coordinates": [
     76.9113,
     43.2355
    ]
   }
  },
  {
   "type": "Feature",
   "properties": {
    "station_id": "ag_167583",
    "name": "Malaya Stanitsa (Bestujev k-si)",
    "city": "Almaty",
    "region": null,
    "country": "KZ",
    "lat": 43.281123,
    "lon": 76.970665,
    "timezone": "Asia/Tashkent",
    "station_type": "low_cost",
    "source": "airgradient",
    "operator": "Almaty Air Initiative",
    "is_active": true
   },
   "geometry": {
    "type": "Point",
    "coordinates": [
     76.970665,
     43.281123
    ]
   }
  },
  {
   "type": "Feature",
   "properties": {
    "station_id": "ag_167584",
    "name": "GATOB",
    "city": "Almaty",
    "region": null,
    "country": "KZ",
    "lat": 43.2497,
    "lon": 76.9458,
    "timezone": "Asia/Tashkent",
    "station_type": "low_cost",
    "source": "airgradient",
    "operator": "Almaty Air Initiative",
    "is_active": true
   },
   "geometry": {
    "type": "Point",
    "coordinates": [
     76.9458,
     43.2497
    ]
   }
  },
  {
   "type": "Feature",
   "properties": {
    "station_id": "ag_167585",
    "name": "QazTSIK, №40 mektep",
    "city": "Almaty",
    "region": null,
    "country": "KZ",
    "lat": 43.3782,
    "lon": 76.8364,
    "timezone": "Asia/Tashkent",
    "station_type": "low_cost",
    "source": "airgradient",
    "operator": "Almaty Air Initiative",
    "is_active": true
   },
   "geometry": {
    "type": "Point",
    "coordinates": [
     76.8364,
     43.3782
    ]
   }
  },
  {
   "type": "Feature",
   "properties": {
    "station_id": "ag_167586",
    "name": "Tuıimebaev auyly, №19 mektep ",
    "city": "Almaty",
    "region": null,
    "country": "KZ",
    "lat": 43.4134,
    "lon": 76.914,
    "timezone": "Asia/Tashkent",
    "station_type": "low_cost",
    "source": "airgradient",
    "operator": "Almaty Air Initiative",
    "is_active": true
   },
   "geometry": {
    "type": "Point",
    "coordinates": [
     76.914,
     43.4134
    ]
   }
  },
  {
   "type": "Feature",
   "properties": {
    "station_id": "ag_167588",
    "name": "Prezident sayabağı",
    "city": "Almaty",
    "region": null,
    "country": "KZ",
    "lat": 43.1944,
    "lon": 76.8876,
    "timezone": "Asia/Tashkent",
    "station_type": "low_cost",
    "source": "airgradient",
    "operator": "Almaty Air Initiative",
    "is_active": true
   },
   "geometry": {
    "type": "Point",
    "coordinates": [
     76.8876,
     43.1944
    ]
   }
  },
  {
   "type": "Feature",
   "properties": {
    "station_id": "ag_167589",
    "name": "Qalalyq kardiologiya ortalyğı",
    "city": "Almaty",
    "region": null,
    "country": "KZ",
    "lat": 43.2536,
    "lon": 76.9283,
    "timezone": "Asia/Tashkent",
    "station_type": "low_cost",
    "source": "airgradient",
    "operator": "Almaty Air Initiative",
    "is_active": true
   },
   "geometry": {
    "type": "Point",
    "coordinates": [
     76.9283,
     43.2536
    ]
   }
  },
  {
   "type": "Feature",
   "properties": {
    "station_id": "ag_167590",
    "name": "№86 mektep-gimnaziya",
    "city": "Almaty",
    "region": null,
    "country": "KZ",
    "lat": 43.219879,
    "lon": 76.859159,
    "timezone": "Asia/Tashkent",
    "station_type": "low_cost",
    "source": "airgradient",
    "operator": "Almaty Air Initiative",
    "is_active": true
   },
   "geometry": {
    "type": "Point",
    "coordinates": [
     76.859159,
     43.219879
    ]
   }
  },
  {
   "type": "Feature",
   "properties": {
    "station_id": "ag_167591",
    "name": "SDU",
    "city": "Almaty",
    "region": null,
    "country": "KZ",
    "lat": 43.208174,
    "lon": 76.668446,
    "timezone": "Asia/Tashkent",
    "station_type": "low_cost",
    "source": "airgradient",
    "operator": "Almaty Air Initiative",
    "is_active": true
   },
   "geometry": {
    "type": "Point",
    "coordinates": [
     76.668446,
     43.208174
    ]
   }
  },
  {
   "type": "Feature",
   "properties": {
    "station_id": "ag_167592",
    "name": "Mamyr 1",
    "city": "Almaty",
    "region": null,
    "country": "KZ",
    "lat": 43.2114,
    "lon": 76.8434,
    "timezone": "Asia/Tashkent",
    "station_type": "low_cost",
    "source": "airgradient",
    "operator": "Almaty Air Initiative",
    "is_active": true
   },
   "geometry": {
    "type": "Point",
    "coordinates": [
     76.8434,
     43.2114
    ]
   }
  },
  {
   "type": "Feature",
   "properties": {
    "station_id": "ag_167593",
    "name": "№4 Qalalyq emhana (Orbita 3)",
    "city": "Almaty",
    "region": null,
    "country": "KZ",
    "lat": 43.2019,
    "lon": 76.8766,
    "timezone": "Asia/Tashkent",
    "station_type": "low_cost",
    "source": "airgradient",
    "operator": "Almaty Air Initiative",
    "is_active": true
   },
   "geometry": {
    "type": "Point",
    "coordinates": [
     76.8766,
     43.2019
    ]
   }
  },
  {
   "type": "Feature",
   "properties": {
    "station_id": "ag_167594",
    "name": "№178 mektep",
    "city": "Almaty",
    "region": null,
    "country": "KZ",
    "lat": 43.2499,
    "lon": 76.8143,
    "timezone": "Asia/Tashkent",
    "station_type": "low_cost",
    "source": "airgradient",
    "operator": "Almaty Air Initiative",
    "is_active": true
   },
   "geometry": {
    "type": "Point",
    "coordinates": [
     76.8143,
     43.2499
    ]
   }
  },
  {
   "type": "Feature",
   "properties": {
    "station_id": "ag_167595",
    "name": "Narxoz University ",
    "city": "Almaty",
    "region": null,
    "country": "KZ",
    "lat": 43.214577,
    "lon": 76.871985,
    "timezone": "Asia/Tashkent",
    "station_type": "low_cost",
    "source": "airgradient",
    "operator": "Almaty Air Initiative",
    "is_active": true
   },
   "geometry": {
    "type": "Point",
    "coordinates": [
     76.871985,
     43.214577
    ]
   }
  },
  {
   "type": "Feature",
   "properties": {
    "station_id": "ag_167596",
    "name": "Ońtústik saıabaǵy | MOST hub ",
    "city": "Almaty",
    "region": null,
    "country": "KZ",
    "lat": 43.2103,
    "lon": 76.9083,
    "timezone": "Asia/Tashkent",
    "station_type": "low_cost",
    "source": "airgradient",
    "operator": "Almaty Air Initiative",
    "is_active": true
   },
   "geometry": {
    "type": "Point",
    "coordinates": [
     76.9083,
     43.2103
    ]
   }
  },
  {
   "type": "Feature",
   "properties": {
    "station_id": "ag_167597",
    "name": "№42 mektep",
    "city": "Almaty",
    "region": null,
    "country": "KZ",
    "lat": 43.2373,
    "lon": 76.8333,
    "timezone": "Asia/Tashkent",
    "station_type": "low_cost",
    "source": "airgradient",
    "operator": "Almaty Air Initiative",
    "is_active": true
   },
   "geometry": {
    "type": "Point",
    "coordinates": [
     76.8333,
     43.2373
    ]
   }
  },
  {
   "type": "Feature",
   "properties": {
    "station_id": "ag_167598",
    "name": "№116 mektep",
    "city": "Almaty",
    "region": null,
    "country": "KZ",
    "lat": 43.2255,
    "lon": 76.8685,
    "timezone": "Asia/Tashkent",
    "station_type": "low_cost",
    "source": "airgradient",
    "operator": "Almaty Air Initiative",
    "is_active": true
   },
   "geometry": {
    "type": "Point",
    "coordinates": [
     76.8685,
     43.2255
    ]
   }
  },
  {
   "type": "Feature",
   "properties": {
    "station_id": "ag_167600",
    "name": "Baıkent, №10 orta mektep",
    "city": "Almaty",
    "region": null,
    "country": "KZ",
    "lat": 43.474545,
    "lon": 76.807185,
    "timezone": "Asia/Tashkent",
    "station_type": "low_cost",
    "source": "airgradient",
    "operator": "Almaty Air Initiative",
    "is_active": true
   },
   "geometry": {
    "type": "Point",
    "coordinates": [
     76.807185,
     43.474545
    ]
   }
  },
  {
   "type": "Feature",
   "properties": {
    "station_id": "ag_167601",
    "name": "Kyrgauyldy auyly, Orta mektep",
    "city": "Almaty",
    "region": null,
    "country": "KZ",
    "lat": 43.1793,
    "lon": 76.7701,
    "timezone": "Asia/Tashkent",
    "station_type": "low_cost",
    "source": "airgradient",
    "operator": "Almaty Air Initiative",
    "is_active": true
   },
   "geometry": {
    "type": "Point",
    "coordinates": [
     76.7701,
     43.1793
    ]
   }
  },
  {
   "type": "Feature",
   "properties": {
    "station_id": "ag_167602",
    "name": "№47 mektep",
    "city": "Almaty",
    "region": null,
    "country": "KZ",
    "lat": 43.1919,
    "lon": 76.9681,
    "timezone": "Asia/Tashkent",
    "station_type": "low_cost",
    "source": "airgradient",
    "operator": "Almaty Air Initiative",
    "is_active": true
   },
   "geometry": {
    "type": "Point",
    "coordinates": [
     76.9681,
     43.1919
    ]
   }
  },
  {
   "type": "Feature",
   "properties": {
    "station_id": "ag_167604",
    "name": "Almaty oblystyq №1 balalar uyi",
    "city": "Almaty",
    "region": null,
    "country": "KZ",
    "lat": 43.201,
    "lon": 76.9136,
    "timezone": "Asia/Tashkent",
    "station_type": "low_cost",
    "source": "airgradient",
    "operator": "Almaty Air Initiative",
    "is_active": true
   },
   "geometry": {
    "type": "Point",
    "coordinates": [
     76.9136,
     43.201
    ]
   }
  },
  {
   "type": "Feature",
   "properties": {
    "station_id": "ag_167605",
    "name": "Qoşmambet orta mektebi",
    "city": "Almaty",
    "region": null,
    "country": "KZ",
    "lat": 43.3322,
    "lon": 76.6498,
    "timezone": "Asia/Tashkent",
    "station_type": "low_cost",
    "source": "airgradient",
    "operator": "Almaty Air Initiative",
    "is_active": true
   },
   "geometry": {
    "type": "Point",
    "coordinates": [
     76.6498,
     43.3322
    ]
   }
  },
  {
   "type": "Feature",
   "properties": {
    "station_id": "ag_167606",
    "name": "№190 mektep ",
    "city": "Almaty",
    "region": null,
    "country": "KZ",
    "lat": 43.1573,
    "lon": 76.9017,
    "timezone": "Asia/Tashkent",
    "station_type": "low_cost",
    "source": "airgradient",
    "operator": "Almaty Air Initiative",
    "is_active": true
   },
   "geometry": {
    "type": "Point",
    "coordinates": [
     76.9017,
     43.1573
    ]
   }
  },
  {
   "type": "Feature",
   "properties": {
    "station_id": "ag_167607",
    "name": "Irgeli, orta mektep",
    "city": "Almaty",
    "region": null,
    "country": "KZ",
    "lat": 43.2421,
    "lon": 76.7622,
    "timezone": "Asia/Tashkent",
    "station_type": "low_cost",
    "source": "airgradient",
    "operator": "Almaty Air Initiative",
    "is_active": true
   },
   "geometry": {
    "type": "Point",
    "coordinates": [
     76.7622,
     43.2421
    ]
   }
  },
  {
   "type": "Feature",
   "properties": {
    "station_id": "ag_167608",
    "name": "Ermensai (Araily k-si)",
    "city": "Almaty",
    "region": null,
    "country": "KZ",
    "lat": 43.1885,
    "lon": 76.9304,
    "timezone": "Asia/Tashkent",
    "station_type": "low_cost",
    "source": "airgradient",
    "operator": "Almaty Air Initiative",
    "is_active": true
   },
   "geometry": {
    "type": "Point",
    "coordinates": [
     76.9304,
     43.1885
    ]
   }
  },
  {
   "type": "Feature",
   "properties": {
    "station_id": "ag_167610",
    "name": "Alatau kenti (Jetbaev k-si)",
    "city": "Almaty",
    "region": null,
    "country": "KZ",
    "lat": 43.3615,
    "lon": 77.1367,
    "timezone": "Asia/Tashkent",
    "station_type": "low_cost",
    "source": "airgradient",
    "operator": "Almaty Air Initiative",
    "is_active": true
   },
   "geometry": {
    "type": "Point",
    "coordinates": [
     77.1367,
     43.3615
    ]
   }
  },
  {
   "type": "Feature",
   "properties": {
    "station_id": "ag_167613",
    "name": "Tuzdybastau, №13 mektep ",
    "city": "Almaty",
    "region": null,
    "country": "KZ",
    "lat": 43.3239,
    "lon": 77.0644,
    "timezone": "Asia/Tashkent",
    "station_type": "low_cost",
    "source": "airgradient",
    "operator": "Almaty Air Initiative",
    "is_active": true
   },
   "geometry": {
    "type": "Point",
    "coordinates": [
     77.0644,
     43.3239
    ]
   }
  },
  {
   "type": "Feature",
   "properties": {
    "station_id": "ag_167614",
    "name": "Al Farabi Universiteti",
    "city": "Almaty",
    "region": null,
    "country": "KZ",
    "lat": 43.2267,
    "lon": 76.9217,
    "timezone": "Asia/Tashkent",
    "station_type": "low_cost",
    "source": "airgradient",
    "operator": "Almaty Air Initiative",
    "is_active": true
   },
   "geometry": {
    "type": "Point",
    "coordinates": [
     76.9217,
     43.2267
    ]
   }
  },
  {
   "type": "Feature",
   "properties": {
    "station_id": "ag_167615",
    "name": "№7 Su Elektr Stansiäsy",
    "city": "Almaty",
    "region": null,
    "country": "KZ",
    "lat": 43.1658,
    "lon": 76.8962,
    "timezone": "Asia/Tashkent",
    "station_type": "low_cost",
    "source": "airgradient",
    "operator": "Almaty Air Initiative",
    "is_active": true
   },
   "geometry": {
    "type": "Point",
    "coordinates": [
     76.8962,
     43.1658
    ]
   }
  },
  {
   "type": "Feature",
   "properties": {
    "station_id": "ag_167616",
    "name": "№63 orta mektep",
    "city": "Almaty",
    "region": null,
    "country": "KZ",
    "lat": 43.2169,
    "lon": 76.8901,
    "timezone": "Asia/Tashkent",
    "station_type": "low_cost",
    "source": "airgradient",
    "operator": "Almaty Air Initiative",
    "is_active": true
   },
   "geometry": {
    "type": "Point",
    "coordinates": [
     76.8901,
     43.2169
    ]
   }
  },
  {
   "type": "Feature",
   "properties": {
    "station_id": "ag_167617",
    "name": "Gūldala, №21 mektep",
    "city": "Almaty",
    "region": null,
    "country": "KZ",
    "lat": 43.3516,
    "lon": 77.0573,
    "timezone": "Asia/Tashkent",
    "station_type": "low_cost",
    "source": "airgradient",
    "operator": "Almaty Air Initiative",
    "is_active": true
   },
   "geometry": {
    "type": "Point",
    "coordinates": [
     77.0573,
     43.3516
    ]
   }
  },
  {
   "type": "Feature",
   "properties": {
    "station_id": "ag_167618",
    "name": "Ortalyq demalys sayabağy",
    "city": "Almaty",
    "region": null,
    "country": "KZ",
    "lat": 43.2645,
    "lon": 76.9727,
    "timezone": "Asia/Tashkent",
    "station_type": "low_cost",
    "source": "airgradient",
    "operator": "Almaty Air Initiative",
    "is_active": true
   },
   "geometry": {
    "type": "Point",
    "coordinates": [
     76.9727,
     43.2645
    ]
   }
  },
  {
   "type": "Feature",
   "properties": {
    "station_id": "ag_167619",
    "name": "Tereńqur ",
    "city": "Almaty",
    "region": null,
    "country": "KZ",
    "lat": 43.2179,
    "lon": 76.9693,
    "timezone": "Asia/Tashkent",
    "station_type": "low_cost",
    "source": "airgradient",
    "operator": "Almaty Air Initiative",
    "is_active": true
   },
   "geometry": {
    "type": "Point",
    "coordinates": [
     76.9693,
     43.2179
    ]
   }
  },
  {
   "type": "Feature",
   "properties": {
    "station_id": "ag_167620",
    "name": "Perzenthana (Basenov 2a)",
    "city": "Almaty",
    "region": null,
    "country": "KZ",
    "lat": 43.2221,
    "lon": 76.8994,
    "timezone": "Asia/Tashkent",
    "station_type": "low_cost",
    "source": "airgradient",
    "operator": "Almaty Air Initiative",
    "is_active": true
   },
   "geometry": {
    "type": "Point",
    "coordinates": [
     76.8994,
     43.2221
    ]
   }
  },
  {
   "type": "Feature",
   "properties": {
    "station_id": "ag_167621",
    "name": "Shamalǵan, Tleubaev atyndaǵy mektep",
    "city": "Almaty",
    "region": null,
    "country": "KZ",
    "lat": 43.374,
    "lon": 76.6266,
    "timezone": "Asia/Tashkent",
    "station_type": "low_cost",
    "source": "airgradient",
    "operator": "Almaty Air Initiative",
    "is_active": true
   },
   "geometry": {
    "type": "Point",
    "coordinates": [
     76.6266,
     43.374
    ]
   }
  },
  {
   "type": "Feature",
   "properties": {
    "station_id": "ag_167622",
    "name": "Bereke auyly, Beisebaev atyndaǵy orta mektep",
    "city": "Almaty",
    "region": null,
    "country": "KZ",
    "lat": 43.3711,
    "lon": 76.7114,
    "timezone": "Asia/Tashkent",
    "station_type": "low_cost",
    "source": "airgradient",
    "operator": "Almaty Air Initiative",
    "is_active": true
   },
   "geometry": {
    "type": "Point",
    "coordinates": [
     76.7114,
     43.3711
    ]
   }
  },
  {
   "type": "Feature",
   "properties": {
    "station_id": "ag_167623",
    "name": "Qaskelen, Belinskiı atyndaǵy mektep",
    "city": "Almaty",
    "region": null,
    "country": "KZ",
    "lat": 43.1952,
    "lon": 76.6209,
    "timezone": "Asia/Tashkent",
    "station_type": "low_cost",
    "source": "airgradient",
    "operator": "Almaty Air Initiative",
    "is_active": true
   },
   "geometry": {
    "type": "Point",
    "coordinates": [
     76.6209,
     43.1952
    ]
   }
  },
  {
   "type": "Feature",
   "properties": {
    "station_id": "ag_167630",
    "name": "№153 mektep-gimnaziya",
    "city": "Almaty",
    "region": null,
    "country": "KZ",
    "lat": 43.2209,
    "lon": 76.8362,
    "timezone": "Asia/Tashkent",
    "station_type": "low_cost",
    "source": "airgradient",
    "operator": "Almaty Air Initiative",
    "is_active": true
   },
   "geometry": {
    "type": "Point",
    "coordinates": [
     76.8362,
     43.2209
    ]
   }
  },
  {
   "type": "Feature",
   "properties": {
    "station_id": "ag_167632",
    "name": "Bökeikhanov – Aerodromnyi t. k-si",
    "city": "Almaty",
    "region": null,
    "country": "KZ",
    "lat": 43.274,
    "lon": 76.9108,
    "timezone": "Asia/Tashkent",
    "station_type": "low_cost",
    "source": "airgradient",
    "operator": "Almaty Air Initiative",
    "is_active": true
   },
   "geometry": {
    "type": "Point",
    "coordinates": [
     76.9108,
     43.274
    ]
   }
  },
  {
   "type": "Feature",
   "properties": {
    "station_id": "ag_167633",
    "name": "Raiymbek - Jangeldin",
    "city": "Almaty",
    "region": null,
    "country": "KZ",
    "lat": 43.2714,
    "lon": 76.9568,
    "timezone": "Asia/Tashkent",
    "station_type": "low_cost",
    "source": "airgradient",
    "operator": "Almaty Air Initiative",
    "is_active": true
   },
   "geometry": {
    "type": "Point",
    "coordinates": [
     76.9568,
     43.2714
    ]
   }
  },
  {
   "type": "Feature",
   "properties": {
    "station_id": "ag_167634",
    "name": "Kensai (Şoqai k-si)",
    "city": "Almaty",
    "region": null,
    "country": "KZ",
    "lat": 43.2662,
    "lon": 76.986,
    "timezone": "Asia/Tashkent",
    "station_type": "low_cost",
    "source": "airgradient",
    "operator": "Almaty Air Initiative",
    "is_active": true
   },
   "geometry": {
    "type": "Point",
    "coordinates": [
     76.986,
     43.2662
    ]
   }
  },
  {
   "type": "Feature",
   "properties": {
    "station_id": "ag_167635",
    "name": "Jañaturmys (Altynsarin k-si)",
    "city": "Almaty",
    "region": null,
    "country": "KZ",
    "lat": 43.174919,
    "lon": 76.788939,
    "timezone": "Asia/Tashkent",
    "station_type": "low_cost",
    "source": "airgradient",
    "operator": "Almaty Air Initiative",
    "is_active": true
   },
   "geometry": {
    "type": "Point",
    "coordinates": [
     76.788939,
     43.174919
    ]
   }
  },
  {
   "type": "Feature",
   "properties": {
    "station_id": "ag_167637",
    "name": "№142 mektep",
    "city": "Almaty",
    "region": null,
    "country": "KZ",
    "lat": 43.3611,
    "lon": 76.9966,
    "timezone": "Asia/Tashkent",
    "station_type": "low_cost",
    "source": "airgradient",
    "operator": "Almaty Air Initiative",
    "is_active": true
   },
   "geometry": {
    "type": "Point",
    "coordinates": [
     76.9966,
     43.3611
    ]
   }
  },
  {
   "type": "Feature",
   "properties": {
    "station_id": "ag_167638",
    "name": "Kiši Baıserke, №40 mektep",
    "city": "Almaty",
    "region": null,
    "country": "KZ",
    "lat": 43.4877,
    "lon": 77.0611,
    "timezone": "Asia/Tashkent",
    "station_type": "low_cost",
    "source": "airgradient",
    "operator": "Almaty Air Initiative",
    "is_active": true
   },
   "geometry": {
    "type": "Point",
    "coordinates": [
     77.0611,
     43.4877
    ]
   }
  },
  {
   "type": "Feature",
   "properties": {
    "station_id": "ag_167639",
    "name": "№85 mektep ",
    "city": "Almaty",
    "region": null,
    "country": "KZ",
    "lat": 43.3549,
    "lon": 76.9524,
    "timezone": "Asia/Tashkent",
    "station_type": "low_cost",
    "source": "airgradient",
    "operator": "Almaty Air Initiative",
    "is_active": true
   },
   "geometry": {
    "type": "Point",
    "coordinates": [
     76.9524,
     43.3549
    ]
   }
  },
  {
   "type": "Feature",
   "properties": {
    "station_id": "ag_167641",
    "name": "№61 mektep",
    "city": "Almaty",
    "region": null,
    "country": "KZ",
    "lat": 43.3299,
    "lon": 76.9477,
    "timezone": "Asia/Tashkent",
    "station_type": "low_cost",
    "source": "airgradient",
    "operator": "Almaty Air Initiative",
    "is_active": true
   },
   "geometry": {
    "type": "Point",
    "coordinates": [
     76.9477,
     43.3299
    ]
   }
  },
  {
   "type": "Feature",
   "properties": {
    "station_id": "ag_167642",
    "name": "Almaty şipazhaiy",
    "city": "Almaty",
    "region": null,
    "country": "KZ",
    "lat": 43.1759,
    "lon": 76.8726,
    "timezone": "Asia/Tashkent",
    "station_type": "low_cost",
    "source": "airgradient",
    "operator": "Almaty Air Initiative",
    "is_active": true
   },
   "geometry": {
    "type": "Point",
    "coordinates": [
     76.8726,
     43.1759
    ]
   }
  },
  {
   "type": "Feature",
   "properties": {
    "station_id": "ag_167643",
    "name": "№170 mektep",
    "city": "Almaty",
    "region": null,
    "country": "KZ",
    "lat": 43.3364,
    "lon": 76.9775,
    "timezone": "Asia/Tashkent",
    "station_type": "low_cost",
    "source": "airgradient",
    "operator": "Almaty Air Initiative",
    "is_active": true
   },
   "geometry": {
    "type": "Point",
    "coordinates": [
     76.9775,
     43.3364
    ]
   }
  },
  {
   "type": "Feature",
   "properties": {
    "station_id": "ag_167644",
    "name": "Rahat Konditerlik fabrikasy",
    "city": "Almaty",
    "region": null,
    "country": "KZ",
    "lat": 43.263037,
    "lon": 76.957877,
    "timezone": "Asia/Tashkent",
    "station_type": "low_cost",
    "source": "airgradient",
    "operator": "Almaty Air Initiative",
    "is_active": true
   },
   "geometry": {
    "type": "Point",
    "coordinates": [
     76.957877,
     43.263037
    ]
   }
  },
  {
   "type": "Feature",
   "properties": {
    "station_id": "ag_167645",
    "name": "№98 mektep",
    "city": "Almaty",
    "region": null,
    "country": "KZ",
    "lat": 43.2886,
    "lon": 76.9765,
    "timezone": "Asia/Tashkent",
    "station_type": "low_cost",
    "source": "airgradient",
    "operator": "Almaty Air Initiative",
    "is_active": true
   },
   "geometry": {
    "type": "Point",
    "coordinates": [
     76.9765,
     43.2886
    ]
   }
  },
  {
   "type": "Feature",
   "properties": {
    "station_id": "ag_167646",
    "name": "№16 äskeri qalaşıq (Süyinbai d.)",
    "city": "Almaty",
    "region": null,
    "country": "KZ",
    "lat": 43.3695,
    "lon": 76.9869,
    "timezone": "Asia/Tashkent",
    "station_type": "low_cost",
    "source": "airgradient",
    "operator": "Almaty Air Initiative",
    "is_active": true
   },
   "geometry": {
    "type": "Point",
    "coordinates": [
     76.9869,
     43.3695
    ]
   }
  },
  {
   "type": "Feature",
   "properties": {
    "station_id": "ag_167647",
    "name": "№11 orta mektep",
    "city": "Almaty",
    "region": null,
    "country": "KZ",
    "lat": 43.3454,
    "lon": 76.9588,
    "timezone": "Asia/Tashkent",
    "station_type": "low_cost",
    "source": "airgradient",
    "operator": "Almaty Air Initiative",
    "is_active": true
   },
   "geometry": {
    "type": "Point",
    "coordinates": [
     76.9588,
     43.3454
    ]
   }
  },
  {
   "type": "Feature",
   "properties": {
    "station_id": "ag_167649",
    "name": "Nurtau golf club",
    "city": "Almaty",
    "region": null,
    "country": "KZ",
    "lat": 43.1934,
    "lon": 76.8186,
    "timezone": "Asia/Tashkent",
    "station_type": "low_cost",
    "source": "airgradient",
    "operator": "Almaty Air Initiative",
    "is_active": true
   },
   "geometry": {
    "type": "Point",
    "coordinates": [
     76.8186,
     43.1934
    ]
   }
  },
  {
   "type": "Feature",
   "properties": {
    "station_id": "ag_167650",
    "name": "№200 mektep-gimnaziya",
    "city": "Almaty",
    "region": null,
    "country": "KZ",
    "lat": 43.198,
    "lon": 76.7905,
    "timezone": "Asia/Tashkent",
    "station_type": "low_cost",
    "source": "airgradient",
    "operator": "Almaty Air Initiative",
    "is_active": true
   },
   "geometry": {
    "type": "Point",
    "coordinates": [
     76.7905,
     43.198
    ]
   }
  },
  {
   "type": "Feature",
   "properties": {
    "station_id": "ag_167651",
    "name": "Saiyalı (Avtotsón) ",
    "city": "Almaty",
    "region": null,
    "country": "KZ",
    "lat": 43.3038,
    "lon": 76.837,
    "timezone": "Asia/Tashkent",
    "station_type": "low_cost",
    "source": "airgradient",
    "operator": "Almaty Air Initiative",
    "is_active": true
   },
   "geometry": {
    "type": "Point",
    "coordinates": [
     76.837,
     43.3038
    ]
   }
  },
  {
   "type": "Feature",
   "properties": {
    "station_id": "ag_167652",
    "name": "Saudakent (Kazakov k-si)",
    "city": "Almaty",
    "region": null,
    "country": "KZ",
    "lat": 43.2668,
    "lon": 76.8949,
    "timezone": "Asia/Tashkent",
    "station_type": "low_cost",
    "source": "airgradient",
    "operator": "Almaty Air Initiative",
    "is_active": true
   },
   "geometry": {
    "type": "Point",
    "coordinates": [
     76.8949,
     43.2668
    ]
   }
  },
  {
   "type": "Feature",
   "properties": {
    "station_id": "ag_167653",
    "name": " Qurylys bazary (Taraz k-si) ",
    "city": "Almaty",
    "region": null,
    "country": "KZ",
    "lat": 43.3052,
    "lon": 77.0062,
    "timezone": "Asia/Tashkent",
    "station_type": "low_cost",
    "source": "airgradient",
    "operator": "Almaty Air Initiative",
    "is_active": true
   },
   "geometry": {
    "type": "Point",
    "coordinates": [
     77.0062,
     43.3052
    ]
   }
  },
  {
   "type": "Feature",
   "properties": {
    "station_id": "ag_167654",
    "name": "№31 orta mektep",
    "city": "Almaty",
    "region": null,
    "country": "KZ",
    "lat": 43.3253,
    "lon": 76.9676,
    "timezone": "Asia/Tashkent",
    "station_type": "low_cost",
    "source": "airgradient",
    "operator": "Almaty Air Initiative",
    "is_active": true
   },
   "geometry": {
    "type": "Point",
    "coordinates": [
     76.9676,
     43.3253
    ]
   }
  },
  {
   "type": "Feature",
   "properties": {
    "station_id": "ag_167655",
    "name": "Jumysşy kenti (Krylov k-si)",
    "city": "Almaty",
    "region": null,
    "country": "KZ",
    "lat": 43.2735,
    "lon": 76.8904,
    "timezone": "Asia/Tashkent",
    "station_type": "low_cost",
    "source": "airgradient",
    "operator": "Almaty Air Initiative",
    "is_active": true
   },
   "geometry": {
    "type": "Point",
    "coordinates": [
     76.8904,
     43.2735
    ]
   }
  },
  {
   "type": "Feature",
   "properties": {
    "station_id": "ag_167656",
    "name": "№162 mektep",
    "city": "Almaty",
    "region": null,
    "country": "KZ",
    "lat": 43.3118,
    "lon": 76.9557,
    "timezone": "Asia/Tashkent",
    "station_type": "low_cost",
    "source": "airgradient",
    "operator": "Almaty Air Initiative",
    "is_active": true
   },
   "geometry": {
    "type": "Point",
    "coordinates": [
     76.9557,
     43.3118
    ]
   }
  },
  {
   "type": "Feature",
   "properties": {
    "station_id": "ag_167657",
    "name": "Tastybulaq (ST Qanat) ",
    "city": "Almaty",
    "region": null,
    "country": "KZ",
    "lat": 43.1636,
    "lon": 76.8097,
    "timezone": "Asia/Tashkent",
    "station_type": "low_cost",
    "source": "airgradient",
    "operator": "Almaty Air Initiative",
    "is_active": true
   },
   "geometry": {
    "type": "Point",
    "coordinates": [
     76.8097,
     43.1636
    ]
   }
  },
  {
   "type": "Feature",
   "properties": {
    "station_id": "ag_167658",
    "name": "Tausamaly",
    "city": "Almaty",
    "region": null,
    "country": "KZ",
    "lat": 43.1732,
    "lon": 76.8317,
    "timezone": "Asia/Tashkent",
    "station_type": "low_cost",
    "source": "airgradient",
    "operator": "Almaty Air Initiative",
    "is_active": true
   },
   "geometry": {
    "type": "Point",
    "coordinates": [
     76.8317,
     43.1732
    ]
   }
  },
  {
   "type": "Feature",
   "properties": {
    "station_id": "ag_167659",
    "name": "Nuriddin (Arystanbab k-si) ",
    "city": "Almaty",
    "region": null,
    "country": "KZ",
    "lat": 43.1868,
    "lon": 76.8599,
    "timezone": "Asia/Tashkent",
    "station_type": "low_cost",
    "source": "airgradient",
    "operator": "Almaty Air Initiative",
    "is_active": true
   },
   "geometry": {
    "type": "Point",
    "coordinates": [
     76.8599,
     43.1868
    ]
   }
  },
  {
   "type": "Feature",
   "properties": {
    "station_id": "ag_167660",
    "name": "Baým toǵaıy",
    "city": "Almaty",
    "region": null,
    "country": "KZ",
    "lat": 43.2939,
    "lon": 76.9449,
    "timezone": "Asia/Tashkent",
    "station_type": "low_cost",
    "source": "airgradient",
    "operator": "Almaty Air Initiative",
    "is_active": true
   },
   "geometry": {
    "type": "Point",
    "coordinates": [
     76.9449,
     43.2939
    ]
   }
  },
  {
   "type": "Feature",
   "properties": {
    "station_id": "ag_167661",
    "name": "№206 mektep-gimnaziya",
    "city": "Almaty",
    "region": null,
    "country": "KZ",
    "lat": 43.208327,
    "lon": 76.819198,
    "timezone": "Asia/Tashkent",
    "station_type": "low_cost",
    "source": "airgradient",
    "operator": "Almaty Air Initiative",
    "is_active": true
   },
   "geometry": {
    "type": "Point",
    "coordinates": [
     76.819198,
     43.208327
    ]
   }
  },
  {
   "type": "Feature",
   "properties": {
    "station_id": "ag_167662",
    "name": "Ötegen Batyr, №24 litsei",
    "city": "Almaty",
    "region": null,
    "country": "KZ",
    "lat": 43.4143,
    "lon": 77.0315,
    "timezone": "Asia/Tashkent",
    "station_type": "low_cost",
    "source": "airgradient",
    "operator": "Almaty Air Initiative",
    "is_active": true
   },
   "geometry": {
    "type": "Point",
    "coordinates": [
     77.0315,
     43.4143
    ]
   }
  },
  {
   "type": "Feature",
   "properties": {
    "station_id": "ag_167663",
    "name": "№17 mektep",
    "city": "Almaty",
    "region": null,
    "country": "KZ",
    "lat": 43.3144,
    "lon": 76.9657,
    "timezone": "Asia/Tashkent",
    "station_type": "low_cost",
    "source": "airgradient",
    "operator": "Almaty Air Initiative",
    "is_active": true
   },
   "geometry": {
    "type": "Point",
    "coordinates": [
     76.9657,
     43.3144
    ]
   }
  },
  {
   "type": "Feature",
   "properties": {
    "station_id": "ag_167664",
    "name": "№44 mektep-gimnaziya",
    "city": "Almaty",
    "region": null,
    "country": "KZ",
    "lat": 43.3439,
    "lon": 77.0072,
    "timezone": "Asia/Tashkent",
    "station_type": "low_cost",
    "source": "airgradient",
    "operator": "Almaty Air Initiative",
    "is_active": true
   },
   "geometry": {
    "type": "Point",
    "coordinates": [
     77.0072,
     43.3439
    ]
   }
  },
  {
   "type": "Feature",
   "properties": {
    "station_id": "ag_167665",
    "name": "№112 mektep",
    "city": "Almaty",
    "region": null,
    "country": "KZ",
    "lat": 43.2937,
    "lon": 76.9154,
    "timezone": "Asia/Tashkent",
    "station_type": "low_cost",
    "source": "airgradient",
    "operator": "Almaty Air Initiative",
    "is_active": true
   },
   "geometry": {
    "type": "Point",
    "coordinates": [
     76.9154,
     43.2937
    ]
   }
  },
  {
   "type": "Feature",
   "properties": {
    "station_id": "ag_167667",
    "name": "Aqjar (Medeubekov k-si)",
    "city": "Almaty",
    "region": null,
    "country": "KZ",
    "lat": 43.1826,
    "lon": 76.7916,
    "timezone": "Asia/Tashkent",
    "station_type": "low_cost",
    "source": "airgradient",
    "operator": "Almaty Air Initiative",
    "is_active": true
   },
   "geometry": {
    "type": "Point",
    "coordinates": [
     76.7916,
     43.1826
    ]
   }
  },
  {
   "type": "Feature",
   "properties": {
    "station_id": "ag_167668",
    "name": "№157 mektep",
    "city": "Almaty",
    "region": null,
    "country": "KZ",
    "lat": 43.2197,
    "lon": 76.8015,
    "timezone": "Asia/Tashkent",
    "station_type": "low_cost",
    "source": "airgradient",
    "operator": "Almaty Air Initiative",
    "is_active": true
   },
   "geometry": {
    "type": "Point",
    "coordinates": [
     76.8015,
     43.2197
    ]
   }
  },
  {
   "type": "Feature",
   "properties": {
    "station_id": "ag_167669",
    "name": "№156 mektep ",
    "city": "Almaty",
    "region": null,
    "country": "KZ",
    "lat": 43.3224,
    "lon": 76.8863,
    "timezone": "Asia/Tashkent",
    "station_type": "low_cost",
    "source": "airgradient",
    "operator": "Almaty Air Initiative",
    "is_active": true
   },
   "geometry": {
    "type": "Point",
    "coordinates": [
     76.8863,
     43.3224
    ]
   }
  },
  {
   "type": "Feature",
   "properties": {
    "station_id": "ag_167670",
    "name": "Sūltan-Qorǵan (Bespaqov k-si)",
    "city": "Almaty",
    "region": null,
    "country": "KZ",
    "lat": 43.3167,
    "lon": 76.9266,
    "timezone": "Asia/Tashkent",
    "station_type": "low_cost",
    "source": "airgradient",
    "operator": "Almaty Air Initiative",
    "is_active": true
   },
   "geometry": {
    "type": "Point",
    "coordinates": [
     76.9266,
     43.3167
    ]
   }
  },
  {
   "type": "Feature",
   "properties": {
    "station_id": "ag_167672",
    "name": "№168 Balabaqşa",
    "city": "Almaty",
    "region": null,
    "country": "KZ",
    "lat": 43.3105,
    "lon": 76.8742,
    "timezone": "Asia/Tashkent",
    "station_type": "low_cost",
    "source": "airgradient",
    "operator": "Almaty Air Initiative",
    "is_active": true
   },
   "geometry": {
    "type": "Point",
    "coordinates": [
     76.8742,
     43.3105
    ]
   }
  },
  {
   "type": "Feature",
   "properties": {
    "station_id": "ag_167673",
    "name": "№179 mektep",
    "city": "Almaty",
    "region": null,
    "country": "KZ",
    "lat": 43.3382,
    "lon": 76.8995,
    "timezone": "Asia/Tashkent",
    "station_type": "low_cost",
    "source": "airgradient",
    "operator": "Almaty Air Initiative",
    "is_active": true
   },
   "geometry": {
    "type": "Point",
    "coordinates": [
     76.8995,
     43.3382
    ]
   }
  },
  {
   "type": "Feature",
   "properties": {
    "station_id": "ag_167674",
    "name": "№166 litsei",
    "city": "Almaty",
    "region": null,
    "country": "KZ",
    "lat": 43.2604,
    "lon": 76.8725,
    "timezone": "Asia/Tashkent",
    "station_type": "low_cost",
    "source": "airgradient",
    "operator": "Almaty Air Initiative",
    "is_active": true
   },
   "geometry": {
    "type": "Point",
    "coordinates": [
     76.8725,
     43.2604
    ]
   }
  },
  {
   "type": "Feature",
   "properties": {
    "station_id": "ag_167675",
    "name": "№14 mektep ",
    "city": "Almaty",
    "region": null,
    "country": "KZ",
    "lat": 43.2607,
    "lon": 76.8858,
    "timezone": "Asia/Tashkent",
    "station_type": "low_cost",
    "source": "airgradient",
    "operator": "Almaty Air Initiative",
    "is_active": true
   },
   "geometry": {
    "type": "Point",
    "coordinates": [
     76.8858,
     43.2607
    ]
   }
  },
  {
   "type": "Feature",
   "properties": {
    "station_id": "ag_167676",
    "name": "Ortalyq stadion",
    "city": "Almaty",
    "region": null,
    "country": "KZ",
    "lat": 43.2397,
    "lon": 76.9241,
    "timezone": "Asia/Tashkent",
    "station_type": "low_cost",
    "source": "airgradient",
    "operator": "Almaty Air Initiative",
    "is_active": true
   },
   "geometry": {
    "type": "Point",
    "coordinates": [
     76.9241,
     43.2397
    ]
   }
  },
  {
   "type": "Feature",
   "properties": {
    "station_id": "ag_167677",
    "name": "Janatalap, №52 orta mektep",
    "city": "Almaty",
    "region": null,
    "country": "KZ",
    "lat": 43.4737,
    "lon": 76.9641,
    "timezone": "Asia/Tashkent",
    "station_type": "low_cost",
    "source": "airgradient",
    "operator": "Almaty Air Initiative",
    "is_active": true
   },
   "geometry": {
    "type": "Point",
    "coordinates": [
     76.9641,
     43.4737
    ]
   }
  },
  {
   "type": "Feature",
   "properties": {
    "station_id": "ag_167678",
    "name": "Talǵar, ortalyq aýdandyq aýrýhana ",
    "city": "Almaty",
    "region": null,
    "country": "KZ",
    "lat": 43.3175,
    "lon": 77.2293,
    "timezone": "Asia/Tashkent",
    "station_type": "low_cost",
    "source": "airgradient",
    "operator": "Almaty Air Initiative",
    "is_active": true
   },
   "geometry": {
    "type": "Point",
    "coordinates": [
     77.2293,
     43.3175
    ]
   }
  },
  {
   "type": "Feature",
   "properties": {
    "station_id": "ag_167679",
    "name": "Avtomekhanikalyq kolledj ",
    "city": "Almaty",
    "region": null,
    "country": "KZ",
    "lat": 43.3049,
    "lon": 76.9187,
    "timezone": "Asia/Tashkent",
    "station_type": "low_cost",
    "source": "airgradient",
    "operator": "Almaty Air Initiative",
    "is_active": true
   },
   "geometry": {
    "type": "Point",
    "coordinates": [
     76.9187,
     43.3049
    ]
   }
  },
  {
   "type": "Feature",
   "properties": {
    "station_id": "ag_167680",
    "name": "№151 mektep",
    "city": "Almaty",
    "region": null,
    "country": "KZ",
    "lat": 43.2811,
    "lon": 76.8806,
    "timezone": "Asia/Tashkent",
    "station_type": "low_cost",
    "source": "airgradient",
    "operator": "Almaty Air Initiative",
    "is_active": true
   },
   "geometry": {
    "type": "Point",
    "coordinates": [
     76.8806,
     43.2811
    ]
   }
  },
  {
   "type": "Feature",
   "properties": {
    "station_id": "ag_167681",
    "name": "№182 mektep-gimnaziya",
    "city": "Almaty",
    "region": null,
    "country": "KZ",
    "lat": 43.281,
    "lon": 76.824,
    "timezone": "Asia/Tashkent",
    "station_type": "low_cost",
    "source": "airgradient",
    "operator": "Almaty Air Initiative",
    "is_active": true
   },
   "geometry": {
    "type": "Point",
    "coordinates": [
     76.824,
     43.281
    ]
   }
  },
  {
   "type": "Feature",
   "properties": {
    "station_id": "ag_167682",
    "name": "Dostyq ş.a. (Muzammil meşiti)",
    "city": "Almaty",
    "region": null,
    "country": "KZ",
    "lat": 43.2239,
    "lon": 76.8291,
    "timezone": "Asia/Tashkent",
    "station_type": "low_cost",
    "source": "airgradient",
    "operator": "Almaty Air Initiative",
    "is_active": true
   },
   "geometry": {
    "type": "Point",
    "coordinates": [
     76.8291,
     43.2239
    ]
   }
  },
  {
   "type": "Feature",
   "properties": {
    "station_id": "ag_167683",
    "name": "№128 Balabaqşasy (Şekspir k-si)",
    "city": "Almaty",
    "region": null,
    "country": "KZ",
    "lat": 43.3575,
    "lon": 76.9354,
    "timezone": "Asia/Tashkent",
    "station_type": "low_cost",
    "source": "airgradient",
    "operator": "Almaty Air Initiative",
    "is_active": true
   },
   "geometry": {
    "type": "Point",
    "coordinates": [
     76.9354,
     43.3575
    ]
   }
  },
  {
   "type": "Feature",
   "properties": {
    "station_id": "ag_167684",
    "name": "Sairan (Qarasai Batyr k-si)",
    "city": "Almaty",
    "region": null,
    "country": "KZ",
    "lat": 43.2466,
    "lon": 76.8681,
    "timezone": "Asia/Tashkent",
    "station_type": "low_cost",
    "source": "airgradient",
    "operator": "Almaty Air Initiative",
    "is_active": true
   },
   "geometry": {
    "type": "Point",
    "coordinates": [
     76.8681,
     43.2466
    ]
   }
  },
  {
   "type": "Feature",
   "properties": {
    "station_id": "ag_167687",
    "name": "№174 mektep-gimnaziya",
    "city": "Almaty",
    "region": null,
    "country": "KZ",
    "lat": 43.21574,
    "lon": 76.791652,
    "timezone": "Asia/Tashkent",
    "station_type": "low_cost",
    "source": "airgradient",
    "operator": "Almaty Air Initiative",
    "is_active": true
   },
   "geometry": {
    "type": "Point",
    "coordinates": [
     76.791652,
     43.21574
    ]
   }
  },
  {
   "type": "Feature",
   "properties": {
    "station_id": "ag_167688",
    "name": "№198 mektep",
    "city": "Almaty",
    "region": null,
    "country": "KZ",
    "lat": 43.3183,
    "lon": 76.9783,
    "timezone": "Asia/Tashkent",
    "station_type": "low_cost",
    "source": "airgradient",
    "operator": "Almaty Air Initiative",
    "is_active": true
   },
   "geometry": {
    "type": "Point",
    "coordinates": [
     76.9783,
     43.3183
    ]
   }
  },
  {
   "type": "Feature",
   "properties": {
    "station_id": "ag_167689",
    "name": "№22 Qalalyq emhana",
    "city": "Almaty",
    "region": null,
    "country": "KZ",
    "lat": 43.3046,
    "lon": 76.853,
    "timezone": "Asia/Tashkent",
    "station_type": "low_cost",
    "source": "airgradient",
    "operator": "Almaty Air Initiative",
    "is_active": true
   },
   "geometry": {
    "type": "Point",
    "coordinates": [
     76.853,
     43.3046
    ]
   }
  },
  {
   "type": "Feature",
   "properties": {
    "station_id": "ag_167690",
    "name": "Alma City 5",
    "city": "Almaty",
    "region": null,
    "country": "KZ",
    "lat": 43.2167,
    "lon": 76.7743,
    "timezone": "Asia/Tashkent",
    "station_type": "low_cost",
    "source": "airgradient",
    "operator": "Almaty Air Initiative",
    "is_active": true
   },
   "geometry": {
    "type": "Point",
    "coordinates": [
     76.7743,
     43.2167
    ]
   }
  },
  {
   "type": "Feature",
   "properties": {
    "station_id": "ag_167691",
    "name": "Zhas Qanat aud. (Khmelnitskiy k-si.)",
    "city": "Almaty",
    "region": null,
    "country": "KZ",
    "lat": 43.3177,
    "lon": 76.9839,
    "timezone": "Asia/Tashkent",
    "station_type": "low_cost",
    "source": "airgradient",
    "operator": "Almaty Air Initiative",
    "is_active": true
   },
   "geometry": {
    "type": "Point",
    "coordinates": [
     76.9839,
     43.3177
    ]
   }
  },
  {
   "type": "Feature",
   "properties": {
    "station_id": "ag_167693",
    "name": "Jetisu 2",
    "city": "Almaty",
    "region": null,
    "country": "KZ",
    "lat": 43.2227,
    "lon": 76.8467,
    "timezone": "Asia/Tashkent",
    "station_type": "low_cost",
    "source": "airgradient",
    "operator": "Almaty Air Initiative",
    "is_active": true
   },
   "geometry": {
    "type": "Point",
    "coordinates": [
     76.8467,
     43.2227
    ]
   }
  },
  {
   "type": "Feature",
   "properties": {
    "station_id": "ag_167694",
    "name": "Aport Mall East",
    "city": "Almaty",
    "region": null,
    "country": "KZ",
    "lat": 43.3148,
    "lon": 77.0216,
    "timezone": "Asia/Tashkent",
    "station_type": "low_cost",
    "source": "airgradient",
    "operator": "Almaty Air Initiative",
    "is_active": true
   },
   "geometry": {
    "type": "Point",
    "coordinates": [
     77.0216,
     43.3148
    ]
   }
  },
  {
   "type": "Feature",
   "properties": {
    "station_id": "ag_167695",
    "name": "Abaı auyly, №2 mektep",
    "city": "Almaty",
    "region": null,
    "country": "KZ",
    "lat": 43.2015,
    "lon": 76.7636,
    "timezone": "Asia/Tashkent",
    "station_type": "low_cost",
    "source": "airgradient",
    "operator": "Almaty Air Initiative",
    "is_active": true
   },
   "geometry": {
    "type": "Point",
    "coordinates": [
     76.7636,
     43.2015
    ]
   }
  },
  {
   "type": "Feature",
   "properties": {
    "station_id": "ag_167700",
    "name": "Qarağaily (Nadirov k-si)",
    "city": "Almaty",
    "region": null,
    "country": "KZ",
    "lat": 43.1833,
    "lon": 76.8416,
    "timezone": "Asia/Tashkent",
    "station_type": "low_cost",
    "source": "airgradient",
    "operator": "Almaty Air Initiative",
    "is_active": true
   },
   "geometry": {
    "type": "Point",
    "coordinates": [
     76.8416,
     43.1833
    ]
   }
  },
  {
   "type": "Feature",
   "properties": {
    "station_id": "ag_167701",
    "name": "Isaevo auyly, Isaeva atyndaǵy mektep",
    "city": "Almaty",
    "region": null,
    "country": "KZ",
    "lat": 43.4012,
    "lon": 76.7513,
    "timezone": "Asia/Tashkent",
    "station_type": "low_cost",
    "source": "airgradient",
    "operator": "Almaty Air Initiative",
    "is_active": true
   },
   "geometry": {
    "type": "Point",
    "coordinates": [
     76.7513,
     43.4012
    ]
   }
  },
  {
   "type": "Feature",
   "properties": {
    "station_id": "ag_167702",
    "name": "Bögenbai Batyr – Vereŝagin",
    "city": "Almaty",
    "region": null,
    "country": "KZ",
    "lat": 43.2487,
    "lon": 76.887,
    "timezone": "Asia/Tashkent",
    "station_type": "low_cost",
    "source": "airgradient",
    "operator": "Almaty Air Initiative",
    "is_active": true
   },
   "geometry": {
    "type": "Point",
    "coordinates": [
     76.887,
     43.2487
    ]
   }
  },
  {
   "type": "Feature",
   "properties": {
    "station_id": "ag_167706",
    "name": "Kojamqulov - Qarasai batyr",
    "city": "Almaty",
    "region": null,
    "country": "KZ",
    "lat": 43.25005,
    "lon": 76.9179,
    "timezone": "Asia/Tashkent",
    "station_type": "low_cost",
    "source": "airgradient",
    "operator": "Almaty Air Initiative",
    "is_active": true
   },
   "geometry": {
    "type": "Point",
    "coordinates": [
     76.9179,
     43.25005
    ]
   }
  },
  {
   "type": "Feature",
   "properties": {
    "station_id": "ag_167707",
    "name": "№154 mektep",
    "city": "Almaty",
    "region": null,
    "country": "KZ",
    "lat": 43.2509,
    "lon": 76.8338,
    "timezone": "Asia/Tashkent",
    "station_type": "low_cost",
    "source": "airgradient",
    "operator": "Almaty Air Initiative",
    "is_active": true
   },
   "geometry": {
    "type": "Point",
    "coordinates": [
     76.8338,
     43.2509
    ]
   }
  },
  {
   "type": "Feature",
   "properties": {
    "station_id": "ag_167709",
    "name": "№171 mektep",
    "city": "Almaty",
    "region": null,
    "country": "KZ",
    "lat": 43.2718,
    "lon": 76.8449,
    "timezone": "Asia/Tashkent",
    "station_type": "low_cost",
    "source": "airgradient",
    "operator": "Almaty Air Initiative",
    "is_active": true
   },
   "geometry": {
    "type": "Point",
    "coordinates": [
     76.8449,
     43.2718
    ]
   }
  },
  {
   "type": "Feature",
   "properties": {
    "station_id": "ag_170428",
    "name": "Süıınbai – Musorgskiı",
    "city": "Almaty",
    "region": null,
    "country": "KZ",
    "lat": 43.2851,
    "lon": 76.9481,
    "timezone": "Asia/Tashkent",
    "station_type": "low_cost",
    "source": "airgradient",
    "operator": "Almaty Air Initiative",
    "is_active": true
   },
   "geometry": {
    "type": "Point",
    "coordinates": [
     76.9481,
     43.2851
    ]
   }
  },
  {
   "type": "Feature",
   "properties": {
    "station_id": "ag_170429",
    "name": "Duman 2 (Mercur Grad) ",
    "city": "Almaty",
    "region": null,
    "country": "KZ",
    "lat": 43.2885,
    "lon": 77.004,
    "timezone": "Asia/Tashkent",
    "station_type": "low_cost",
    "source": "airgradient",
    "operator": "Almaty Air Initiative",
    "is_active": true
   },
   "geometry": {
    "type": "Point",
    "coordinates": [
     77.004,
     43.2885
    ]
   }
  },
  {
   "type": "Feature",
   "properties": {
    "station_id": "ag_170430",
    "name": "№184 mektep",
    "city": "Almaty",
    "region": null,
    "country": "KZ",
    "lat": 43.2465,
    "lon": 76.7918,
    "timezone": "Asia/Tashkent",
    "station_type": "low_cost",
    "source": "airgradient",
    "operator": "Almaty Air Initiative",
    "is_active": true
   },
   "geometry": {
    "type": "Point",
    "coordinates": [
     76.7918,
     43.2465
    ]
   }
  },
  {
   "type": "Feature",
   "properties": {
    "station_id": "ag_171445",
    "name": "Samal 1",
    "city": "Almaty",
    "region": null,
    "country": "KZ",
    "lat": 43.2358,
    "lon": 76.9518,
    "timezone": "Asia/Tashkent",
    "station_type": "low_cost",
    "source": "airgradient",
    "operator": "Almaty Air Initiative",
    "is_active": true
   },
   "geometry": {
    "type": "Point",
    "coordinates": [
     76.9518,
     43.2358
    ]
   }
  },
  {
   "type": "Feature",
   "properties": {
    "station_id": "ag_171446",
    "name": "Baitursynov k-si",
    "city": "Almaty",
    "region": null,
    "country": "KZ",
    "lat": 43.231494,
    "lon": 76.934146,
    "timezone": "Asia/Tashkent",
    "station_type": "low_cost",
    "source": "airgradient",
    "operator": "Almaty Air Initiative",
    "is_active": true
   },
   "geometry": {
    "type": "Point",
    "coordinates": [
     76.934146,
     43.231494
    ]
   }
  },
  {
   "type": "Feature",
   "properties": {
    "station_id": "ag_171447",
    "name": "Zharokov - Mynbayev st.",
    "city": "Almaty",
    "region": null,
    "country": "KZ",
    "lat": 43.2374,
    "lon": 76.8995,
    "timezone": "Asia/Tashkent",
    "station_type": "low_cost",
    "source": "airgradient",
    "operator": "Almaty Air Initiative",
    "is_active": true
   },
   "geometry": {
    "type": "Point",
    "coordinates": [
     76.8995,
     43.2374
    ]
   }
  },
  {
   "type": "Feature",
   "properties": {
    "station_id": "ag_171448",
    "name": "Almalybaq",
    "city": "Almaty",
    "region": null,
    "country": "KZ",
    "lat": 43.222398,
    "lon": 76.678183,
    "timezone": "Asia/Tashkent",
    "station_type": "low_cost",
    "source": "airgradient",
    "operator": "Almaty Air Initiative",
    "is_active": true
   },
   "geometry": {
    "type": "Point",
    "coordinates": [
     76.678183,
     43.222398
    ]
   }
  },
  {
   "type": "Feature",
   "properties": {
    "station_id": "ag_171449",
    "name": "Zhambyl",
    "city": "Almaty",
    "region": null,
    "country": "KZ",
    "lat": 43.2734,
    "lon": 76.6685,
    "timezone": "Asia/Tashkent",
    "station_type": "low_cost",
    "source": "airgradient",
    "operator": "Almaty Air Initiative",
    "is_active": true
   },
   "geometry": {
    "type": "Point",
    "coordinates": [
     76.6685,
     43.2734
    ]
   }
  },
  {
   "type": "Feature",
   "properties": {
    "station_id": "ag_173261",
    "name": "Aqbulak, 7",
    "city": "Almaty",
    "region": null,
    "country": "KZ",
    "lat": 43.2427,
    "lon": 76.8175,
    "timezone": "Asia/Tashkent",
    "station_type": "low_cost",
    "source": "airgradient",
    "operator": "Almaty Air Initiative",
    "is_active": true
   },
   "geometry": {
    "type": "Point",
    "coordinates": [
     76.8175,
     43.2427
    ]
   }
  },
  {
   "type": "Feature",
   "properties": {
    "station_id": "ag_173265",
    "name": "№107 mektep",
    "city": "Almaty",
    "region": null,
    "country": "KZ",
    "lat": 43.2958,
    "lon": 76.9374,
    "timezone": "Asia/Tashkent",
    "station_type": "low_cost",
    "source": "airgradient",
    "operator": "Almaty Air Initiative",
    "is_active": true
   },
   "geometry": {
    "type": "Point",
    "coordinates": [
     76.9374,
     43.2958
    ]
   }
  },
  {
   "type": "Feature",
   "properties": {
    "station_id": "ag_173269",
    "name": "Almaty Museum of Arts ",
    "city": "Almaty",
    "region": null,
    "country": "KZ",
    "lat": 43.2267,
    "lon": 76.9492,
    "timezone": "Asia/Tashkent",
    "station_type": "low_cost",
    "source": "airgradient",
    "operator": "Almaty Air Initiative",
    "is_active": true
   },
   "geometry": {
    "type": "Point",
    "coordinates": [
     76.9492,
     43.2267
    ]
   }
  },
  {
   "type": "Feature",
   "properties": {
    "station_id": "ag_173630",
    "name": "Medeu",
    "city": "Almaty",
    "region": null,
    "country": "KZ",
    "lat": 43.1642,
    "lon": 77.0494,
    "timezone": "Asia/Tashkent",
    "station_type": "low_cost",
    "source": "airgradient",
    "operator": "Almaty Air Initiative",
    "is_active": true
   },
   "geometry": {
    "type": "Point",
    "coordinates": [
     77.0494,
     43.1642
    ]
   }
  },
  {
   "type": "Feature",
   "properties": {
    "station_id": "ag_180811",
    "name": "Almaty, Dostyk 300/60",
    "city": "Almaty",
    "region": null,
    "country": "KZ",
    "lat": 43.2226,
    "lon": 76.9759,
    "timezone": "Asia/Almaty",
    "station_type": "low_cost",
    "source": "airgradient",
    "operator": "Almaty Air Initiative",
    "is_active": true
   },
   "geometry": {
    "type": "Point",
    "coordinates": [
     76.9759,
     43.2226
    ]
   }
  },
  {
   "type": "Feature",
   "properties": {
    "station_id": "ag_186392",
    "name": "Nurly-Tan 37",
    "city": "Almaty",
    "region": null,
    "country": "KZ",
    "lat": 43.213101,
    "lon": 76.7950629,
    "timezone": "Asia/Tashkent",
    "station_type": "low_cost",
    "source": "airgradient",
    "operator": "Almaty Air Initiative",
    "is_active": true
   },
   "geometry": {
    "type": "Point",
    "coordinates": [
     76.7950629,
     43.213101
    ]
   }
  },
  {
   "type": "Feature",
   "properties": {
    "station_id": "airkaz_1",
    "name": "Сейфуллина - Дулатова (TS225957)",
    "city": "Almaty",
    "region": null,
    "country": "KZ",
    "lat": 43.313,
    "lon": 76.939,
    "timezone": "Asia/Almaty",
    "station_type": "low_cost",
    "source": "airkaz",
    "operator": "AirKaz",
    "is_active": false
   },
   "geometry": {
    "type": "Point",
    "coordinates": [
     76.939,
     43.313
    ]
   }
  },
  {
   "type": "Feature",
   "properties": {
    "station_id": "airkaz_10",
    "name": "Тулебаева-Джамбула",
    "city": "Almaty",
    "region": null,
    "country": "KZ",
    "lat": 43.248,
    "lon": 76.949,
    "timezone": "Asia/Almaty",
    "station_type": "low_cost",
    "source": "airkaz",
    "operator": "AirKaz",
    "is_active": false
   },
   "geometry": {
    "type": "Point",
    "coordinates": [
     76.949,
     43.248
    ]
   }
  },
  {
   "type": "Feature",
   "properties": {
    "station_id": "airkaz_104",
    "name": "Сатпаева-Луганского (TS485314)",
    "city": "Almaty",
    "region": null,
    "country": "KZ",
    "lat": 43.241,
    "lon": 76.96,
    "timezone": "Asia/Almaty",
    "station_type": "low_cost",
    "source": "airkaz",
    "operator": "AirKaz",
    "is_active": false
   },
   "geometry": {
    "type": "Point",
    "coordinates": [
     76.96,
     43.241
    ]
   }
  },
  {
   "type": "Feature",
   "properties": {
    "station_id": "airkaz_105",
    "name": "Абай",
    "city": "Almaty",
    "region": null,
    "country": "KZ",
    "lat": 43.214,
    "lon": 76.75,
    "timezone": "Asia/Almaty",
    "station_type": "low_cost",
    "source": "airkaz",
    "operator": "AirKaz",
    "is_active": false
   },
   "geometry": {
    "type": "Point",
    "coordinates": [
     76.75,
     43.214
    ]
   }
  },
  {
   "type": "Feature",
   "properties": {
    "station_id": "airkaz_106",
    "name": "Шанырак 2",
    "city": "Almaty",
    "region": null,
    "country": "KZ",
    "lat": 43.297,
    "lon": 76.852,
    "timezone": "Asia/Almaty",
    "station_type": "low_cost",
    "source": "airkaz",
    "operator": "AirKaz",
    "is_active": false
   },
   "geometry": {
    "type": "Point",
    "coordinates": [
     76.852,
     43.297
    ]
   }
  },
  {
   "type": "Feature",
   "properties": {
    "station_id": "airkaz_108",
    "name": "Жана Кайрат",
    "city": "Almaty",
    "region": null,
    "country": "KZ",
    "lat": 43.312,
    "lon": 77.001,
    "timezone": "Asia/Almaty",
    "station_type": "low_cost",
    "source": "airkaz",
    "operator": "AirKaz",
    "is_active": false
   },
   "geometry": {
    "type": "Point",
    "coordinates": [
     77.001,
     43.312
    ]
   }
  },
  {
   "type": "Feature",
   "properties": {
    "station_id": "airkaz_11",
    "name": "Аскарова",
    "city": "Almaty",
    "region": null,
    "country": "KZ",
    "lat": 43.189,
    "lon": 76.868,
    "timezone": "Asia/Almaty",
    "station_type": "low_cost",
    "source": "airkaz",
    "operator": "AirKaz",
    "is_active": false
   },
   "geometry": {
    "type": "Point",
    "coordinates": [
     76.868,
     43.189
    ]
   }
  },
  {
   "type": "Feature",
   "properties": {
    "station_id": "airkaz_12",
    "name": "Каменское плато",
    "city": "Almaty",
    "region": null,
    "country": "KZ",
    "lat": 43.177,
    "lon": 76.966,
    "timezone": "Asia/Almaty",
    "station_type": "low_cost",
    "source": "airkaz",
    "operator": "AirKaz",
    "is_active": false
   },
   "geometry": {
    "type": "Point",
    "coordinates": [
     76.966,
     43.177
    ]
   }
  },
  {
   "type": "Feature",
   "properties": {
    "station_id": "airkaz_13",
    "name": "Фурманова-Ташкентская",
    "city": "Almaty",
    "region": null,
    "country": "KZ",
    "lat": 43.269,
    "lon": 76.944,
    "timezone": "Asia/Almaty",
    "station_type": "low_cost",
    "source": "airkaz",
    "operator": "AirKaz",
    "is_active": false
   },
   "geometry": {
    "type": "Point",
    "coordinates": [
     76.944,
     43.269
    ]
   }
  },
  {
   "type": "Feature",
   "properties": {
    "station_id": "airkaz_14",
    "name": "Мамыр",
    "city": "Almaty",
    "region": null,
    "country": "KZ",
    "lat": 43.216,
    "lon": 76.848,
    "timezone": "Asia/Almaty",
    "station_type": "low_cost",
    "source": "airkaz",
    "operator": "AirKaz",
    "is_active": false
   },
   "geometry": {
    "type": "Point",
    "coordinates": [
     76.848,
     43.216
    ]
   }
  },
  {
   "type": "Feature",
   "properties": {
    "station_id": "airkaz_15",
    "name": "ЖК \"Асыл Арман\"",
    "city": "Almaty",
    "region": null,
    "country": "KZ",
    "lat": 43.231,
    "lon": 76.754,
    "timezone": "Asia/Almaty",
    "station_type": "low_cost",
    "source": "airkaz",
    "operator": "AirKaz",
    "is_active": false
   },
   "geometry": {
    "type": "Point",
    "coordinates": [
     76.754,
     43.231
    ]
   }
  },
  {
   "type": "Feature",
   "properties": {
    "station_id": "airkaz_16",
    "name": "Жана Куат",
    "city": "Almaty",
    "region": null,
    "country": "KZ",
    "lat": 43.397,
    "lon": 77.027,
    "timezone": "Asia/Almaty",
    "station_type": "low_cost",
    "source": "airkaz",
    "operator": "AirKaz",
    "is_active": false
   },
   "geometry": {
    "type": "Point",
    "coordinates": [
     77.027,
     43.397
    ]
   }
  },
  {
   "type": "Feature",
   "properties": {
    "station_id": "airkaz_17",
    "name": "Баганашыл",
    "city": "Almaty",
    "region": null,
    "country": "KZ",
    "lat": 43.195,
    "lon": 76.915,
    "timezone": "Asia/Almaty",
    "station_type": "low_cost",
    "source": "airkaz",
    "operator": "AirKaz",
    "is_active": false
   },
   "geometry": {
    "type": "Point",
    "coordinates": [
     76.915,
     43.195
    ]
   }
  },
  {
   "type": "Feature",
   "properties": {
    "station_id": "airkaz_18",
    "name": "Кыргаулды",
    "city": "Almaty",
    "region": null,
    "country": "KZ",
    "lat": 43.172,
    "lon": 76.736,
    "timezone": "Asia/Almaty",
    "station_type": "low_cost",
    "source": "airkaz",
    "operator": "AirKaz",
    "is_active": false
   },
   "geometry": {
    "type": "Point",
    "coordinates": [
     76.736,
     43.172
    ]
   }
  },
  {
   "type": "Feature",
   "properties": {
    "station_id": "airkaz_19",
    "name": "Военный городок",
    "city": "Almaty",
    "region": null,
    "country": "KZ",
    "lat": 43.369,
    "lon": 76.987,
    "timezone": "Asia/Almaty",
    "station_type": "low_cost",
    "source": "airkaz",
    "operator": "AirKaz",
    "is_active": false
   },
   "geometry": {
    "type": "Point",
    "coordinates": [
     76.987,
     43.369
    ]
   }
  },
  {
   "type": "Feature",
   "properties": {
    "station_id": "airkaz_2",
    "name": "Альфараби - Маркова",
    "city": "Almaty",
    "region": null,
    "country": "KZ",
    "lat": 43.224,
    "lon": 76.938,
    "timezone": "Asia/Almaty",
    "station_type": "low_cost",
    "source": "airkaz",
    "operator": "AirKaz",
    "is_active": false
   },
   "geometry": {
    "type": "Point",
    "coordinates": [
     76.938,
     43.224
    ]
   }
  },
  {
   "type": "Feature",
   "properties": {
    "station_id": "airkaz_20",
    "name": "мкрн Карасу",
    "city": "Almaty",
    "region": null,
    "country": "KZ",
    "lat": 43.337,
    "lon": 76.904,
    "timezone": "Asia/Almaty",
    "station_type": "low_cost",
    "source": "airkaz",
    "operator": "AirKaz",
    "is_active": false
   },
   "geometry": {
    "type": "Point",
    "coordinates": [
     76.904,
     43.337
    ]
   }
  },
  {
   "type": "Feature",
   "properties": {
    "station_id": "airkaz_3",
    "name": "Абая - Тлендиева",
    "city": "Almaty",
    "region": null,
    "country": "KZ",
    "lat": 43.24,
    "lon": 76.874,
    "timezone": "Asia/Almaty",
    "station_type": "low_cost",
    "source": "airkaz",
    "operator": "AirKaz",
    "is_active": false
   },
   "geometry": {
    "type": "Point",
    "coordinates": [
     76.874,
     43.24
    ]
   }
  },
  {
   "type": "Feature",
   "properties": {
    "station_id": "airkaz_30369354",
    "name": "Тулебаева, 82",
    "city": "Almaty",
    "region": null,
    "country": "KZ",
    "lat": 43.2576,
    "lon": 76.9484,
    "timezone": "Asia/Almaty",
    "station_type": "low_cost",
    "source": "airkaz",
    "operator": "AirKaz",
    "is_active": false
   },
   "geometry": {
    "type": "Point",
    "coordinates": [
     76.9484,
     43.2576
    ]
   }
  },
  {
   "type": "Feature",
   "properties": {
    "station_id": "airkaz_3269728",
    "name": "KazGU2",
    "city": "Almaty",
    "region": null,
    "country": "KZ",
    "lat": 43.206,
    "lon": 76.9,
    "timezone": "Asia/Almaty",
    "station_type": "low_cost",
    "source": "airkaz",
    "operator": "AirKaz",
    "is_active": false
   },
   "geometry": {
    "type": "Point",
    "coordinates": [
     76.9,
     43.206
    ]
   }
  },
  {
   "type": "Feature",
   "properties": {
    "station_id": "airkaz_34703847",
    "name": "ул.Туруспекова",
    "city": "Almaty",
    "region": null,
    "country": "KZ",
    "lat": 43.178,
    "lon": 76.87,
    "timezone": "Asia/Almaty",
    "station_type": "low_cost",
    "source": "airkaz",
    "operator": "AirKaz",
    "is_active": false
   },
   "geometry": {
    "type": "Point",
    "coordinates": [
     76.87,
     43.178
    ]
   }
  },
  {
   "type": "Feature",
   "properties": {
    "station_id": "airkaz_36200067",
    "name": "Айнабулак-3",
    "city": "Almaty",
    "region": null,
    "country": "KZ",
    "lat": 43.324,
    "lon": 76.919,
    "timezone": "Asia/Almaty",
    "station_type": "low_cost",
    "source": "airkaz",
    "operator": "AirKaz",
    "is_active": false
   },
   "geometry": {
    "type": "Point",
    "coordinates": [
     76.919,
     43.324
    ]
   }
  },
  {
   "type": "Feature",
   "properties": {
    "station_id": "airkaz_36671067",
    "name": "Таусамал",
    "city": "Almaty",
    "region": null,
    "country": "KZ",
    "lat": 43.202,
    "lon": 76.812,
    "timezone": "Asia/Almaty",
    "station_type": "low_cost",
    "source": "airkaz",
    "operator": "AirKaz",
    "is_active": false
   },
   "geometry": {
    "type": "Point",
    "coordinates": [
     76.812,
     43.202
    ]
   }
  },
  {
   "type": "Feature",
   "properties": {
    "station_id": "airkaz_37052366",
    "name": "ВОАД",
    "city": "Almaty",
    "region": null,
    "country": "KZ",
    "lat": 43.248,
    "lon": 76.981,
    "timezone": "Asia/Almaty",
    "station_type": "low_cost",
    "source": "airkaz",
    "operator": "AirKaz",
    "is_active": false
   },
   "geometry": {
    "type": "Point",
    "coordinates": [
     76.981,
     43.248
    ]
   }
  },
  {
   "type": "Feature",
   "properties": {
    "station_id": "airkaz_38834077",
    "name": "Dual1",
    "city": "Almaty",
    "region": null,
    "country": "KZ",
    "lat": 43.23,
    "lon": 76.9326,
    "timezone": "Asia/Almaty",
    "station_type": "low_cost",
    "source": "airkaz",
    "operator": "AirKaz",
    "is_active": false
   },
   "geometry": {
    "type": "Point",
    "coordinates": [
     76.9326,
     43.23
    ]
   }
  },
  {
   "type": "Feature",
   "properties": {
    "station_id": "airkaz_39168240",
    "name": "Карасу 2",
    "city": "Almaty",
    "region": null,
    "country": "KZ",
    "lat": 43.3388,
    "lon": 76.9032,
    "timezone": "Asia/Almaty",
    "station_type": "low_cost",
    "source": "airkaz",
    "operator": "AirKaz",
    "is_active": false
   },
   "geometry": {
    "type": "Point",
    "coordinates": [
     76.9032,
     43.3388
    ]
   }
  },
  {
   "type": "Feature",
   "properties": {
    "station_id": "airkaz_39379024",
    "name": "Муканова 159",
    "city": "Almaty",
    "region": null,
    "country": "KZ",
    "lat": 43.2572,
    "lon": 76.914,
    "timezone": "Asia/Almaty",
    "station_type": "low_cost",
    "source": "airkaz",
    "operator": "AirKaz",
    "is_active": false
   },
   "geometry": {
    "type": "Point",
    "coordinates": [
     76.914,
     43.2572
    ]
   }
  },
  {
   "type": "Feature",
   "properties": {
    "station_id": "airkaz_4",
    "name": "Парк Горького",
    "city": "Almaty",
    "region": null,
    "country": "KZ",
    "lat": 43.265,
    "lon": 76.973,
    "timezone": "Asia/Almaty",
    "station_type": "low_cost",
    "source": "airkaz",
    "operator": "AirKaz",
    "is_active": false
   },
   "geometry": {
    "type": "Point",
    "coordinates": [
     76.973,
     43.265
    ]
   }
  },
  {
   "type": "Feature",
   "properties": {
    "station_id": "airkaz_4372603",
    "name": "Акан Серы (AUA)",
    "city": "Almaty",
    "region": null,
    "country": "KZ",
    "lat": 43.31,
    "lon": 76.943,
    "timezone": "Asia/Almaty",
    "station_type": "low_cost",
    "source": "airkaz",
    "operator": "AirKaz",
    "is_active": false
   },
   "geometry": {
    "type": "Point",
    "coordinates": [
     76.943,
     43.31
    ]
   }
  },
  {
   "type": "Feature",
   "properties": {
    "station_id": "airkaz_4438736",
    "name": "Мамыр 1 (AUA)",
    "city": "Almaty",
    "region": null,
    "country": "KZ",
    "lat": 43.213,
    "lon": 76.846,
    "timezone": "Asia/Almaty",
    "station_type": "low_cost",
    "source": "airkaz",
    "operator": "AirKaz",
    "is_active": false
   },
   "geometry": {
    "type": "Point",
    "coordinates": [
     76.846,
     43.213
    ]
   }
  },
  {
   "type": "Feature",
   "properties": {
    "station_id": "airkaz_4439094",
    "name": "ул.Аскарова (AUA)",
    "city": "Almaty",
    "region": null,
    "country": "KZ",
    "lat": 43.1855,
    "lon": 76.8716,
    "timezone": "Asia/Almaty",
    "station_type": "low_cost",
    "source": "airkaz",
    "operator": "AirKaz",
    "is_active": false
   },
   "geometry": {
    "type": "Point",
    "coordinates": [
     76.8716,
     43.1855
    ]
   }
  },
  {
   "type": "Feature",
   "properties": {
    "station_id": "airkaz_4439475",
    "name": "Курчатова 1 (AUA)",
    "city": "Almaty",
    "region": null,
    "country": "KZ",
    "lat": 43.254,
    "lon": 76.855,
    "timezone": "Asia/Almaty",
    "station_type": "low_cost",
    "source": "airkaz",
    "operator": "AirKaz",
    "is_active": false
   },
   "geometry": {
    "type": "Point",
    "coordinates": [
     76.855,
     43.254
    ]
   }
  },
  {
   "type": "Feature",
   "properties": {
    "station_id": "airkaz_5",
    "name": "ТолеБи - Байзакова",
    "city": "Almaty",
    "region": null,
    "country": "KZ",
    "lat": 43.253,
    "lon": 76.91,
    "timezone": "Asia/Almaty",
    "station_type": "low_cost",
    "source": "airkaz",
    "operator": "AirKaz",
    "is_active": false
   },
   "geometry": {
    "type": "Point",
    "coordinates": [
     76.91,
     43.253
    ]
   }
  },
  {
   "type": "Feature",
   "properties": {
    "station_id": "airkaz_5901326",
    "name": "ул. Татибекова",
    "city": "Almaty",
    "region": null,
    "country": "KZ",
    "lat": 43.2795,
    "lon": 76.9677,
    "timezone": "Asia/Almaty",
    "station_type": "low_cost",
    "source": "airkaz",
    "operator": "AirKaz",
    "is_active": false
   },
   "geometry": {
    "type": "Point",
    "coordinates": [
     76.9677,
     43.2795
    ]
   }
  },
  {
   "type": "Feature",
   "properties": {
    "station_id": "airkaz_5917712",
    "name": "KazGU1",
    "city": "Almaty",
    "region": null,
    "country": "KZ",
    "lat": 43.223,
    "lon": 76.919,
    "timezone": "Asia/Almaty",
    "station_type": "low_cost",
    "source": "airkaz",
    "operator": "AirKaz",
    "is_active": false
   },
   "geometry": {
    "type": "Point",
    "coordinates": [
     76.919,
     43.223
    ]
   }
  },
  {
   "type": "Feature",
   "properties": {
    "station_id": "airkaz_6",
    "name": "Розыбакиева - Байкадамова",
    "city": "Almaty",
    "region": null,
    "country": "KZ",
    "lat": 43.214,
    "lon": 76.893,
    "timezone": "Asia/Almaty",
    "station_type": "low_cost",
    "source": "airkaz",
    "operator": "AirKaz",
    "is_active": false
   },
   "geometry": {
    "type": "Point",
    "coordinates": [
     76.893,
     43.214
    ]
   }
  },
  {
   "type": "Feature",
   "properties": {
    "station_id": "airkaz_7",
    "name": "Кок Кайнар",
    "city": "Almaty",
    "region": null,
    "country": "KZ",
    "lat": 43.296,
    "lon": 76.844,
    "timezone": "Asia/Almaty",
    "station_type": "low_cost",
    "source": "airkaz",
    "operator": "AirKaz",
    "is_active": false
   },
   "geometry": {
    "type": "Point",
    "coordinates": [
     76.844,
     43.296
    ]
   }
  },
  {
   "type": "Feature",
   "properties": {
    "station_id": "airkaz_7723955",
    "name": "ул.Камышинская (AUA)",
    "city": "Almaty",
    "region": null,
    "country": "KZ",
    "lat": 43.3526,
    "lon": 76.9993,
    "timezone": "Asia/Almaty",
    "station_type": "low_cost",
    "source": "airkaz",
    "operator": "AirKaz",
    "is_active": false
   },
   "geometry": {
    "type": "Point",
    "coordinates": [
     76.9993,
     43.3526
    ]
   }
  },
  {
   "type": "Feature",
   "properties": {
    "station_id": "airkaz_8",
    "name": "Рыскулова - Момышулы",
    "city": "Almaty",
    "region": null,
    "country": "KZ",
    "lat": 43.254,
    "lon": 76.82,
    "timezone": "Asia/Almaty",
    "station_type": "low_cost",
    "source": "airkaz",
    "operator": "AirKaz",
    "is_active": false
   },
   "geometry": {
    "type": "Point",
    "coordinates": [
     76.82,
     43.254
    ]
   }
  },
  {
   "type": "Feature",
   "properties": {
    "station_id": "airkaz_9",
    "name": "Ерменсай",
    "city": "Almaty",
    "region": null,
    "country": "KZ",
    "lat": 43.174,
    "lon": 76.917,
    "timezone": "Asia/Almaty",
    "station_type": "low_cost",
    "source": "airkaz",
    "operator": "AirKaz",
    "is_active": false
   },
   "geometry": {
    "type": "Point",
    "coordinates": [
     76.917,
     43.174
    ]
   }
  },
  {
   "type": "Feature",
   "properties": {
    "station_id": "kgmt_10",
    "name": "PCP #3",
    "city": "Ridder",
    "region": null,
    "country": "KZ",
    "lat": 50.338934879,
    "lon": 83.515869798,
    "timezone": "Asia/Almaty",
    "station_type": "reference",
    "source": "kgmt",
    "operator": "KazHydroMet",
    "is_active": true
   },
   "geometry": {
    "type": "Point",
    "coordinates": [
     83.515869798,
     50.338934879
    ]
   }
  },
  {
   "type": "Feature",
   "properties": {
    "station_id": "kgmt_107",
    "name": "PCP #1",
    "city": "Taldykorgan",
    "region": null,
    "country": "KZ",
    "lat": 45.006979,
    "lon": 78.360527,
    "timezone": "Asia/Almaty",
    "station_type": "reference",
    "source": "kgmt",
    "operator": "KazHydroMet",
    "is_active": true
   },
   "geometry": {
    "type": "Point",
    "coordinates": [
     78.360527,
     45.006979
    ]
   }
  },
  {
   "type": "Feature",
   "properties": {
    "station_id": "kgmt_11",
    "name": "PCP #2",
    "city": "Oskemen",
    "region": null,
    "country": "KZ",
    "lat": 49.945125,
    "lon": 82.65275,
    "timezone": "Asia/Almaty",
    "station_type": "reference",
    "source": "kgmt",
    "operator": "KazHydroMet",
    "is_active": true
   },
   "geometry": {
    "type": "Point",
    "coordinates": [
     82.65275,
     49.945125
    ]
   }
  },
  {
   "type": "Feature",
   "properties": {
    "station_id": "kgmt_12",
    "name": "PCP #6",
    "city": "Astana",
    "region": null,
    "country": "KZ",
    "lat": 51.181287116,
    "lon": 71.465806956,
    "timezone": "Asia/Almaty",
    "station_type": "reference",
    "source": "kgmt",
    "operator": "KazHydroMet",
    "is_active": true
   },
   "geometry": {
    "type": "Point",
    "coordinates": [
     71.465806956,
     51.181287116
    ]
   }
  },
  {
   "type": "Feature",
   "properties": {
    "station_id": "kgmt_14",
    "name": "PCP #5",
    "city": "Astana",
    "region": null,
    "country": "KZ",
    "lat": 51.157371472,
    "lon": 71.415058185,
    "timezone": "Asia/Almaty",
    "station_type": "reference",
    "source": "kgmt",
    "operator": "KazHydroMet",
    "is_active": true
   },
   "geometry": {
    "type": "Point",
    "coordinates": [
     71.415058185,
     51.157371472
    ]
   }
  },
  {
   "type": "Feature",
   "properties": {
    "station_id": "kgmt_15",
    "name": "PCP #6",
    "city": "Shymkent",
    "region": null,
    "country": "KZ",
    "lat": 42.362713368,
    "lon": 69.630918479,
    "timezone": "Asia/Almaty",
    "station_type": "reference",
    "source": "kgmt",
    "operator": "KazHydroMet",
    "is_active": true
   },
   "geometry": {
    "type": "Point",
    "coordinates": [
     69.630918479,
     42.362713368
    ]
   }
  },
  {
   "type": "Feature",
   "properties": {
    "station_id": "kgmt_2",
    "name": "PCP #1",
    "city": "Semey ",
    "region": null,
    "country": "KZ",
    "lat": 50.399262,
    "lon": 80.201923,
    "timezone": "Asia/Almaty",
    "station_type": "reference",
    "source": "kgmt",
    "operator": "KazHydroMet",
    "is_active": true
   },
   "geometry": {
    "type": "Point",
    "coordinates": [
     80.201923,
     50.399262
    ]
   }
  },
  {
   "type": "Feature",
   "properties": {
    "station_id": "kgmt_21",
    "name": "PCP #2",
    "city": "Saran",
    "region": null,
    "country": "KZ",
    "lat": 49.803843112,
    "lon": 72.824840229,
    "timezone": "Asia/Almaty",
    "station_type": "reference",
    "source": "kgmt",
    "operator": "KazHydroMet",
    "is_active": true
   },
   "geometry": {
    "type": "Point",
    "coordinates": [
     72.824840229,
     49.803843112
    ]
   }
  },
  {
   "type": "Feature",
   "properties": {
    "station_id": "kgmt_22",
    "name": "PCP #6",
    "city": "Aktau",
    "region": null,
    "country": "KZ",
    "lat": 43.677764166,
    "lon": 51.174961813,
    "timezone": "Asia/Almaty",
    "station_type": "reference",
    "source": "kgmt",
    "operator": "KazHydroMet",
    "is_active": true
   },
   "geometry": {
    "type": "Point",
    "coordinates": [
     51.174961813,
     43.677764166
    ]
   }
  },
  {
   "type": "Feature",
   "properties": {
    "station_id": "kgmt_229",
    "name": "PCP #1",
    "city": "Zharkent",
    "region": null,
    "country": "KZ",
    "lat": 44.152841,
    "lon": 79.991072,
    "timezone": "Asia/Almaty",
    "station_type": "reference",
    "source": "kgmt",
    "operator": "KazHydroMet",
    "is_active": true
   },
   "geometry": {
    "type": "Point",
    "coordinates": [
     79.991072,
     44.152841
    ]
   }
  },
  {
   "type": "Feature",
   "properties": {
    "station_id": "kgmt_23",
    "name": "PCP #5",
    "city": "Aktau",
    "region": null,
    "country": "KZ",
    "lat": 43.658540091,
    "lon": 51.146762,
    "timezone": "Asia/Almaty",
    "station_type": "reference",
    "source": "kgmt",
    "operator": "KazHydroMet",
    "is_active": true
   },
   "geometry": {
    "type": "Point",
    "coordinates": [
     51.146762,
     43.658540091
    ]
   }
  },
  {
   "type": "Feature",
   "properties": {
    "station_id": "kgmt_230",
    "name": "PCP #1",
    "city": "Talgar",
    "region": null,
    "country": "KZ",
    "lat": 43.302425,
    "lon": 77.239448,
    "timezone": "Asia/Almaty",
    "station_type": "reference",
    "source": "kgmt",
    "operator": "KazHydroMet",
    "is_active": true
   },
   "geometry": {
    "type": "Point",
    "coordinates": [
     77.239448,
     43.302425
    ]
   }
  },
  {
   "type": "Feature",
   "properties": {
    "station_id": "kgmt_231",
    "name": "PCP #1",
    "city": "Khromtau",
    "region": null,
    "country": "KZ",
    "lat": 50.249886,
    "lon": 58.436577,
    "timezone": "Asia/Almaty",
    "station_type": "reference",
    "source": "kgmt",
    "operator": "KazHydroMet",
    "is_active": true
   },
   "geometry": {
    "type": "Point",
    "coordinates": [
     58.436577,
     50.249886
    ]
   }
  },
  {
   "type": "Feature",
   "properties": {
    "station_id": "kgmt_232",
    "name": "PCP #1",
    "city": "Kandyagash",
    "region": null,
    "country": "KZ",
    "lat": 49.472571,
    "lon": 57.422103,
    "timezone": "Asia/Almaty",
    "station_type": "reference",
    "source": "kgmt",
    "operator": "KazHydroMet",
    "is_active": true
   },
   "geometry": {
    "type": "Point",
    "coordinates": [
     57.422103,
     49.472571
    ]
   }
  },
  {
   "type": "Feature",
   "properties": {
    "station_id": "kgmt_233",
    "name": "PCP #1",
    "city": "Shubarshi vil.",
    "region": null,
    "country": "KZ",
    "lat": 48.580153,
    "lon": 57.178708,
    "timezone": "Asia/Almaty",
    "station_type": "reference",
    "source": "kgmt",
    "operator": "KazHydroMet",
    "is_active": true
   },
   "geometry": {
    "type": "Point",
    "coordinates": [
     57.178708,
     48.580153
    ]
   }
  },
  {
   "type": "Feature",
   "properties": {
    "station_id": "kgmt_234",
    "name": "PCP #1",
    "city": "Kenkiyak vil. ",
    "region": null,
    "country": "KZ",
    "lat": 48.604869,
    "lon": 57.116446,
    "timezone": "Asia/Almaty",
    "station_type": "reference",
    "source": "kgmt",
    "operator": "KazHydroMet",
    "is_active": true
   },
   "geometry": {
    "type": "Point",
    "coordinates": [
     57.116446,
     48.604869
    ]
   }
  },
  {
   "type": "Feature",
   "properties": {
    "station_id": "kgmt_235",
    "name": "PCP #10",
    "city": "Atyrau",
    "region": null,
    "country": "KZ",
    "lat": 47.114687,
    "lon": 51.860907,
    "timezone": "Asia/Almaty",
    "station_type": "reference",
    "source": "kgmt",
    "operator": "KazHydroMet",
    "is_active": true
   },
   "geometry": {
    "type": "Point",
    "coordinates": [
     51.860907,
     47.114687
    ]
   }
  },
  {
   "type": "Feature",
   "properties": {
    "station_id": "kgmt_236",
    "name": "PCP #1",
    "city": "Zhanbai vil.",
    "region": null,
    "country": "KZ",
    "lat": 47.047536,
    "lon": 50.809153,
    "timezone": "Asia/Almaty",
    "station_type": "reference",
    "source": "kgmt",
    "operator": "KazHydroMet",
    "is_active": true
   },
   "geometry": {
    "type": "Point",
    "coordinates": [
     50.809153,
     47.047536
    ]
   }
  },
  {
   "type": "Feature",
   "properties": {
    "station_id": "kgmt_237",
    "name": "PCP #1",
    "city": "Makat vil.",
    "region": null,
    "country": "KZ",
    "lat": 47.64487,
    "lon": 53.331825,
    "timezone": "Asia/Almaty",
    "station_type": "reference",
    "source": "kgmt",
    "operator": "KazHydroMet",
    "is_active": true
   },
   "geometry": {
    "type": "Point",
    "coordinates": [
     53.331825,
     47.64487
    ]
   }
  },
  {
   "type": "Feature",
   "properties": {
    "station_id": "kgmt_238",
    "name": "PCP #1",
    "city": "Inderborsky vil.",
    "region": null,
    "country": "KZ",
    "lat": 48.55635,
    "lon": 51.735106,
    "timezone": "Asia/Almaty",
    "station_type": "reference",
    "source": "kgmt",
    "operator": "KazHydroMet",
    "is_active": true
   },
   "geometry": {
    "type": "Point",
    "coordinates": [
     51.735106,
     48.55635
    ]
   }
  },
  {
   "type": "Feature",
   "properties": {
    "station_id": "kgmt_239",
    "name": "PCP #1",
    "city": "Ganyushkino vil.",
    "region": null,
    "country": "KZ",
    "lat": 46.603537,
    "lon": 49.270783,
    "timezone": "Asia/Almaty",
    "station_type": "reference",
    "source": "kgmt",
    "operator": "KazHydroMet",
    "is_active": true
   },
   "geometry": {
    "type": "Point",
    "coordinates": [
     49.270783,
     46.603537
    ]
   }
  },
  {
   "type": "Feature",
   "properties": {
    "station_id": "kgmt_24",
    "name": "PCP #2",
    "city": "Aktobe",
    "region": null,
    "country": "KZ",
    "lat": 50.315857,
    "lon": 57.12772,
    "timezone": "Asia/Almaty",
    "station_type": "reference",
    "source": "kgmt",
    "operator": "KazHydroMet",
    "is_active": true
   },
   "geometry": {
    "type": "Point",
    "coordinates": [
     57.12772,
     50.315857
    ]
   }
  },
  {
   "type": "Feature",
   "properties": {
    "station_id": "kgmt_240",
    "name": "PCP #4",
    "city": "Oskemen",
    "region": null,
    "country": "KZ",
    "lat": 49.948313,
    "lon": 82.627857,
    "timezone": "Asia/Almaty",
    "station_type": "reference",
    "source": "kgmt",
    "operator": "KazHydroMet",
    "is_active": true
   },
   "geometry": {
    "type": "Point",
    "coordinates": [
     82.627857,
     49.948313
    ]
   }
  },
  {
   "type": "Feature",
   "properties": {
    "station_id": "kgmt_241",
    "name": "PCP #6",
    "city": "Oskemen",
    "region": null,
    "country": "KZ",
    "lat": 49.982333,
    "lon": 82.572036,
    "timezone": "Asia/Almaty",
    "station_type": "reference",
    "source": "kgmt",
    "operator": "KazHydroMet",
    "is_active": true
   },
   "geometry": {
    "type": "Point",
    "coordinates": [
     82.572036,
     49.982333
    ]
   }
  },
  {
   "type": "Feature",
   "properties": {
    "station_id": "kgmt_242",
    "name": "PCP #11",
    "city": "Oskemen",
    "region": null,
    "country": "KZ",
    "lat": 49.901193,
    "lon": 82.605813,
    "timezone": "Asia/Almaty",
    "station_type": "reference",
    "source": "kgmt",
    "operator": "KazHydroMet",
    "is_active": true
   },
   "geometry": {
    "type": "Point",
    "coordinates": [
     82.605813,
     49.901193
    ]
   }
  },
  {
   "type": "Feature",
   "properties": {
    "station_id": "kgmt_243",
    "name": "PCP #1",
    "city": "Oskemen",
    "region": null,
    "country": "KZ",
    "lat": 49.978515,
    "lon": 82.605507,
    "timezone": "Asia/Almaty",
    "station_type": "reference",
    "source": "kgmt",
    "operator": "KazHydroMet",
    "is_active": true
   },
   "geometry": {
    "type": "Point",
    "coordinates": [
     82.605507,
     49.978515
    ]
   }
  },
  {
   "type": "Feature",
   "properties": {
    "station_id": "kgmt_244",
    "name": "PCP #5",
    "city": "Oskemen",
    "region": null,
    "country": "KZ",
    "lat": 49.946029,
    "lon": 82.624444,
    "timezone": "Asia/Almaty",
    "station_type": "reference",
    "source": "kgmt",
    "operator": "KazHydroMet",
    "is_active": true
   },
   "geometry": {
    "type": "Point",
    "coordinates": [
     82.624444,
     49.946029
    ]
   }
  },
  {
   "type": "Feature",
   "properties": {
    "station_id": "kgmt_245",
    "name": "PCP #7",
    "city": "Oskemen",
    "region": null,
    "country": "KZ",
    "lat": 50.009364,
    "lon": 82.565595,
    "timezone": "Asia/Almaty",
    "station_type": "reference",
    "source": "kgmt",
    "operator": "KazHydroMet",
    "is_active": true
   },
   "geometry": {
    "type": "Point",
    "coordinates": [
     82.565595,
     50.009364
    ]
   }
  },
  {
   "type": "Feature",
   "properties": {
    "station_id": "kgmt_246",
    "name": "PCP #8",
    "city": "Oskemen",
    "region": null,
    "country": "KZ",
    "lat": 50.02744,
    "lon": 82.740084,
    "timezone": "Asia/Almaty",
    "station_type": "reference",
    "source": "kgmt",
    "operator": "KazHydroMet",
    "is_active": true
   },
   "geometry": {
    "type": "Point",
    "coordinates": [
     82.740084,
     50.02744
    ]
   }
  },
  {
   "type": "Feature",
   "properties": {
    "station_id": "kgmt_247",
    "name": "PCP #12",
    "city": "Oskemen",
    "region": null,
    "country": "KZ",
    "lat": 49.900142,
    "lon": 82.622665,
    "timezone": "Asia/Almaty",
    "station_type": "reference",
    "source": "kgmt",
    "operator": "KazHydroMet",
    "is_active": true
   },
   "geometry": {
    "type": "Point",
    "coordinates": [
     82.622665,
     49.900142
    ]
   }
  },
  {
   "type": "Feature",
   "properties": {
    "station_id": "kgmt_248",
    "name": "PCP #2",
    "city": "Semey ",
    "region": null,
    "country": "KZ",
    "lat": 50.414781,
    "lon": 80.248535,
    "timezone": "Asia/Almaty",
    "station_type": "reference",
    "source": "kgmt",
    "operator": "KazHydroMet",
    "is_active": true
   },
   "geometry": {
    "type": "Point",
    "coordinates": [
     80.248535,
     50.414781
    ]
   }
  },
  {
   "type": "Feature",
   "properties": {
    "station_id": "kgmt_249",
    "name": "PCP #4",
    "city": "Semey ",
    "region": null,
    "country": "KZ",
    "lat": 50.437156,
    "lon": 80.240893,
    "timezone": "Asia/Almaty",
    "station_type": "reference",
    "source": "kgmt",
    "operator": "KazHydroMet",
    "is_active": true
   },
   "geometry": {
    "type": "Point",
    "coordinates": [
     80.240893,
     50.437156
    ]
   }
  },
  {
   "type": "Feature",
   "properties": {
    "station_id": "kgmt_25",
    "name": "PCP #2",
    "city": "Almaty",
    "region": null,
    "country": "KZ",
    "lat": 43.356554,
    "lon": 76.87545,
    "timezone": "Asia/Almaty",
    "station_type": "reference",
    "source": "kgmt",
    "operator": "KazHydroMet",
    "is_active": true
   },
   "geometry": {
    "type": "Point",
    "coordinates": [
     76.87545,
     43.356554
    ]
   }
  },
  {
   "type": "Feature",
   "properties": {
    "station_id": "kgmt_250",
    "name": "PCP #1",
    "city": "Ayagoz",
    "region": null,
    "country": "KZ",
    "lat": 47.965439,
    "lon": 80.437081,
    "timezone": "Asia/Almaty",
    "station_type": "reference",
    "source": "kgmt",
    "operator": "KazHydroMet",
    "is_active": true
   },
   "geometry": {
    "type": "Point",
    "coordinates": [
     80.437081,
     47.965439
    ]
   }
  },
  {
   "type": "Feature",
   "properties": {
    "station_id": "kgmt_251",
    "name": "PCP #1",
    "city": "Auezov vil.",
    "region": null,
    "country": "KZ",
    "lat": 49.716389,
    "lon": 81.588794,
    "timezone": "Asia/Almaty",
    "station_type": "reference",
    "source": "kgmt",
    "operator": "KazHydroMet",
    "is_active": true
   },
   "geometry": {
    "type": "Point",
    "coordinates": [
     81.588794,
     49.716389
    ]
   }
  },
  {
   "type": "Feature",
   "properties": {
    "station_id": "kgmt_252",
    "name": "PCP #1",
    "city": "Shemonaiha",
    "region": null,
    "country": "KZ",
    "lat": 50.627915,
    "lon": 81.918053,
    "timezone": "Asia/Almaty",
    "station_type": "reference",
    "source": "kgmt",
    "operator": "KazHydroMet",
    "is_active": true
   },
   "geometry": {
    "type": "Point",
    "coordinates": [
     81.918053,
     50.627915
    ]
   }
  },
  {
   "type": "Feature",
   "properties": {
    "station_id": "kgmt_253",
    "name": "PCP #1",
    "city": "Satpayev",
    "region": null,
    "country": "KZ",
    "lat": 47.910100001,
    "lon": 67.529447918,
    "timezone": "Asia/Almaty",
    "station_type": "reference",
    "source": "kgmt",
    "operator": "KazHydroMet",
    "is_active": true
   },
   "geometry": {
    "type": "Point",
    "coordinates": [
     67.529447918,
     47.910100001
    ]
   }
  },
  {
   "type": "Feature",
   "properties": {
    "station_id": "kgmt_254",
    "name": "PCP #2",
    "city": "Satpayev",
    "region": null,
    "country": "KZ",
    "lat": 47.899573798,
    "lon": 67.547156701,
    "timezone": "Asia/Almaty",
    "station_type": "reference",
    "source": "kgmt",
    "operator": "KazHydroMet",
    "is_active": true
   },
   "geometry": {
    "type": "Point",
    "coordinates": [
     67.547156701,
     47.899573798
    ]
   }
  },
  {
   "type": "Feature",
   "properties": {
    "station_id": "kgmt_255",
    "name": "PCP #1",
    "city": "Abay town",
    "region": null,
    "country": "KZ",
    "lat": 49.633480901,
    "lon": 72.854964256,
    "timezone": "Asia/Almaty",
    "station_type": "reference",
    "source": "kgmt",
    "operator": "KazHydroMet",
    "is_active": true
   },
   "geometry": {
    "type": "Point",
    "coordinates": [
     72.854964256,
     49.633480901
    ]
   }
  },
  {
   "type": "Feature",
   "properties": {
    "station_id": "kgmt_256",
    "name": "PCP #1",
    "city": "Lisakovsk",
    "region": null,
    "country": "KZ",
    "lat": 52.547538,
    "lon": 62.495819,
    "timezone": "Asia/Almaty",
    "station_type": "reference",
    "source": "kgmt",
    "operator": "KazHydroMet",
    "is_active": true
   },
   "geometry": {
    "type": "Point",
    "coordinates": [
     62.495819,
     52.547538
    ]
   }
  },
  {
   "type": "Feature",
   "properties": {
    "station_id": "kgmt_257",
    "name": "PCP #1",
    "city": "Arkalyk",
    "region": null,
    "country": "KZ",
    "lat": 50.249201,
    "lon": 66.921237,
    "timezone": "Asia/Almaty",
    "station_type": "reference",
    "source": "kgmt",
    "operator": "KazHydroMet",
    "is_active": true
   },
   "geometry": {
    "type": "Point",
    "coordinates": [
     66.921237,
     50.249201
    ]
   }
  },
  {
   "type": "Feature",
   "properties": {
    "station_id": "kgmt_258",
    "name": "PCP #1",
    "city": "Zhetikara",
    "region": null,
    "country": "KZ",
    "lat": 52.189549855,
    "lon": 61.197536033,
    "timezone": "Asia/Almaty",
    "station_type": "reference",
    "source": "kgmt",
    "operator": "KazHydroMet",
    "is_active": true
   },
   "geometry": {
    "type": "Point",
    "coordinates": [
     61.197536033,
     52.189549855
    ]
   }
  },
  {
   "type": "Feature",
   "properties": {
    "station_id": "kgmt_259",
    "name": "PCP #1",
    "city": "Aiteke-Bi vil.",
    "region": null,
    "country": "KZ",
    "lat": 45.827493,
    "lon": 62.138322,
    "timezone": "Asia/Almaty",
    "station_type": "reference",
    "source": "kgmt",
    "operator": "KazHydroMet",
    "is_active": true
   },
   "geometry": {
    "type": "Point",
    "coordinates": [
     62.138322,
     45.827493
    ]
   }
  },
  {
   "type": "Feature",
   "properties": {
    "station_id": "kgmt_26",
    "name": "PCP #29",
    "city": "Almaty",
    "region": null,
    "country": "KZ",
    "lat": 43.338052,
    "lon": 76.952083,
    "timezone": "Asia/Almaty",
    "station_type": "reference",
    "source": "kgmt",
    "operator": "KazHydroMet",
    "is_active": true
   },
   "geometry": {
    "type": "Point",
    "coordinates": [
     76.952083,
     43.338052
    ]
   }
  },
  {
   "type": "Feature",
   "properties": {
    "station_id": "kgmt_260",
    "name": "PCP #1",
    "city": "Shieli vil.",
    "region": null,
    "country": "KZ",
    "lat": 44.196932,
    "lon": 66.729432,
    "timezone": "Asia/Almaty",
    "station_type": "reference",
    "source": "kgmt",
    "operator": "KazHydroMet",
    "is_active": true
   },
   "geometry": {
    "type": "Point",
    "coordinates": [
     66.729432,
     44.196932
    ]
   }
  },
  {
   "type": "Feature",
   "properties": {
    "station_id": "kgmt_261",
    "name": "PCP #1",
    "city": "Aral",
    "region": null,
    "country": "KZ",
    "lat": 46.808742,
    "lon": 61.646597,
    "timezone": "Asia/Almaty",
    "station_type": "reference",
    "source": "kgmt",
    "operator": "KazHydroMet",
    "is_active": true
   },
   "geometry": {
    "type": "Point",
    "coordinates": [
     61.646597,
     46.808742
    ]
   }
  },
  {
   "type": "Feature",
   "properties": {
    "station_id": "kgmt_262",
    "name": "PCP #3",
    "city": "Turkestan",
    "region": null,
    "country": "KZ",
    "lat": 43.278559,
    "lon": 68.204759,
    "timezone": "Asia/Almaty",
    "station_type": "reference",
    "source": "kgmt",
    "operator": "KazHydroMet",
    "is_active": true
   },
   "geometry": {
    "type": "Point",
    "coordinates": [
     68.204759,
     43.278559
    ]
   }
  },
  {
   "type": "Feature",
   "properties": {
    "station_id": "kgmt_263",
    "name": "PCP #2",
    "city": "Turkestan",
    "region": null,
    "country": "KZ",
    "lat": 43.293362,
    "lon": 68.28954,
    "timezone": "Asia/Almaty",
    "station_type": "reference",
    "source": "kgmt",
    "operator": "KazHydroMet",
    "is_active": true
   },
   "geometry": {
    "type": "Point",
    "coordinates": [
     68.28954,
     43.293362
    ]
   }
  },
  {
   "type": "Feature",
   "properties": {
    "station_id": "kgmt_264",
    "name": "PCP #4",
    "city": "Kyzylsai vil.",
    "region": null,
    "country": "KZ",
    "lat": 42.347694,
    "lon": 69.709302,
    "timezone": "Asia/Almaty",
    "station_type": "reference",
    "source": "kgmt",
    "operator": "KazHydroMet",
    "is_active": true
   },
   "geometry": {
    "type": "Point",
    "coordinates": [
     69.709302,
     42.347694
    ]
   }
  },
  {
   "type": "Feature",
   "properties": {
    "station_id": "kgmt_265",
    "name": "PCP #1",
    "city": "Sastobe vil.",
    "region": null,
    "country": "KZ",
    "lat": 42.552199,
    "lon": 70.006528,
    "timezone": "Asia/Almaty",
    "station_type": "reference",
    "source": "kgmt",
    "operator": "KazHydroMet",
    "is_active": true
   },
   "geometry": {
    "type": "Point",
    "coordinates": [
     70.006528,
     42.552199
    ]
   }
  },
  {
   "type": "Feature",
   "properties": {
    "station_id": "kgmt_27",
    "name": "PCP #31",
    "city": "Almaty",
    "region": null,
    "country": "KZ",
    "lat": 43.180754,
    "lon": 76.888068,
    "timezone": "Asia/Almaty",
    "station_type": "reference",
    "source": "kgmt",
    "operator": "KazHydroMet",
    "is_active": true
   },
   "geometry": {
    "type": "Point",
    "coordinates": [
     76.888068,
     43.180754
    ]
   }
  },
  {
   "type": "Feature",
   "properties": {
    "station_id": "kgmt_28",
    "name": "PCP #30",
    "city": "Almaty",
    "region": null,
    "country": "KZ",
    "lat": 43.298778,
    "lon": 76.851498,
    "timezone": "Asia/Almaty",
    "station_type": "reference",
    "source": "kgmt",
    "operator": "KazHydroMet",
    "is_active": true
   },
   "geometry": {
    "type": "Point",
    "coordinates": [
     76.851498,
     43.298778
    ]
   }
  },
  {
   "type": "Feature",
   "properties": {
    "station_id": "kgmt_29",
    "name": "PCP #6",
    "city": "Petropavl",
    "region": null,
    "country": "KZ",
    "lat": 54.923693,
    "lon": 69.141221,
    "timezone": "Asia/Almaty",
    "station_type": "reference",
    "source": "kgmt",
    "operator": "KazHydroMet",
    "is_active": true
   },
   "geometry": {
    "type": "Point",
    "coordinates": [
     69.141221,
     54.923693
    ]
   }
  },
  {
   "type": "Feature",
   "properties": {
    "station_id": "kgmt_3",
    "name": "PCP #3",
    "city": "Oskemen",
    "region": null,
    "country": "KZ",
    "lat": 49.966638,
    "lon": 82.614993,
    "timezone": "Asia/Almaty",
    "station_type": "reference",
    "source": "kgmt",
    "operator": "KazHydroMet",
    "is_active": true
   },
   "geometry": {
    "type": "Point",
    "coordinates": [
     82.614993,
     49.966638
    ]
   }
  },
  {
   "type": "Feature",
   "properties": {
    "station_id": "kgmt_30",
    "name": "PCP #1",
    "city": "Stepnogorsk",
    "region": null,
    "country": "KZ",
    "lat": 52.340841,
    "lon": 71.867344,
    "timezone": "Asia/Almaty",
    "station_type": "reference",
    "source": "kgmt",
    "operator": "KazHydroMet",
    "is_active": true
   },
   "geometry": {
    "type": "Point",
    "coordinates": [
     71.867344,
     52.340841
    ]
   }
  },
  {
   "type": "Feature",
   "properties": {
    "station_id": "kgmt_31",
    "name": "PCP #6",
    "city": "Aktobe",
    "region": null,
    "country": "KZ",
    "lat": 50.290375741,
    "lon": 57.22209476,
    "timezone": "Asia/Almaty",
    "station_type": "reference",
    "source": "kgmt",
    "operator": "KazHydroMet",
    "is_active": true
   },
   "geometry": {
    "type": "Point",
    "coordinates": [
     57.22209476,
     50.290375741
    ]
   }
  },
  {
   "type": "Feature",
   "properties": {
    "station_id": "kgmt_32",
    "name": "PCP #8",
    "city": "Atyrau",
    "region": null,
    "country": "KZ",
    "lat": 47.096617,
    "lon": 51.942701,
    "timezone": "Asia/Almaty",
    "station_type": "reference",
    "source": "kgmt",
    "operator": "KazHydroMet",
    "is_active": true
   },
   "geometry": {
    "type": "Point",
    "coordinates": [
     51.942701,
     47.096617
    ]
   }
  },
  {
   "type": "Feature",
   "properties": {
    "station_id": "kgmt_33",
    "name": "PCP #9",
    "city": "Atyrau",
    "region": null,
    "country": "KZ",
    "lat": 47.139138,
    "lon": 51.96226,
    "timezone": "Asia/Almaty",
    "station_type": "reference",
    "source": "kgmt",
    "operator": "KazHydroMet",
    "is_active": true
   },
   "geometry": {
    "type": "Point",
    "coordinates": [
     51.96226,
     47.139138
    ]
   }
  },
  {
   "type": "Feature",
   "properties": {
    "station_id": "kgmt_34",
    "name": "PCP #3",
    "city": "Semey ",
    "region": null,
    "country": "KZ",
    "lat": 50.420238,
    "lon": 80.274296,
    "timezone": "Asia/Almaty",
    "station_type": "reference",
    "source": "kgmt",
    "operator": "KazHydroMet",
    "is_active": true
   },
   "geometry": {
    "type": "Point",
    "coordinates": [
     80.274296,
     50.420238
    ]
   }
  },
  {
   "type": "Feature",
   "properties": {
    "station_id": "kgmt_35",
    "name": "PCP #3",
    "city": "Glubokoe",
    "region": null,
    "country": "KZ",
    "lat": 50.134814,
    "lon": 82.314013,
    "timezone": "Asia/Almaty",
    "station_type": "reference",
    "source": "kgmt",
    "operator": "KazHydroMet",
    "is_active": true
   },
   "geometry": {
    "type": "Point",
    "coordinates": [
     82.314013,
     50.134814
    ]
   }
  },
  {
   "type": "Feature",
   "properties": {
    "station_id": "kgmt_36",
    "name": "PCP #5",
    "city": "Karagandy",
    "region": null,
    "country": "KZ",
    "lat": 49.7866,
    "lon": 73.165714,
    "timezone": "Asia/Almaty",
    "station_type": "reference",
    "source": "kgmt",
    "operator": "KazHydroMet",
    "is_active": true
   },
   "geometry": {
    "type": "Point",
    "coordinates": [
     73.165714,
     49.7866
    ]
   }
  },
  {
   "type": "Feature",
   "properties": {
    "station_id": "kgmt_37",
    "name": "PCP #1",
    "city": "Karatau",
    "region": null,
    "country": "KZ",
    "lat": 43.179384,
    "lon": 70.438509,
    "timezone": "Asia/Almaty",
    "station_type": "reference",
    "source": "kgmt",
    "operator": "KazHydroMet",
    "is_active": true
   },
   "geometry": {
    "type": "Point",
    "coordinates": [
     70.438509,
     43.179384
    ]
   }
  },
  {
   "type": "Feature",
   "properties": {
    "station_id": "kgmt_38",
    "name": "PCP #1",
    "city": "Zhanatas",
    "region": null,
    "country": "KZ",
    "lat": 43.563946,
    "lon": 69.707703,
    "timezone": "Asia/Almaty",
    "station_type": "reference",
    "source": "kgmt",
    "operator": "KazHydroMet",
    "is_active": true
   },
   "geometry": {
    "type": "Point",
    "coordinates": [
     69.707703,
     43.563946
    ]
   }
  },
  {
   "type": "Feature",
   "properties": {
    "station_id": "kgmt_39",
    "name": "PCP #1",
    "city": "Chu",
    "region": null,
    "country": "KZ",
    "lat": 43.610837,
    "lon": 73.748418,
    "timezone": "Asia/Almaty",
    "station_type": "reference",
    "source": "kgmt",
    "operator": "KazHydroMet",
    "is_active": true
   },
   "geometry": {
    "type": "Point",
    "coordinates": [
     73.748418,
     43.610837
    ]
   }
  },
  {
   "type": "Feature",
   "properties": {
    "station_id": "kgmt_4",
    "name": "PCP #7",
    "city": "Astana",
    "region": null,
    "country": "KZ",
    "lat": 51.119222952,
    "lon": 71.432335527,
    "timezone": "Asia/Almaty",
    "station_type": "reference",
    "source": "kgmt",
    "operator": "KazHydroMet",
    "is_active": true
   },
   "geometry": {
    "type": "Point",
    "coordinates": [
     71.432335527,
     51.119222952
    ]
   }
  },
  {
   "type": "Feature",
   "properties": {
    "station_id": "kgmt_40",
    "name": "PCP #1",
    "city": "Kordai",
    "region": null,
    "country": "KZ",
    "lat": 43.079917,
    "lon": 74.707292,
    "timezone": "Asia/Almaty",
    "station_type": "reference",
    "source": "kgmt",
    "operator": "KazHydroMet",
    "is_active": true
   },
   "geometry": {
    "type": "Point",
    "coordinates": [
     74.707292,
     43.079917
    ]
   }
  },
  {
   "type": "Feature",
   "properties": {
    "station_id": "kgmt_41",
    "name": "PCP #7",
    "city": "Aksai",
    "region": null,
    "country": "KZ",
    "lat": 51.159997,
    "lon": 52.99708,
    "timezone": "Asia/Almaty",
    "station_type": "reference",
    "source": "kgmt",
    "operator": "KazHydroMet",
    "is_active": true
   },
   "geometry": {
    "type": "Point",
    "coordinates": [
     52.99708,
     51.159997
    ]
   }
  },
  {
   "type": "Feature",
   "properties": {
    "station_id": "kgmt_42",
    "name": "PCP #7",
    "city": "Yanvartsevo",
    "region": null,
    "country": "KZ",
    "lat": 51.431947,
    "lon": 52.712399,
    "timezone": "Asia/Almaty",
    "station_type": "reference",
    "source": "kgmt",
    "operator": "KazHydroMet",
    "is_active": true
   },
   "geometry": {
    "type": "Point",
    "coordinates": [
     52.712399,
     51.431947
    ]
   }
  },
  {
   "type": "Feature",
   "properties": {
    "station_id": "kgmt_43",
    "name": "PCP #1",
    "city": "Zhezkazgan",
    "region": null,
    "country": "KZ",
    "lat": 47.910901,
    "lon": 67.530281,
    "timezone": "Asia/Almaty",
    "station_type": "reference",
    "source": "kgmt",
    "operator": "KazHydroMet",
    "is_active": true
   },
   "geometry": {
    "type": "Point",
    "coordinates": [
     67.530281,
     47.910901
    ]
   }
  },
  {
   "type": "Feature",
   "properties": {
    "station_id": "kgmt_44",
    "name": "PCP #13",
    "city": "Karabalyk",
    "region": null,
    "country": "KZ",
    "lat": 53.749503,
    "lon": 62.051874,
    "timezone": "Asia/Almaty",
    "station_type": "reference",
    "source": "kgmt",
    "operator": "KazHydroMet",
    "is_active": true
   },
   "geometry": {
    "type": "Point",
    "coordinates": [
     62.051874,
     53.749503
    ]
   }
  },
  {
   "type": "Feature",
   "properties": {
    "station_id": "kgmt_45",
    "name": "PCP #7",
    "city": "Beyneu",
    "region": null,
    "country": "KZ",
    "lat": 45.323674,
    "lon": 55.17715,
    "timezone": "Asia/Almaty",
    "station_type": "reference",
    "source": "kgmt",
    "operator": "KazHydroMet",
    "is_active": true
   },
   "geometry": {
    "type": "Point",
    "coordinates": [
     55.17715,
     45.323674
    ]
   }
  },
  {
   "type": "Feature",
   "properties": {
    "station_id": "kgmt_46",
    "name": "PCP #5",
    "city": "Pavlodar",
    "region": null,
    "country": "KZ",
    "lat": 52.281308,
    "lon": 76.946696,
    "timezone": "Asia/Almaty",
    "station_type": "reference",
    "source": "kgmt",
    "operator": "KazHydroMet",
    "is_active": true
   },
   "geometry": {
    "type": "Point",
    "coordinates": [
     76.946696,
     52.281308
    ]
   }
  },
  {
   "type": "Feature",
   "properties": {
    "station_id": "kgmt_47",
    "name": "PCP #6",
    "city": "Pavlodar",
    "region": null,
    "country": "KZ",
    "lat": 52.265335,
    "lon": 76.937616,
    "timezone": "Asia/Almaty",
    "station_type": "reference",
    "source": "kgmt",
    "operator": "KazHydroMet",
    "is_active": true
   },
   "geometry": {
    "type": "Point",
    "coordinates": [
     76.937616,
     52.265335
    ]
   }
  },
  {
   "type": "Feature",
   "properties": {
    "station_id": "kgmt_48",
    "name": "PCP #7",
    "city": "Pavlodar",
    "region": null,
    "country": "KZ",
    "lat": 52.29491,
    "lon": 76.94278,
    "timezone": "Asia/Almaty",
    "station_type": "reference",
    "source": "kgmt",
    "operator": "KazHydroMet",
    "is_active": true
   },
   "geometry": {
    "type": "Point",
    "coordinates": [
     76.94278,
     52.29491
    ]
   }
  },
  {
   "type": "Feature",
   "properties": {
    "station_id": "kgmt_49",
    "name": "PCP #5",
    "city": "Shymkent",
    "region": null,
    "country": "KZ",
    "lat": 42.362259436,
    "lon": 69.593598709,
    "timezone": "Asia/Almaty",
    "station_type": "reference",
    "source": "kgmt",
    "operator": "KazHydroMet",
    "is_active": true
   },
   "geometry": {
    "type": "Point",
    "coordinates": [
     69.593598709,
     42.362259436
    ]
   }
  },
  {
   "type": "Feature",
   "properties": {
    "station_id": "kgmt_50",
    "name": "PCP #1",
    "city": "Kentau",
    "region": null,
    "country": "KZ",
    "lat": 43.513773,
    "lon": 68.487668,
    "timezone": "Asia/Almaty",
    "station_type": "reference",
    "source": "kgmt",
    "operator": "KazHydroMet",
    "is_active": true
   },
   "geometry": {
    "type": "Point",
    "coordinates": [
     68.487668,
     43.513773
    ]
   }
  },
  {
   "type": "Feature",
   "properties": {
    "station_id": "kgmt_51",
    "name": "PCP #2",
    "city": "Kyzylorda",
    "region": null,
    "country": "KZ",
    "lat": 44.847099,
    "lon": 65.486961,
    "timezone": "Asia/Almaty",
    "station_type": "reference",
    "source": "kgmt",
    "operator": "KazHydroMet",
    "is_active": true
   },
   "geometry": {
    "type": "Point",
    "coordinates": [
     65.486961,
     44.847099
    ]
   }
  },
  {
   "type": "Feature",
   "properties": {
    "station_id": "kgmt_52",
    "name": "PCP #3",
    "city": "Kyzylorda",
    "region": null,
    "country": "KZ",
    "lat": 44.794887,
    "lon": 65.530228,
    "timezone": "Asia/Almaty",
    "station_type": "reference",
    "source": "kgmt",
    "operator": "KazHydroMet",
    "is_active": true
   },
   "geometry": {
    "type": "Point",
    "coordinates": [
     65.530228,
     44.794887
    ]
   }
  },
  {
   "type": "Feature",
   "properties": {
    "station_id": "kgmt_53",
    "name": "PCP #3",
    "city": "Aktobe",
    "region": null,
    "country": "KZ",
    "lat": 50.294165115,
    "lon": 57.168480685,
    "timezone": "Asia/Almaty",
    "station_type": "reference",
    "source": "kgmt",
    "operator": "KazHydroMet",
    "is_active": true
   },
   "geometry": {
    "type": "Point",
    "coordinates": [
     57.168480685,
     50.294165115
    ]
   }
  },
  {
   "type": "Feature",
   "properties": {
    "station_id": "kgmt_55",
    "name": "PCP #27",
    "city": "Almaty",
    "region": null,
    "country": "KZ",
    "lat": 43.271831,
    "lon": 76.844818,
    "timezone": "Asia/Almaty",
    "station_type": "reference",
    "source": "kgmt",
    "operator": "KazHydroMet",
    "is_active": true
   },
   "geometry": {
    "type": "Point",
    "coordinates": [
     76.844818,
     43.271831
    ]
   }
  },
  {
   "type": "Feature",
   "properties": {
    "station_id": "kgmt_56",
    "name": "PCP #1",
    "city": "Almaty",
    "region": null,
    "country": "KZ",
    "lat": 43.237859,
    "lon": 76.93394,
    "timezone": "Asia/Almaty",
    "station_type": "reference",
    "source": "kgmt",
    "operator": "KazHydroMet",
    "is_active": true
   },
   "geometry": {
    "type": "Point",
    "coordinates": [
     76.93394,
     43.237859
    ]
   }
  },
  {
   "type": "Feature",
   "properties": {
    "station_id": "kgmt_57",
    "name": "PCP #4",
    "city": "Almaty",
    "region": null,
    "country": "KZ",
    "lat": 43.374376,
    "lon": 76.992008,
    "timezone": "Asia/Almaty",
    "station_type": "reference",
    "source": "kgmt",
    "operator": "KazHydroMet",
    "is_active": true
   },
   "geometry": {
    "type": "Point",
    "coordinates": [
     76.992008,
     43.374376
    ]
   }
  },
  {
   "type": "Feature",
   "properties": {
    "station_id": "kgmt_58",
    "name": "PCP #3",
    "city": "Almaty",
    "region": null,
    "country": "KZ",
    "lat": 43.258748,
    "lon": 76.81706,
    "timezone": "Asia/Almaty",
    "station_type": "reference",
    "source": "kgmt",
    "operator": "KazHydroMet",
    "is_active": true
   },
   "geometry": {
    "type": "Point",
    "coordinates": [
     76.81706,
     43.258748
    ]
   }
  },
  {
   "type": "Feature",
   "properties": {
    "station_id": "kgmt_59",
    "name": "PCP #6",
    "city": "Almaty",
    "region": null,
    "country": "KZ",
    "lat": 43.301062,
    "lon": 76.925444,
    "timezone": "Asia/Almaty",
    "station_type": "reference",
    "source": "kgmt",
    "operator": "KazHydroMet",
    "is_active": true
   },
   "geometry": {
    "type": "Point",
    "coordinates": [
     76.925444,
     43.301062
    ]
   }
  },
  {
   "type": "Feature",
   "properties": {
    "station_id": "kgmt_6",
    "name": "PCP #5",
    "city": "Shchuchinsk",
    "region": null,
    "country": "KZ",
    "lat": 52.951668976,
    "lon": 70.250768748,
    "timezone": "Asia/Almaty",
    "station_type": "reference",
    "source": "kgmt",
    "operator": "KazHydroMet",
    "is_active": true
   },
   "geometry": {
    "type": "Point",
    "coordinates": [
     70.250768748,
     52.951668976
    ]
   }
  },
  {
   "type": "Feature",
   "properties": {
    "station_id": "kgmt_60",
    "name": "PCP #5",
    "city": "Almaty",
    "region": null,
    "country": "KZ",
    "lat": 43.288125,
    "lon": 76.990615,
    "timezone": "Asia/Almaty",
    "station_type": "reference",
    "source": "kgmt",
    "operator": "KazHydroMet",
    "is_active": true
   },
   "geometry": {
    "type": "Point",
    "coordinates": [
     76.990615,
     43.288125
    ]
   }
  },
  {
   "type": "Feature",
   "properties": {
    "station_id": "kgmt_61",
    "name": "PCP #2",
    "city": "Taldykorgan",
    "region": null,
    "country": "KZ",
    "lat": 45.002716,
    "lon": 78.34257,
    "timezone": "Asia/Almaty",
    "station_type": "reference",
    "source": "kgmt",
    "operator": "KazHydroMet",
    "is_active": true
   },
   "geometry": {
    "type": "Point",
    "coordinates": [
     78.34257,
     45.002716
    ]
   }
  },
  {
   "type": "Feature",
   "properties": {
    "station_id": "kgmt_63",
    "name": "PCP #2",
    "city": "Temirtau",
    "region": null,
    "country": "KZ",
    "lat": 50.051568,
    "lon": 72.996481,
    "timezone": "Asia/Almaty",
    "station_type": "reference",
    "source": "kgmt",
    "operator": "KazHydroMet",
    "is_active": true
   },
   "geometry": {
    "type": "Point",
    "coordinates": [
     72.996481,
     50.051568
    ]
   }
  },
  {
   "type": "Feature",
   "properties": {
    "station_id": "kgmt_64",
    "name": "PCP #6",
    "city": "Karagandy",
    "region": null,
    "country": "KZ",
    "lat": 49.878622,
    "lon": 73.18969,
    "timezone": "Asia/Almaty",
    "station_type": "reference",
    "source": "kgmt",
    "operator": "KazHydroMet",
    "is_active": true
   },
   "geometry": {
    "type": "Point",
    "coordinates": [
     73.18969,
     49.878622
    ]
   }
  },
  {
   "type": "Feature",
   "properties": {
    "station_id": "kgmt_65",
    "name": "PCP #8",
    "city": "Karagandy",
    "region": null,
    "country": "KZ",
    "lat": 49.795306,
    "lon": 73.165822,
    "timezone": "Asia/Almaty",
    "station_type": "reference",
    "source": "kgmt",
    "operator": "KazHydroMet",
    "is_active": true
   },
   "geometry": {
    "type": "Point",
    "coordinates": [
     73.165822,
     49.795306
    ]
   }
  },
  {
   "type": "Feature",
   "properties": {
    "station_id": "kgmt_68",
    "name": "PCP #1",
    "city": "Aksu",
    "region": null,
    "country": "KZ",
    "lat": 52.340368,
    "lon": 71.867612,
    "timezone": "Asia/Almaty",
    "station_type": "reference",
    "source": "kgmt",
    "operator": "KazHydroMet",
    "is_active": true
   },
   "geometry": {
    "type": "Point",
    "coordinates": [
     71.867612,
     52.340368
    ]
   }
  },
  {
   "type": "Feature",
   "properties": {
    "station_id": "kgmt_69",
    "name": "PCP #4",
    "city": "Pavlodar",
    "region": null,
    "country": "KZ",
    "lat": 52.24583,
    "lon": 76.983057,
    "timezone": "Asia/Almaty",
    "station_type": "reference",
    "source": "kgmt",
    "operator": "KazHydroMet",
    "is_active": true
   },
   "geometry": {
    "type": "Point",
    "coordinates": [
     76.983057,
     52.24583
    ]
   }
  },
  {
   "type": "Feature",
   "properties": {
    "station_id": "kgmt_7",
    "name": "PCP #9",
    "city": "Astana",
    "region": null,
    "country": "KZ",
    "lat": 51.123120595,
    "lon": 71.483370959,
    "timezone": "Asia/Almaty",
    "station_type": "reference",
    "source": "kgmt",
    "operator": "KazHydroMet",
    "is_active": true
   },
   "geometry": {
    "type": "Point",
    "coordinates": [
     71.483370959,
     51.123120595
    ]
   }
  },
  {
   "type": "Feature",
   "properties": {
    "station_id": "kgmt_70",
    "name": "PCP #3",
    "city": "Pavlodar",
    "region": null,
    "country": "KZ",
    "lat": 52.264598,
    "lon": 76.964236,
    "timezone": "Asia/Almaty",
    "station_type": "reference",
    "source": "kgmt",
    "operator": "KazHydroMet",
    "is_active": true
   },
   "geometry": {
    "type": "Point",
    "coordinates": [
     76.964236,
     52.264598
    ]
   }
  },
  {
   "type": "Feature",
   "properties": {
    "station_id": "kgmt_71",
    "name": "PCP #1",
    "city": "SKFM",
    "region": null,
    "country": "KZ",
    "lat": 53.002294,
    "lon": 70.610058,
    "timezone": "Asia/Almaty",
    "station_type": "reference",
    "source": "kgmt",
    "operator": "KazHydroMet",
    "is_active": true
   },
   "geometry": {
    "type": "Point",
    "coordinates": [
     70.610058,
     53.002294
    ]
   }
  },
  {
   "type": "Feature",
   "properties": {
    "station_id": "kgmt_72",
    "name": "PCP #1",
    "city": "Atbasar",
    "region": null,
    "country": "KZ",
    "lat": 51.818902,
    "lon": 68.346866,
    "timezone": "Asia/Almaty",
    "station_type": "reference",
    "source": "kgmt",
    "operator": "KazHydroMet",
    "is_active": true
   },
   "geometry": {
    "type": "Point",
    "coordinates": [
     68.346866,
     51.818902
    ]
   }
  },
  {
   "type": "Feature",
   "properties": {
    "station_id": "kgmt_74",
    "name": "PCP #2",
    "city": "Burabai",
    "region": null,
    "country": "KZ",
    "lat": 53.086033,
    "lon": 70.301807,
    "timezone": "Asia/Almaty",
    "station_type": "reference",
    "source": "kgmt",
    "operator": "KazHydroMet",
    "is_active": true
   },
   "geometry": {
    "type": "Point",
    "coordinates": [
     70.301807,
     53.086033
    ]
   }
  },
  {
   "type": "Feature",
   "properties": {
    "station_id": "kgmt_75",
    "name": "PCP #2",
    "city": "Kokshetau",
    "region": null,
    "country": "KZ",
    "lat": 53.283171,
    "lon": 69.425463,
    "timezone": "Asia/Almaty",
    "station_type": "reference",
    "source": "kgmt",
    "operator": "KazHydroMet",
    "is_active": true
   },
   "geometry": {
    "type": "Point",
    "coordinates": [
     69.425463,
     53.283171
    ]
   }
  },
  {
   "type": "Feature",
   "properties": {
    "station_id": "kgmt_76",
    "name": "PCP #5",
    "city": "Petropavl",
    "region": null,
    "country": "KZ",
    "lat": 54.856896,
    "lon": 69.123008,
    "timezone": "Asia/Almaty",
    "station_type": "reference",
    "source": "kgmt",
    "operator": "KazHydroMet",
    "is_active": true
   },
   "geometry": {
    "type": "Point",
    "coordinates": [
     69.123008,
     54.856896
    ]
   }
  },
  {
   "type": "Feature",
   "properties": {
    "station_id": "kgmt_77",
    "name": "PCP #2",
    "city": "Kostanay",
    "region": null,
    "country": "KZ",
    "lat": 53.228479,
    "lon": 63.630099,
    "timezone": "Asia/Almaty",
    "station_type": "reference",
    "source": "kgmt",
    "operator": "KazHydroMet",
    "is_active": true
   },
   "geometry": {
    "type": "Point",
    "coordinates": [
     63.630099,
     53.228479
    ]
   }
  },
  {
   "type": "Feature",
   "properties": {
    "station_id": "kgmt_78",
    "name": "PCP #4",
    "city": "Kostanay",
    "region": null,
    "country": "KZ",
    "lat": 53.176555,
    "lon": 63.607241,
    "timezone": "Asia/Almaty",
    "station_type": "reference",
    "source": "kgmt",
    "operator": "KazHydroMet",
    "is_active": true
   },
   "geometry": {
    "type": "Point",
    "coordinates": [
     63.607241,
     53.176555
    ]
   }
  },
  {
   "type": "Feature",
   "properties": {
    "station_id": "kgmt_8",
    "name": "PCP #8",
    "city": "Astana",
    "region": null,
    "country": "KZ",
    "lat": 51.18611299,
    "lon": 71.343722851,
    "timezone": "Asia/Almaty",
    "station_type": "reference",
    "source": "kgmt",
    "operator": "KazHydroMet",
    "is_active": true
   },
   "geometry": {
    "type": "Point",
    "coordinates": [
     71.343722851,
     51.18611299
    ]
   }
  },
  {
   "type": "Feature",
   "properties": {
    "station_id": "kgmt_80",
    "name": "PCP #6",
    "city": "Rudny",
    "region": null,
    "country": "KZ",
    "lat": 52.964293,
    "lon": 63.114487,
    "timezone": "Asia/Almaty",
    "station_type": "reference",
    "source": "kgmt",
    "operator": "KazHydroMet",
    "is_active": true
   },
   "geometry": {
    "type": "Point",
    "coordinates": [
     63.114487,
     52.964293
    ]
   }
  },
  {
   "type": "Feature",
   "properties": {
    "station_id": "kgmt_81",
    "name": "PCP #5",
    "city": "Rudny",
    "region": null,
    "country": "KZ",
    "lat": 52.97374,
    "lon": 63.122865,
    "timezone": "Asia/Almaty",
    "station_type": "reference",
    "source": "kgmt",
    "operator": "KazHydroMet",
    "is_active": true
   },
   "geometry": {
    "type": "Point",
    "coordinates": [
     63.122865,
     52.97374
    ]
   }
  },
  {
   "type": "Feature",
   "properties": {
    "station_id": "kgmt_82",
    "name": "PCP #4",
    "city": "Aksai",
    "region": null,
    "country": "KZ",
    "lat": 51.160033,
    "lon": 52.99712,
    "timezone": "Asia/Almaty",
    "station_type": "reference",
    "source": "kgmt",
    "operator": "KazHydroMet",
    "is_active": true
   },
   "geometry": {
    "type": "Point",
    "coordinates": [
     52.99712,
     51.160033
    ]
   }
  },
  {
   "type": "Feature",
   "properties": {
    "station_id": "kgmt_83",
    "name": "PCP #3",
    "city": "Uralsk",
    "region": null,
    "country": "KZ",
    "lat": 51.212015,
    "lon": 51.350379,
    "timezone": "Asia/Almaty",
    "station_type": "reference",
    "source": "kgmt",
    "operator": "KazHydroMet",
    "is_active": true
   },
   "geometry": {
    "type": "Point",
    "coordinates": [
     51.350379,
     51.212015
    ]
   }
  },
  {
   "type": "Feature",
   "properties": {
    "station_id": "kgmt_84",
    "name": "PCP #5",
    "city": "Uralsk",
    "region": null,
    "country": "KZ",
    "lat": 51.205502,
    "lon": 51.383467,
    "timezone": "Asia/Almaty",
    "station_type": "reference",
    "source": "kgmt",
    "operator": "KazHydroMet",
    "is_active": true
   },
   "geometry": {
    "type": "Point",
    "coordinates": [
     51.383467,
     51.205502
    ]
   }
  },
  {
   "type": "Feature",
   "properties": {
    "station_id": "kgmt_85",
    "name": "PCP #2",
    "city": "Uralsk",
    "region": null,
    "country": "KZ",
    "lat": 51.227619,
    "lon": 51.427589,
    "timezone": "Asia/Almaty",
    "station_type": "reference",
    "source": "kgmt",
    "operator": "KazHydroMet",
    "is_active": true
   },
   "geometry": {
    "type": "Point",
    "coordinates": [
     51.427589,
     51.227619
    ]
   }
  },
  {
   "type": "Feature",
   "properties": {
    "station_id": "kgmt_86",
    "name": "PCP #6",
    "city": "Atyrau",
    "region": null,
    "country": "KZ",
    "lat": 47.156821,
    "lon": 51.982406,
    "timezone": "Asia/Almaty",
    "station_type": "reference",
    "source": "kgmt",
    "operator": "KazHydroMet",
    "is_active": true
   },
   "geometry": {
    "type": "Point",
    "coordinates": [
     51.982406,
     47.156821
    ]
   }
  },
  {
   "type": "Feature",
   "properties": {
    "station_id": "kgmt_87",
    "name": "PCP #6",
    "city": "Kulsary",
    "region": null,
    "country": "KZ",
    "lat": 46.960532,
    "lon": 54.006221,
    "timezone": "Asia/Almaty",
    "station_type": "reference",
    "source": "kgmt",
    "operator": "KazHydroMet",
    "is_active": true
   },
   "geometry": {
    "type": "Point",
    "coordinates": [
     54.006221,
     46.960532
    ]
   }
  },
  {
   "type": "Feature",
   "properties": {
    "station_id": "kgmt_88",
    "name": "PCP #2",
    "city": "Zhanaozen",
    "region": null,
    "country": "KZ",
    "lat": 43.35065,
    "lon": 52.846661,
    "timezone": "Asia/Almaty",
    "station_type": "reference",
    "source": "kgmt",
    "operator": "KazHydroMet",
    "is_active": true
   },
   "geometry": {
    "type": "Point",
    "coordinates": [
     52.846661,
     43.35065
    ]
   }
  },
  {
   "type": "Feature",
   "properties": {
    "station_id": "kgmt_89",
    "name": "PCP #1",
    "city": "Zhanaozen",
    "region": null,
    "country": "KZ",
    "lat": 43.33982,
    "lon": 52.854448,
    "timezone": "Asia/Almaty",
    "station_type": "reference",
    "source": "kgmt",
    "operator": "KazHydroMet",
    "is_active": true
   },
   "geometry": {
    "type": "Point",
    "coordinates": [
     52.854448,
     43.33982
    ]
   }
  },
  {
   "type": "Feature",
   "properties": {
    "station_id": "kgmt_9",
    "name": "PCP #10",
    "city": "Astana",
    "region": null,
    "country": "KZ",
    "lat": 51.158413811,
    "lon": 71.467460014,
    "timezone": "Asia/Almaty",
    "station_type": "reference",
    "source": "kgmt",
    "operator": "KazHydroMet",
    "is_active": true
   },
   "geometry": {
    "type": "Point",
    "coordinates": [
     71.467460014,
     51.158413811
    ]
   }
  },
  {
   "type": "Feature",
   "properties": {
    "station_id": "kgmt_90",
    "name": "PCP #1",
    "city": "Toretam",
    "region": null,
    "country": "KZ",
    "lat": 45.644234,
    "lon": 63.306769,
    "timezone": "Asia/Almaty",
    "station_type": "reference",
    "source": "kgmt",
    "operator": "KazHydroMet",
    "is_active": true
   },
   "geometry": {
    "type": "Point",
    "coordinates": [
     63.306769,
     45.644234
    ]
   }
  },
  {
   "type": "Feature",
   "properties": {
    "station_id": "kgmt_91",
    "name": "PCP #1",
    "city": "Akai",
    "region": null,
    "country": "KZ",
    "lat": 45.609656,
    "lon": 63.282165,
    "timezone": "Asia/Almaty",
    "station_type": "reference",
    "source": "kgmt",
    "operator": "KazHydroMet",
    "is_active": true
   },
   "geometry": {
    "type": "Point",
    "coordinates": [
     63.282165,
     45.609656
    ]
   }
  },
  {
   "type": "Feature",
   "properties": {
    "station_id": "kgmt_92",
    "name": "PCP #1",
    "city": "Turkestan",
    "region": null,
    "country": "KZ",
    "lat": 43.28667,
    "lon": 68.304334,
    "timezone": "Asia/Almaty",
    "station_type": "reference",
    "source": "kgmt",
    "operator": "KazHydroMet",
    "is_active": true
   },
   "geometry": {
    "type": "Point",
    "coordinates": [
     68.304334,
     43.28667
    ]
   }
  },
  {
   "type": "Feature",
   "properties": {
    "station_id": "kgmt_93",
    "name": "PCP #6",
    "city": "Taraz",
    "region": null,
    "country": "KZ",
    "lat": 42.92105,
    "lon": 71.384906,
    "timezone": "Asia/Almaty",
    "station_type": "reference",
    "source": "kgmt",
    "operator": "KazHydroMet",
    "is_active": true
   },
   "geometry": {
    "type": "Point",
    "coordinates": [
     71.384906,
     42.92105
    ]
   }
  },
  {
   "type": "Feature",
   "properties": {
    "station_id": "kgmt_94",
    "name": "PCP #1",
    "city": "Zyryanovsk",
    "region": null,
    "country": "KZ",
    "lat": 49.727419,
    "lon": 84.27164,
    "timezone": "Asia/Almaty",
    "station_type": "reference",
    "source": "kgmt",
    "operator": "KazHydroMet",
    "is_active": true
   },
   "geometry": {
    "type": "Point",
    "coordinates": [
     84.27164,
     49.727419
    ]
   }
  },
  {
   "type": "Feature",
   "properties": {
    "station_id": "kgmt_95",
    "name": "PCP #1",
    "city": "Ekibastuz",
    "region": null,
    "country": "KZ",
    "lat": 51.705743,
    "lon": 75.33749,
    "timezone": "Asia/Almaty",
    "station_type": "reference",
    "source": "kgmt",
    "operator": "KazHydroMet",
    "is_active": true
   },
   "geometry": {
    "type": "Point",
    "coordinates": [
     75.33749,
     51.705743
    ]
   }
  },
  {
   "type": "Feature",
   "properties": {
    "station_id": "kgmt_96",
    "name": "PCP #2",
    "city": "Balkhash",
    "region": null,
    "country": "KZ",
    "lat": 46.837859,
    "lon": 74.970088,
    "timezone": "Asia/Almaty",
    "station_type": "reference",
    "source": "kgmt",
    "operator": "KazHydroMet",
    "is_active": true
   },
   "geometry": {
    "type": "Point",
    "coordinates": [
     74.970088,
     46.837859
    ]
   }
  },
  {
   "type": "Feature",
   "properties": {
    "station_id": "kgmt_97",
    "name": "PCP #28",
    "city": "Almaty",
    "region": null,
    "country": "KZ",
    "lat": 43.360683,
    "lon": 77.006407,
    "timezone": "Asia/Almaty",
    "station_type": "reference",
    "source": "kgmt",
    "operator": "KazHydroMet",
    "is_active": true
   },
   "geometry": {
    "type": "Point",
    "coordinates": [
     77.006407,
     43.360683
    ]
   }
  },
  {
   "type": "Feature",
   "properties": {
    "station_id": "oaq_14869003",
    "name": "Almaty Arena (new)",
    "city": null,
    "region": null,
    "country": "KZ",
    "lat": 43.301,
    "lon": 76.925,
    "timezone": null,
    "station_type": "government",
    "source": "openaq",
    "operator": null,
    "is_active": true
   },
   "geometry": {
    "type": "Point",
    "coordinates": [
     76.925,
     43.301
    ]
   }
  },
  {
   "type": "Feature",
   "properties": {
    "station_id": "oaq_14969424",
    "name": "Jambyl-Nurmaqov",
    "city": null,
    "region": null,
    "country": "KZ",
    "lat": 51.128,
    "lon": 71.43,
    "timezone": null,
    "station_type": "government",
    "source": "openaq",
    "operator": null,
    "is_active": true
   },
   "geometry": {
    "type": "Point",
    "coordinates": [
     71.43,
     51.128
    ]
   }
  },
  {
   "type": "Feature",
   "properties": {
    "station_id": "oaq_14969429",
    "name": "Qazybek bi-Nurmaqov",
    "city": null,
    "region": null,
    "country": "KZ",
    "lat": 51.128,
    "lon": 71.43,
    "timezone": null,
    "station_type": "government",
    "source": "openaq",
    "operator": null,
    "is_active": true
   },
   "geometry": {
    "type": "Point",
    "coordinates": [
     71.43,
     51.128
    ]
   }
  },
  {
   "type": "Feature",
   "properties": {
    "station_id": "oaq_14969444",
    "name": "Almaty 2 t/zh vokzaly",
    "city": null,
    "region": null,
    "country": "KZ",
    "lat": 43.338,
    "lon": 76.952,
    "timezone": null,
    "station_type": "government",
    "source": "openaq",
    "operator": null,
    "is_active": true
   },
   "geometry": {
    "type": "Point",
    "coordinates": [
     76.952,
     43.338
    ]
   }
  },
  {
   "type": "Feature",
   "properties": {
    "station_id": "oaq_14971240",
    "name": "Nurtau golf club",
    "city": null,
    "region": null,
    "country": "KZ",
    "lat": 51.128,
    "lon": 71.43,
    "timezone": null,
    "station_type": "government",
    "source": "openaq",
    "operator": null,
    "is_active": true
   },
   "geometry": {
    "type": "Point",
    "coordinates": [
     71.43,
     51.128
    ]
   }
  },
  {
   "type": "Feature",
   "properties": {
    "station_id": "oaq_15151744",
    "name": "Nuriddin",
    "city": null,
    "region": null,
    "country": "KZ",
    "lat": 51.128,
    "lon": 71.43,
    "timezone": null,
    "station_type": "government",
    "source": "openaq",
    "operator": null,
    "is_active": true
   },
   "geometry": {
    "type": "Point",
    "coordinates": [
     71.43,
     51.128
    ]
   }
  },
  {
   "type": "Feature",
   "properties": {
    "station_id": "oaq_20512",
    "name": "Astana",
    "city": null,
    "region": null,
    "country": "KZ",
    "lat": 51.128,
    "lon": 71.43,
    "timezone": null,
    "station_type": "government",
    "source": "openaq",
    "operator": null,
    "is_active": true
   },
   "geometry": {
    "type": "Point",
    "coordinates": [
     71.43,
     51.128
    ]
   }
  },
  {
   "type": "Feature",
   "properties": {
    "station_id": "oaq_25903",
    "name": "Almaty (US Embassy)",
    "city": null,
    "region": null,
    "country": "KZ",
    "lat": 43.252855,
    "lon": 76.93118,
    "timezone": null,
    "station_type": "government",
    "source": "openaq",
    "operator": null,
    "is_active": true
   },
   "geometry": {
    "type": "Point",
    "coordinates": [
     76.93118,
     43.252855
    ]
   }
  },
  {
   "type": "Feature",
   "properties": {
    "station_id": "oaq_2812550",
    "name": "Almaty Arena",
    "city": null,
    "region": null,
    "country": "KZ",
    "lat": 43.26408,
    "lon": 76.81688,
    "timezone": null,
    "station_type": "government",
    "source": "openaq",
    "operator": "Clarity",
    "is_active": true
   },
   "geometry": {
    "type": "Point",
    "coordinates": [
     76.81688,
     43.26408
    ]
   }
  },
  {
   "type": "Feature",
   "properties": {
    "station_id": "oaq_2812555",
    "name": "Magnum Besagash",
    "city": null,
    "region": null,
    "country": "KZ",
    "lat": 43.29222,
    "lon": 77.01218,
    "timezone": null,
    "station_type": "government",
    "source": "openaq",
    "operator": "Clarity",
    "is_active": true
   },
   "geometry": {
    "type": "Point",
    "coordinates": [
     77.01218,
     43.29222
    ]
   }
  },
  {
   "type": "Feature",
   "properties": {
    "station_id": "oaq_2812561",
    "name": "CHP",
    "city": null,
    "region": null,
    "country": "KZ",
    "lat": 43.29161,
    "lon": 76.80437,
    "timezone": null,
    "station_type": "government",
    "source": "openaq",
    "operator": "Clarity",
    "is_active": true
   },
   "geometry": {
    "type": "Point",
    "coordinates": [
     76.80437,
     43.29161
    ]
   }
  },
  {
   "type": "Feature",
   "properties": {
    "station_id": "oaq_2812563",
    "name": "School 137",
    "city": null,
    "region": null,
    "country": "KZ",
    "lat": 43.31676,
    "lon": 76.91084,
    "timezone": null,
    "station_type": "government",
    "source": "openaq",
    "operator": "Clarity",
    "is_active": true
   },
   "geometry": {
    "type": "Point",
    "coordinates": [
     76.91084,
     43.31676
    ]
   }
  },
  {
   "type": "Feature",
   "properties": {
    "station_id": "oaq_2812565",
    "name": "Kokzhiyek-63",
    "city": null,
    "region": null,
    "country": "KZ",
    "lat": 43.35813,
    "lon": 76.9229,
    "timezone": null,
    "station_type": "government",
    "source": "openaq",
    "operator": "Clarity",
    "is_active": true
   },
   "geometry": {
    "type": "Point",
    "coordinates": [
     76.9229,
     43.35813
    ]
   }
  },
  {
   "type": "Feature",
   "properties": {
    "station_id": "oaq_2812576",
    "name": "EkoPost",
    "city": null,
    "region": null,
    "country": "KZ",
    "lat": 43.24966,
    "lon": 76.8056,
    "timezone": null,
    "station_type": "government",
    "source": "openaq",
    "operator": "Clarity",
    "is_active": true
   },
   "geometry": {
    "type": "Point",
    "coordinates": [
     76.8056,
     43.24966
    ]
   }
  },
  {
   "type": "Feature",
   "properties": {
    "station_id": "oaq_2812620",
    "name": "Alatau",
    "city": null,
    "region": null,
    "country": "KZ",
    "lat": 43.17658,
    "lon": 76.89771,
    "timezone": null,
    "station_type": "government",
    "source": "openaq",
    "operator": "Clarity",
    "is_active": true
   },
   "geometry": {
    "type": "Point",
    "coordinates": [
     76.89771,
     43.17658
    ]
   }
  },
  {
   "type": "Feature",
   "properties": {
    "station_id": "oaq_2812632",
    "name": "Elaman 105 St.",
    "city": null,
    "region": null,
    "country": "KZ",
    "lat": 43.36861,
    "lon": 76.94705,
    "timezone": null,
    "station_type": "government",
    "source": "openaq",
    "operator": "Clarity",
    "is_active": true
   },
   "geometry": {
    "type": "Point",
    "coordinates": [
     76.94705,
     43.36861
    ]
   }
  },
  {
   "type": "Feature",
   "properties": {
    "station_id": "oaq_2812635",
    "name": "Atyrau 54",
    "city": null,
    "region": null,
    "country": "KZ",
    "lat": 43.29678,
    "lon": 76.99159,
    "timezone": null,
    "station_type": "government",
    "source": "openaq",
    "operator": "Clarity",
    "is_active": true
   },
   "geometry": {
    "type": "Point",
    "coordinates": [
     76.99159,
     43.29678
    ]
   }
  },
  {
   "type": "Feature",
   "properties": {
    "station_id": "oaq_2812649",
    "name": "Shamiyeva St.",
    "city": null,
    "region": null,
    "country": "KZ",
    "lat": 43.28323,
    "lon": 76.92753,
    "timezone": null,
    "station_type": "government",
    "source": "openaq",
    "operator": "Clarity",
    "is_active": true
   },
   "geometry": {
    "type": "Point",
    "coordinates": [
     76.92753,
     43.28323
    ]
   }
  },
  {
   "type": "Feature",
   "properties": {
    "station_id": "oaq_2812651",
    "name": "Kokkainar Micro",
    "city": null,
    "region": null,
    "country": "KZ",
    "lat": 43.29076,
    "lon": 76.84123,
    "timezone": null,
    "station_type": "government",
    "source": "openaq",
    "operator": "Clarity",
    "is_active": true
   },
   "geometry": {
    "type": "Point",
    "coordinates": [
     76.84123,
     43.29076
    ]
   }
  },
  {
   "type": "Feature",
   "properties": {
    "station_id": "oaq_2812676",
    "name": "Suiynbay-55",
    "city": null,
    "region": null,
    "country": "KZ",
    "lat": 43.37664,
    "lon": 76.99055,
    "timezone": null,
    "station_type": "government",
    "source": "openaq",
    "operator": "Clarity",
    "is_active": true
   },
   "geometry": {
    "type": "Point",
    "coordinates": [
     76.99055,
     43.37664
    ]
   }
  },
  {
   "type": "Feature",
   "properties": {
    "station_id": "oaq_2812687",
    "name": "KBTU",
    "city": null,
    "region": null,
    "country": "KZ",
    "lat": 43.25348,
    "lon": 76.94537,
    "timezone": null,
    "station_type": "government",
    "source": "openaq",
    "operator": "Clarity",
    "is_active": true
   },
   "geometry": {
    "type": "Point",
    "coordinates": [
     76.94537,
     43.25348
    ]
   }
  },
  {
   "type": "Feature",
   "properties": {
    "station_id": "oaq_2812689",
    "name": "Iliyski trakt",
    "city": null,
    "region": null,
    "country": "KZ",
    "lat": 43.34158,
    "lon": 76.98193,
    "timezone": null,
    "station_type": "government",
    "source": "openaq",
    "operator": "Clarity",
    "is_active": true
   },
   "geometry": {
    "type": "Point",
    "coordinates": [
     76.98193,
     43.34158
    ]
   }
  },
  {
   "type": "Feature",
   "properties": {
    "station_id": "oaq_2812690",
    "name": "School 187",
    "city": null,
    "region": null,
    "country": "KZ",
    "lat": 43.18579,
    "lon": 76.82848,
    "timezone": null,
    "station_type": "government",
    "source": "openaq",
    "operator": "Clarity",
    "is_active": true
   },
   "geometry": {
    "type": "Point",
    "coordinates": [
     76.82848,
     43.18579
    ]
   }
  },
  {
   "type": "Feature",
   "properties": {
    "station_id": "oaq_2812691",
    "name": "169 School",
    "city": null,
    "region": null,
    "country": "KZ",
    "lat": 43.29713,
    "lon": 76.8611,
    "timezone": null,
    "station_type": "government",
    "source": "openaq",
    "operator": "Clarity",
    "is_active": true
   },
   "geometry": {
    "type": "Point",
    "coordinates": [
     76.8611,
     43.29713
    ]
   }
  },
  {
   "type": "Feature",
   "properties": {
    "station_id": "oaq_2812716",
    "name": "Ritz Palace",
    "city": null,
    "region": null,
    "country": "KZ",
    "lat": 43.22833,
    "lon": 76.96028,
    "timezone": null,
    "station_type": "government",
    "source": "openaq",
    "operator": "Clarity",
    "is_active": true
   },
   "geometry": {
    "type": "Point",
    "coordinates": [
     76.96028,
     43.22833
    ]
   }
  },
  {
   "type": "Feature",
   "properties": {
    "station_id": "oaq_2812717",
    "name": "Mamyr-3",
    "city": null,
    "region": null,
    "country": "KZ",
    "lat": 43.21431,
    "lon": 76.8555,
    "timezone": null,
    "station_type": "government",
    "source": "openaq",
    "operator": "Clarity",
    "is_active": true
   },
   "geometry": {
    "type": "Point",
    "coordinates": [
     76.8555,
     43.21431
    ]
   }
  },
  {
   "type": "Feature",
   "properties": {
    "station_id": "oaq_2812718",
    "name": "Gymnasium 39",
    "city": null,
    "region": null,
    "country": "KZ",
    "lat": 43.34819,
    "lon": 76.8433,
    "timezone": null,
    "station_type": "government",
    "source": "openaq",
    "operator": "Clarity",
    "is_active": true
   },
   "geometry": {
    "type": "Point",
    "coordinates": [
     76.8433,
     43.34819
    ]
   }
  },
  {
   "type": "Feature",
   "properties": {
    "station_id": "oaq_2812726",
    "name": "Hospital-7",
    "city": null,
    "region": null,
    "country": "KZ",
    "lat": 43.23396,
    "lon": 76.80013,
    "timezone": null,
    "station_type": "government",
    "source": "openaq",
    "operator": "Clarity",
    "is_active": true
   },
   "geometry": {
    "type": "Point",
    "coordinates": [
     76.80013,
     43.23396
    ]
   }
  },
  {
   "type": "Feature",
   "properties": {
    "station_id": "oaq_2812749",
    "name": "Ryskulova 81",
    "city": null,
    "region": null,
    "country": "KZ",
    "lat": 43.27865,
    "lon": 76.90347,
    "timezone": null,
    "station_type": "government",
    "source": "openaq",
    "operator": "Clarity",
    "is_active": true
   },
   "geometry": {
    "type": "Point",
    "coordinates": [
     76.90347,
     43.27865
    ]
   }
  },
  {
   "type": "Feature",
   "properties": {
    "station_id": "oaq_2812751",
    "name": "School 77",
    "city": null,
    "region": null,
    "country": "KZ",
    "lat": 43.21846,
    "lon": 76.94964,
    "timezone": null,
    "station_type": "government",
    "source": "openaq",
    "operator": "Clarity",
    "is_active": true
   },
   "geometry": {
    "type": "Point",
    "coordinates": [
     76.94964,
     43.21846
    ]
   }
  },
  {
   "type": "Feature",
   "properties": {
    "station_id": "oaq_2812753",
    "name": "School 190",
    "city": null,
    "region": null,
    "country": "KZ",
    "lat": 43.15476,
    "lon": 76.8992,
    "timezone": null,
    "station_type": "government",
    "source": "openaq",
    "operator": "Clarity",
    "is_active": true
   },
   "geometry": {
    "type": "Point",
    "coordinates": [
     76.8992,
     43.15476
    ]
   }
  },
  {
   "type": "Feature",
   "properties": {
    "station_id": "oaq_2812756",
    "name": "School 175",
    "city": null,
    "region": null,
    "country": "KZ",
    "lat": 43.19957,
    "lon": 76.85428,
    "timezone": null,
    "station_type": "government",
    "source": "openaq",
    "operator": "Clarity",
    "is_active": true
   },
   "geometry": {
    "type": "Point",
    "coordinates": [
     76.85428,
     43.19957
    ]
   }
  },
  {
   "type": "Feature",
   "properties": {
    "station_id": "oaq_2812769",
    "name": "Nicolas International chain of wineries",
    "city": null,
    "region": null,
    "country": "KZ",
    "lat": 43.19365,
    "lon": 76.90963,
    "timezone": null,
    "station_type": "government",
    "source": "openaq",
    "operator": "Clarity",
    "is_active": true
   },
   "geometry": {
    "type": "Point",
    "coordinates": [
     76.90963,
     43.19365
    ]
   }
  },
  {
   "type": "Feature",
   "properties": {
    "station_id": "oaq_2812775",
    "name": "School 192",
    "city": null,
    "region": null,
    "country": "KZ",
    "lat": 43.17203,
    "lon": 76.85234,
    "timezone": null,
    "station_type": "government",
    "source": "openaq",
    "operator": "Clarity",
    "is_active": true
   },
   "geometry": {
    "type": "Point",
    "coordinates": [
     76.85234,
     43.17203
    ]
   }
  },
  {
   "type": "Feature",
   "properties": {
    "station_id": "oaq_2812784",
    "name": "Respublika 4",
    "city": null,
    "region": null,
    "country": "KZ",
    "lat": 43.2368,
    "lon": 76.94481,
    "timezone": null,
    "station_type": "government",
    "source": "openaq",
    "operator": "Clarity",
    "is_active": true
   },
   "geometry": {
    "type": "Point",
    "coordinates": [
     76.94481,
     43.2368
    ]
   }
  },
  {
   "type": "Feature",
   "properties": {
    "station_id": "oaq_2812788",
    "name": "Magnum-273",
    "city": null,
    "region": null,
    "country": "KZ",
    "lat": 43.25074,
    "lon": 76.82301,
    "timezone": null,
    "station_type": "government",
    "source": "openaq",
    "operator": "Clarity",
    "is_active": true
   },
   "geometry": {
    "type": "Point",
    "coordinates": [
     76.82301,
     43.25074
    ]
   }
  },
  {
   "type": "Feature",
   "properties": {
    "station_id": "oaq_2812792",
    "name": "Kotelnikova St.",
    "city": null,
    "region": null,
    "country": "KZ",
    "lat": 43.3104,
    "lon": 76.94217,
    "timezone": null,
    "station_type": "government",
    "source": "openaq",
    "operator": "Clarity",
    "is_active": true
   },
   "geometry": {
    "type": "Point",
    "coordinates": [
     76.94217,
     43.3104
    ]
   }
  },
  {
   "type": "Feature",
   "properties": {
    "station_id": "oaq_2812809",
    "name": "AsiaFood",
    "city": null,
    "region": null,
    "country": "KZ",
    "lat": 43.24283,
    "lon": 76.82872,
    "timezone": null,
    "station_type": "government",
    "source": "openaq",
    "operator": "Clarity",
    "is_active": true
   },
   "geometry": {
    "type": "Point",
    "coordinates": [
     76.82872,
     43.24283
    ]
   }
  },
  {
   "type": "Feature",
   "properties": {
    "station_id": "oaq_2812821",
    "name": "School 160",
    "city": null,
    "region": null,
    "country": "KZ",
    "lat": 43.33584,
    "lon": 76.91287,
    "timezone": null,
    "station_type": "government",
    "source": "openaq",
    "operator": "Clarity",
    "is_active": true
   },
   "geometry": {
    "type": "Point",
    "coordinates": [
     76.91287,
     43.33584
    ]
   }
  },
  {
   "type": "Feature",
   "properties": {
    "station_id": "oaq_2812826",
    "name": "Zhetysu 47",
    "city": null,
    "region": null,
    "country": "KZ",
    "lat": 43.29171,
    "lon": 76.9898,
    "timezone": null,
    "station_type": "government",
    "source": "openaq",
    "operator": "Clarity",
    "is_active": true
   },
   "geometry": {
    "type": "Point",
    "coordinates": [
     76.9898,
     43.29171
    ]
   }
  },
  {
   "type": "Feature",
   "properties": {
    "station_id": "oaq_2812831",
    "name": "Road, Almaty Industrial Zone",
    "city": null,
    "region": null,
    "country": "KZ",
    "lat": 43.31652,
    "lon": 76.80429,
    "timezone": null,
    "station_type": "government",
    "source": "openaq",
    "operator": "Clarity",
    "is_active": true
   },
   "geometry": {
    "type": "Point",
    "coordinates": [
     76.80429,
     43.31652
    ]
   }
  },
  {
   "type": "Feature",
   "properties": {
    "station_id": "oaq_2812833",
    "name": "DIS-7",
    "city": null,
    "region": null,
    "country": "KZ",
    "lat": 43.20533,
    "lon": 76.77692,
    "timezone": null,
    "station_type": "government",
    "source": "openaq",
    "operator": "Clarity",
    "is_active": true
   },
   "geometry": {
    "type": "Point",
    "coordinates": [
     76.77692,
     43.20533
    ]
   }
  },
  {
   "type": "Feature",
   "properties": {
    "station_id": "oaq_2819013",
    "name": "Nurly street",
    "city": null,
    "region": null,
    "country": "KZ",
    "lat": 43.2288,
    "lon": 76.77749,
    "timezone": null,
    "station_type": "government",
    "source": "openaq",
    "operator": "Clarity",
    "is_active": true
   },
   "geometry": {
    "type": "Point",
    "coordinates": [
     76.77749,
     43.2288
    ]
   }
  },
  {
   "type": "Feature",
   "properties": {
    "station_id": "oaq_2819078",
    "name": "Shkola-Gimnaziya 152",
    "city": null,
    "region": null,
    "country": "KZ",
    "lat": 43.30173,
    "lon": 76.87217,
    "timezone": null,
    "station_type": "government",
    "source": "openaq",
    "operator": "Clarity",
    "is_active": true
   },
   "geometry": {
    "type": "Point",
    "coordinates": [
     76.87217,
     43.30173
    ]
   }
  },
  {
   "type": "Feature",
   "properties": {
    "station_id": "oaq_3088452",
    "name": "Ipswich Mass. USA",
    "city": null,
    "region": null,
    "country": "KZ",
    "lat": 42.7028239,
    "lon": 70.7994946,
    "timezone": null,
    "station_type": "government",
    "source": "openaq",
    "operator": "AirGradient",
    "is_active": true
   },
   "geometry": {
    "type": "Point",
    "coordinates": [
     70.7994946,
     42.7028239
    ]
   }
  },
  {
   "type": "Feature",
   "properties": {
    "station_id": "oaq_3124030",
    "name": "Ippodrom",
    "city": null,
    "region": null,
    "country": "KZ",
    "lat": 43.30778,
    "lon": 76.92324,
    "timezone": null,
    "station_type": "government",
    "source": "openaq",
    "operator": "Clarity",
    "is_active": true
   },
   "geometry": {
    "type": "Point",
    "coordinates": [
     76.92324,
     43.30778
    ]
   }
  },
  {
   "type": "Feature",
   "properties": {
    "station_id": "oaq_3126921",
    "name": "School 186",
    "city": null,
    "region": null,
    "country": "KZ",
    "lat": 43.19148,
    "lon": 76.80284,
    "timezone": null,
    "station_type": "government",
    "source": "openaq",
    "operator": "Clarity",
    "is_active": true
   },
   "geometry": {
    "type": "Point",
    "coordinates": [
     76.80284,
     43.19148
    ]
   }
  },
  {
   "type": "Feature",
   "properties": {
    "station_id": "oaq_3243331",
    "name": "Qapparov köşesı (akbota.info)",
    "city": null,
    "region": null,
    "country": "KZ",
    "lat": 43.210652653212826,
    "lon": 76.94650052599252,
    "timezone": null,
    "station_type": "government",
    "source": "openaq",
    "operator": "AirGradient",
    "is_active": true
   },
   "geometry": {
    "type": "Point",
    "coordinates": [
     76.94650052599252,
     43.210652653212826
    ]
   }
  },
  {
   "type": "Feature",
   "properties": {
    "station_id": "oaq_5473573",
    "name": "Roxanne",
    "city": null,
    "region": null,
    "country": "KZ",
    "lat": 43.245455,
    "lon": 76.955559,
    "timezone": null,
    "station_type": "government",
    "source": "openaq",
    "operator": "AirGradient",
    "is_active": true
   },
   "geometry": {
    "type": "Point",
    "coordinates": [
     76.955559,
     43.245455
    ]
   }
  },
  {
   "type": "Feature",
   "properties": {
    "station_id": "oaq_6142363",
    "name": "Almaty",
    "city": null,
    "region": null,
    "country": "KZ",
    "lat": 43.2269,
    "lon": 76.8834,
    "timezone": null,
    "station_type": "government",
    "source": "openaq",
    "operator": "AirGradient",
    "is_active": true
   },
   "geometry": {
    "type": "Point",
    "coordinates": [
     76.8834,
     43.2269
    ]
   }
  },
  {
   "type": "Feature",
   "properties": {
    "station_id": "oaq_6146720",
    "name": "Pavlodar",
    "city": null,
    "region": null,
    "country": "KZ",
    "lat": 52.2914884,
    "lon": 76.9280297,
    "timezone": null,
    "station_type": "government",
    "source": "openaq",
    "operator": "AirGradient",
    "is_active": true
   },
   "geometry": {
    "type": "Point",
    "coordinates": [
     76.9280297,
     52.2914884
    ]
   }
  },
  {
   "type": "Feature",
   "properties": {
    "station_id": "oaq_6152135",
    "name": "Almaty",
    "city": null,
    "region": null,
    "country": "KZ",
    "lat": 43.232633,
    "lon": 76.878267,
    "timezone": null,
    "station_type": "government",
    "source": "openaq",
    "operator": "AirGradient",
    "is_active": true
   },
   "geometry": {
    "type": "Point",
    "coordinates": [
     76.878267,
     43.232633
    ]
   }
  },
  {
   "type": "Feature",
   "properties": {
    "station_id": "oaq_6158096",
    "name": "№182 mektep-gimnaziya",
    "city": null,
    "region": null,
    "country": "KZ",
    "lat": 43.281,
    "lon": 76.824,
    "timezone": null,
    "station_type": "government",
    "source": "openaq",
    "operator": "AirGradient",
    "is_active": true
   },
   "geometry": {
    "type": "Point",
    "coordinates": [
     76.824,
     43.281
    ]
   }
  },
  {
   "type": "Feature",
   "properties": {
    "station_id": "oaq_6161924",
    "name": "Almaty Arena",
    "city": null,
    "region": null,
    "country": "KZ",
    "lat": 43.2639,
    "lon": 76.8193,
    "timezone": null,
    "station_type": "government",
    "source": "openaq",
    "operator": "AirGradient",
    "is_active": true
   },
   "geometry": {
    "type": "Point",
    "coordinates": [
     76.8193,
     43.2639
    ]
   }
  },
  {
   "type": "Feature",
   "properties": {
    "station_id": "oaq_6174362",
    "name": "Abai – Seifullin ",
    "city": null,
    "region": null,
    "country": "KZ",
    "lat": 43.241181,
    "lon": 76.933831,
    "timezone": null,
    "station_type": "government",
    "source": "openaq",
    "operator": "AirGradient",
    "is_active": true
   },
   "geometry": {
    "type": "Point",
    "coordinates": [
     76.933831,
     43.241181
    ]
   }
  },
  {
   "type": "Feature",
   "properties": {
    "station_id": "oaq_6174363",
    "name": "GATOB",
    "city": null,
    "region": null,
    "country": "KZ",
    "lat": 43.2497,
    "lon": 76.9458,
    "timezone": null,
    "station_type": "government",
    "source": "openaq",
    "operator": "AirGradient",
    "is_active": true
   },
   "geometry": {
    "type": "Point",
    "coordinates": [
     76.9458,
     43.2497
    ]
   }
  },
  {
   "type": "Feature",
   "properties": {
    "station_id": "oaq_6174364",
    "name": "Alma City",
    "city": null,
    "region": null,
    "country": "KZ",
    "lat": 43.2213,
    "lon": 76.7846,
    "timezone": null,
    "station_type": "government",
    "source": "openaq",
    "operator": "AirGradient",
    "is_active": true
   },
   "geometry": {
    "type": "Point",
    "coordinates": [
     76.7846,
     43.2213
    ]
   }
  },
  {
   "type": "Feature",
   "properties": {
    "station_id": "oaq_6175359",
    "name": "Talǵar, Gagarin atyndaǵy №8 mektep",
    "city": null,
    "region": null,
    "country": "KZ",
    "lat": 43.2938,
    "lon": 77.2347,
    "timezone": null,
    "station_type": "government",
    "source": "openaq",
    "operator": "AirGradient",
    "is_active": true
   },
   "geometry": {
    "type": "Point",
    "coordinates": [
     77.2347,
     43.2938
    ]
   }
  },
  {
   "type": "Feature",
   "properties": {
    "station_id": "oaq_6175360",
    "name": "Panfilovo, №33 mektep",
    "city": null,
    "region": null,
    "country": "KZ",
    "lat": 43.3838,
    "lon": 77.1163,
    "timezone": null,
    "station_type": "government",
    "source": "openaq",
    "operator": "AirGradient",
    "is_active": true
   },
   "geometry": {
    "type": "Point",
    "coordinates": [
     77.1163,
     43.3838
    ]
   }
  },
  {
   "type": "Feature",
   "properties": {
    "station_id": "oaq_6175361",
    "name": "Altai 2",
    "city": null,
    "region": null,
    "country": "KZ",
    "lat": 43.3503,
    "lon": 76.9888,
    "timezone": null,
    "station_type": "government",
    "source": "openaq",
    "operator": "AirGradient",
    "is_active": true
   },
   "geometry": {
    "type": "Point",
    "coordinates": [
     76.9888,
     43.3503
    ]
   }
  },
  {
   "type": "Feature",
   "properties": {
    "station_id": "oaq_6175362",
    "name": "AKPTiT kolledj ",
    "city": null,
    "region": null,
    "country": "KZ",
    "lat": 43.3958,
    "lon": 76.9865,
    "timezone": null,
    "station_type": "government",
    "source": "openaq",
    "operator": "AirGradient",
    "is_active": true
   },
   "geometry": {
    "type": "Point",
    "coordinates": [
     76.9865,
     43.3958
    ]
   }
  },
  {
   "type": "Feature",
   "properties": {
    "station_id": "oaq_6175363",
    "name": "№170 mektep",
    "city": null,
    "region": null,
    "country": "KZ",
    "lat": 43.3364,
    "lon": 76.9775,
    "timezone": null,
    "station_type": "government",
    "source": "openaq",
    "operator": "AirGradient",
    "is_active": true
   },
   "geometry": {
    "type": "Point",
    "coordinates": [
     76.9775,
     43.3364
    ]
   }
  },
  {
   "type": "Feature",
   "properties": {
    "station_id": "oaq_6175364",
    "name": "№16 äskeri qalaşıq (Süyinbai d.)",
    "city": null,
    "region": null,
    "country": "KZ",
    "lat": 43.3695,
    "lon": 76.9869,
    "timezone": null,
    "station_type": "government",
    "source": "openaq",
    "operator": "AirGradient",
    "is_active": true
   },
   "geometry": {
    "type": "Point",
    "coordinates": [
     76.9869,
     43.3695
    ]
   }
  },
  {
   "type": "Feature",
   "properties": {
    "station_id": "oaq_6175365",
    "name": "№11 orta mektep",
    "city": null,
    "region": null,
    "country": "KZ",
    "lat": 43.3454,
    "lon": 76.9588,
    "timezone": null,
    "station_type": "government",
    "source": "openaq",
    "operator": "AirGradient",
    "is_active": true
   },
   "geometry": {
    "type": "Point",
    "coordinates": [
     76.9588,
     43.3454
    ]
   }
  },
  {
   "type": "Feature",
   "properties": {
    "station_id": "oaq_6175366",
    "name": "№31 orta mektep",
    "city": null,
    "region": null,
    "country": "KZ",
    "lat": 43.3253,
    "lon": 76.9676,
    "timezone": null,
    "station_type": "government",
    "source": "openaq",
    "operator": "AirGradient",
    "is_active": true
   },
   "geometry": {
    "type": "Point",
    "coordinates": [
     76.9676,
     43.3253
    ]
   }
  },
  {
   "type": "Feature",
   "properties": {
    "station_id": "oaq_6175367",
    "name": "№44 mektep-gimnaziya",
    "city": null,
    "region": null,
    "country": "KZ",
    "lat": 43.3439,
    "lon": 77.0072,
    "timezone": null,
    "station_type": "government",
    "source": "openaq",
    "operator": "AirGradient",
    "is_active": true
   },
   "geometry": {
    "type": "Point",
    "coordinates": [
     77.0072,
     43.3439
    ]
   }
  },
  {
   "type": "Feature",
   "properties": {
    "station_id": "oaq_6175368",
    "name": "№168 Balabaqşa",
    "city": null,
    "region": null,
    "country": "KZ",
    "lat": 43.3105,
    "lon": 76.8742,
    "timezone": null,
    "station_type": "government",
    "source": "openaq",
    "operator": "AirGradient",
    "is_active": true
   },
   "geometry": {
    "type": "Point",
    "coordinates": [
     76.8742,
     43.3105
    ]
   }
  },
  {
   "type": "Feature",
   "properties": {
    "station_id": "oaq_6175369",
    "name": "№179 mektep",
    "city": null,
    "region": null,
    "country": "KZ",
    "lat": 43.3382,
    "lon": 76.8995,
    "timezone": null,
    "station_type": "government",
    "source": "openaq",
    "operator": "AirGradient",
    "is_active": true
   },
   "geometry": {
    "type": "Point",
    "coordinates": [
     76.8995,
     43.3382
    ]
   }
  },
  {
   "type": "Feature",
   "properties": {
    "station_id": "oaq_6175370",
    "name": "Talǵar, ortalyq aýdandyq aýrýhana ",
    "city": null,
    "region": null,
    "country": "KZ",
    "lat": 43.3175,
    "lon": 77.2293,
    "timezone": null,
    "station_type": "government",
    "source": "openaq",
    "operator": "AirGradient",
    "is_active": true
   },
   "geometry": {
    "type": "Point",
    "coordinates": [
     77.2293,
     43.3175
    ]
   }
  },
  {
   "type": "Feature",
   "properties": {
    "station_id": "oaq_6175371",
    "name": "№128 Balabaqşasy (Şekspir k-si)",
    "city": null,
    "region": null,
    "country": "KZ",
    "lat": 43.3575,
    "lon": 76.9354,
    "timezone": null,
    "station_type": "government",
    "source": "openaq",
    "operator": "AirGradient",
    "is_active": true
   },
   "geometry": {
    "type": "Point",
    "coordinates": [
     76.9354,
     43.3575
    ]
   }
  },
  {
   "type": "Feature",
   "properties": {
    "station_id": "oaq_6175385",
    "name": "Ainabulaq (Jumabayev k-si) ",
    "city": null,
    "region": null,
    "country": "KZ",
    "lat": 43.3238,
    "lon": 76.9111,
    "timezone": null,
    "station_type": "government",
    "source": "openaq",
    "operator": "AirGradient",
    "is_active": true
   },
   "geometry": {
    "type": "Point",
    "coordinates": [
     76.9111,
     43.3238
    ]
   }
  },
  {
   "type": "Feature",
   "properties": {
    "station_id": "oaq_6175386",
    "name": "Jas Qanat",
    "city": null,
    "region": null,
    "country": "KZ",
    "lat": 43.3251,
    "lon": 76.9866,
    "timezone": null,
    "station_type": "government",
    "source": "openaq",
    "operator": "AirGradient",
    "is_active": true
   },
   "geometry": {
    "type": "Point",
    "coordinates": [
     76.9866,
     43.3251
    ]
   }
  },
  {
   "type": "Feature",
   "properties": {
    "station_id": "oaq_6175387",
    "name": "Jambyl – Nurmaqov",
    "city": null,
    "region": null,
    "country": "KZ",
    "lat": 43.2452,
    "lon": 76.9075,
    "timezone": null,
    "station_type": "government",
    "source": "openaq",
    "operator": "AirGradient",
    "is_active": true
   },
   "geometry": {
    "type": "Point",
    "coordinates": [
     76.9075,
     43.2452
    ]
   }
  },
  {
   "type": "Feature",
   "properties": {
    "station_id": "oaq_6175388",
    "name": "Qazybek bi – Nurmaqov",
    "city": null,
    "region": null,
    "country": "KZ",
    "lat": 43.2537,
    "lon": 76.9064,
    "timezone": null,
    "station_type": "government",
    "source": "openaq",
    "operator": "AirGradient",
    "is_active": true
   },
   "geometry": {
    "type": "Point",
    "coordinates": [
     76.9064,
     43.2537
    ]
   }
  },
  {
   "type": "Feature",
   "properties": {
    "station_id": "oaq_6175389",
    "name": "Sairan (Ötegen batyr k-si)",
    "city": null,
    "region": null,
    "country": "KZ",
    "lat": 43.2414,
    "lon": 76.8608,
    "timezone": null,
    "station_type": "government",
    "source": "openaq",
    "operator": "AirGradient",
    "is_active": true
   },
   "geometry": {
    "type": "Point",
    "coordinates": [
     76.8608,
     43.2414
    ]
   }
  },
  {
   "type": "Feature",
   "properties": {
    "station_id": "oaq_6175390",
    "name": "Qalalyq kardiologiya ortalyğı",
    "city": null,
    "region": null,
    "country": "KZ",
    "lat": 43.2536,
    "lon": 76.9283,
    "timezone": null,
    "station_type": "government",
    "source": "openaq",
    "operator": "AirGradient",
    "is_active": true
   },
   "geometry": {
    "type": "Point",
    "coordinates": [
     76.9283,
     43.2536
    ]
   }
  },
  {
   "type": "Feature",
   "properties": {
    "station_id": "oaq_6175391",
    "name": "Almaty 2 t/zh vokzaly",
    "city": null,
    "region": null,
    "country": "KZ",
    "lat": 43.2734,
    "lon": 76.939,
    "timezone": null,
    "station_type": "government",
    "source": "openaq",
    "operator": "AirGradient",
    "is_active": true
   },
   "geometry": {
    "type": "Point",
    "coordinates": [
     76.939,
     43.2734
    ]
   }
  },
  {
   "type": "Feature",
   "properties": {
    "station_id": "oaq_6175392",
    "name": "№153 mektep-gimnaziya",
    "city": null,
    "region": null,
    "country": "KZ",
    "lat": 43.2209,
    "lon": 76.8362,
    "timezone": null,
    "station_type": "government",
    "source": "openaq",
    "operator": "AirGradient",
    "is_active": true
   },
   "geometry": {
    "type": "Point",
    "coordinates": [
     76.8362,
     43.2209
    ]
   }
  },
  {
   "type": "Feature",
   "properties": {
    "station_id": "oaq_6175393",
    "name": "Bökeikhanov – Aerodromnyi t. k-si",
    "city": null,
    "region": null,
    "country": "KZ",
    "lat": 43.274,
    "lon": 76.9108,
    "timezone": null,
    "station_type": "government",
    "source": "openaq",
    "operator": "AirGradient",
    "is_active": true
   },
   "geometry": {
    "type": "Point",
    "coordinates": [
     76.9108,
     43.274
    ]
   }
  },
  {
   "type": "Feature",
   "properties": {
    "station_id": "oaq_6175394",
    "name": "№157 mektep",
    "city": null,
    "region": null,
    "country": "KZ",
    "lat": 43.2197,
    "lon": 76.8015,
    "timezone": null,
    "station_type": "government",
    "source": "openaq",
    "operator": "AirGradient",
    "is_active": true
   },
   "geometry": {
    "type": "Point",
    "coordinates": [
     76.8015,
     43.2197
    ]
   }
  },
  {
   "type": "Feature",
   "properties": {
    "station_id": "oaq_6175395",
    "name": "№166 litsei",
    "city": null,
    "region": null,
    "country": "KZ",
    "lat": 43.2604,
    "lon": 76.8725,
    "timezone": null,
    "station_type": "government",
    "source": "openaq",
    "operator": "AirGradient",
    "is_active": true
   },
   "geometry": {
    "type": "Point",
    "coordinates": [
     76.8725,
     43.2604
    ]
   }
  },
  {
   "type": "Feature",
   "properties": {
    "station_id": "oaq_6175396",
    "name": "№151 mektep",
    "city": null,
    "region": null,
    "country": "KZ",
    "lat": 43.2811,
    "lon": 76.8806,
    "timezone": null,
    "station_type": "government",
    "source": "openaq",
    "operator": "AirGradient",
    "is_active": true
   },
   "geometry": {
    "type": "Point",
    "coordinates": [
     76.8806,
     43.2811
    ]
   }
  },
  {
   "type": "Feature",
   "properties": {
    "station_id": "oaq_6175397",
    "name": "Sairan (Qarasai Batyr k-si)",
    "city": null,
    "region": null,
    "country": "KZ",
    "lat": 43.2466,
    "lon": 76.8681,
    "timezone": null,
    "station_type": "government",
    "source": "openaq",
    "operator": "AirGradient",
    "is_active": true
   },
   "geometry": {
    "type": "Point",
    "coordinates": [
     76.8681,
     43.2466
    ]
   }
  },
  {
   "type": "Feature",
   "properties": {
    "station_id": "oaq_6175398",
    "name": "№174 mektep-gimnaziya",
    "city": null,
    "region": null,
    "country": "KZ",
    "lat": 43.21574,
    "lon": 76.791652,
    "timezone": null,
    "station_type": "government",
    "source": "openaq",
    "operator": "AirGradient",
    "is_active": true
   },
   "geometry": {
    "type": "Point",
    "coordinates": [
     76.791652,
     43.21574
    ]
   }
  },
  {
   "type": "Feature",
   "properties": {
    "station_id": "oaq_6175399",
    "name": "Jetisu 2",
    "city": null,
    "region": null,
    "country": "KZ",
    "lat": 43.2227,
    "lon": 76.8467,
    "timezone": null,
    "station_type": "government",
    "source": "openaq",
    "operator": "AirGradient",
    "is_active": true
   },
   "geometry": {
    "type": "Point",
    "coordinates": [
     76.8467,
     43.2227
    ]
   }
  },
  {
   "type": "Feature",
   "properties": {
    "station_id": "oaq_6175400",
    "name": "№154 mektep",
    "city": null,
    "region": null,
    "country": "KZ",
    "lat": 43.2509,
    "lon": 76.8338,
    "timezone": null,
    "station_type": "government",
    "source": "openaq",
    "operator": "AirGradient",
    "is_active": true
   },
   "geometry": {
    "type": "Point",
    "coordinates": [
     76.8338,
     43.2509
    ]
   }
  },
  {
   "type": "Feature",
   "properties": {
    "station_id": "oaq_6175401",
    "name": "Aqbulak, 7",
    "city": null,
    "region": null,
    "country": "KZ",
    "lat": 43.2427,
    "lon": 76.8175,
    "timezone": null,
    "station_type": "government",
    "source": "openaq",
    "operator": "AirGradient",
    "is_active": true
   },
   "geometry": {
    "type": "Point",
    "coordinates": [
     76.8175,
     43.2427
    ]
   }
  },
  {
   "type": "Feature",
   "properties": {
    "station_id": "oaq_6175485",
    "name": "Köktem şipazhaiy",
    "city": null,
    "region": null,
    "country": "KZ",
    "lat": 43.2018,
    "lon": 76.9368,
    "timezone": null,
    "station_type": "government",
    "source": "openaq",
    "operator": "AirGradient",
    "is_active": true
   },
   "geometry": {
    "type": "Point",
    "coordinates": [
     76.9368,
     43.2018
    ]
   }
  },
  {
   "type": "Feature",
   "properties": {
    "station_id": "oaq_6175486",
    "name": "Mega Park",
    "city": null,
    "region": null,
    "country": "KZ",
    "lat": 43.2634,
    "lon": 76.9319,
    "timezone": null,
    "station_type": "government",
    "source": "openaq",
    "operator": "AirGradient",
    "is_active": true
   },
   "geometry": {
    "type": "Point",
    "coordinates": [
     76.9319,
     43.2634
    ]
   }
  },
  {
   "type": "Feature",
   "properties": {
    "station_id": "oaq_6175487",
    "name": "Ermensai (Juldyz – Ortalyq) ",
    "city": null,
    "region": null,
    "country": "KZ",
    "lat": 43.168,
    "lon": 76.9163,
    "timezone": null,
    "station_type": "government",
    "source": "openaq",
    "operator": "AirGradient",
    "is_active": true
   },
   "geometry": {
    "type": "Point",
    "coordinates": [
     76.9163,
     43.168
    ]
   }
  },
  {
   "type": "Feature",
   "properties": {
    "station_id": "oaq_6175488",
    "name": "Kókqaınar auyly, №29 mektep",
    "city": null,
    "region": null,
    "country": "KZ",
    "lat": 43.450782,
    "lon": 76.943029,
    "timezone": null,
    "station_type": "government",
    "source": "openaq",
    "operator": "AirGradient",
    "is_active": true
   },
   "geometry": {
    "type": "Point",
    "coordinates": [
     76.943029,
     43.450782
    ]
   }
  },
  {
   "type": "Feature",
   "properties": {
    "station_id": "oaq_6175489",
    "name": "Kerei Janibek k-si – Gornyi t.",
    "city": null,
    "region": null,
    "country": "KZ",
    "lat": 43.2362,
    "lon": 76.9652,
    "timezone": null,
    "station_type": "government",
    "source": "openaq",
    "operator": "AirGradient",
    "is_active": true
   },
   "geometry": {
    "type": "Point",
    "coordinates": [
     76.9652,
     43.2362
    ]
   }
  },
  {
   "type": "Feature",
   "properties": {
    "station_id": "oaq_6175490",
    "name": "Qyzylqaırat , №19 mektep gimnaziya",
    "city": null,
    "region": null,
    "country": "KZ",
    "lat": 43.303307,
    "lon": 77.185303,
    "timezone": null,
    "station_type": "government",
    "source": "openaq",
    "operator": "AirGradient",
    "is_active": true
   },
   "geometry": {
    "type": "Point",
    "coordinates": [
     77.185303,
     43.303307
    ]
   }
  },
  {
   "type": "Feature",
   "properties": {
    "station_id": "oaq_6175491",
    "name": "№163 litsei",
    "city": null,
    "region": null,
    "country": "KZ",
    "lat": 43.2204,
    "lon": 76.9544,
    "timezone": null,
    "station_type": "government",
    "source": "openaq",
    "operator": "AirGradient",
    "is_active": true
   },
   "geometry": {
    "type": "Point",
    "coordinates": [
     76.9544,
     43.2204
    ]
   }
  },
  {
   "type": "Feature",
   "properties": {
    "station_id": "oaq_6175492",
    "name": "Tastybulaq (Kazgiprozem)",
    "city": null,
    "region": null,
    "country": "KZ",
    "lat": 43.1729,
    "lon": 76.8154,
    "timezone": null,
    "station_type": "government",
    "source": "openaq",
    "operator": "AirGradient",
    "is_active": true
   },
   "geometry": {
    "type": "Point",
    "coordinates": [
     76.8154,
     43.1729
    ]
   }
  },
  {
   "type": "Feature",
   "properties": {
    "station_id": "oaq_6175493",
    "name": "Duman (Arys k-si) ",
    "city": null,
    "region": null,
    "country": "KZ",
    "lat": 43.2777,
    "lon": 77.0055,
    "timezone": null,
    "station_type": "government",
    "source": "openaq",
    "operator": "AirGradient",
    "is_active": true
   },
   "geometry": {
    "type": "Point",
    "coordinates": [
     77.0055,
     43.2777
    ]
   }
  },
  {
   "type": "Feature",
   "properties": {
    "station_id": "oaq_6175494",
    "name": "Asqarov k-si",
    "city": null,
    "region": null,
    "country": "KZ",
    "lat": 43.1952,
    "lon": 76.8645,
    "timezone": null,
    "station_type": "government",
    "source": "openaq",
    "operator": "AirGradient",
    "is_active": true
   },
   "geometry": {
    "type": "Point",
    "coordinates": [
     76.8645,
     43.1952
    ]
   }
  },
  {
   "type": "Feature",
   "properties": {
    "station_id": "oaq_6175495",
    "name": "Respublika saraiy",
    "city": null,
    "region": null,
    "country": "KZ",
    "lat": 43.24293,
    "lon": 76.957006,
    "timezone": null,
    "station_type": "government",
    "source": "openaq",
    "operator": "AirGradient",
    "is_active": true
   },
   "geometry": {
    "type": "Point",
    "coordinates": [
     76.957006,
     43.24293
    ]
   }
  },
  {
   "type": "Feature",
   "properties": {
    "station_id": "oaq_6175496",
    "name": "Qazaqfilm (Baiydosov k-si)",
    "city": null,
    "region": null,
    "country": "KZ",
    "lat": 43.1933,
    "lon": 76.9035,
    "timezone": null,
    "station_type": "government",
    "source": "openaq",
    "operator": "AirGradient",
    "is_active": true
   },
   "geometry": {
    "type": "Point",
    "coordinates": [
     76.9035,
     43.1933
    ]
   }
  },
  {
   "type": "Feature",
   "properties": {
    "station_id": "oaq_6175497",
    "name": "№12 Qalalyq emhana",
    "city": null,
    "region": null,
    "country": "KZ",
    "lat": 43.2355,
    "lon": 76.9113,
    "timezone": null,
    "station_type": "government",
    "source": "openaq",
    "operator": "AirGradient",
    "is_active": true
   },
   "geometry": {
    "type": "Point",
    "coordinates": [
     76.9113,
     43.2355
    ]
   }
  },
  {
   "type": "Feature",
   "properties": {
    "station_id": "oaq_6175498",
    "name": "QazTSIK, №40 mektep",
    "city": null,
    "region": null,
    "country": "KZ",
    "lat": 43.3782,
    "lon": 76.8364,
    "timezone": null,
    "station_type": "government",
    "source": "openaq",
    "operator": "AirGradient",
    "is_active": true
   },
   "geometry": {
    "type": "Point",
    "coordinates": [
     76.8364,
     43.3782
    ]
   }
  },
  {
   "type": "Feature",
   "properties": {
    "station_id": "oaq_6175499",
    "name": "Tuıimebaev auyly, №19 mektep ",
    "city": null,
    "region": null,
    "country": "KZ",
    "lat": 43.4134,
    "lon": 76.914,
    "timezone": null,
    "station_type": "government",
    "source": "openaq",
    "operator": "AirGradient",
    "is_active": true
   },
   "geometry": {
    "type": "Point",
    "coordinates": [
     76.914,
     43.4134
    ]
   }
  },
  {
   "type": "Feature",
   "properties": {
    "station_id": "oaq_6175500",
    "name": "№86 mektep-gimnaziya",
    "city": null,
    "region": null,
    "country": "KZ",
    "lat": 43.219879,
    "lon": 76.859159,
    "timezone": null,
    "station_type": "government",
    "source": "openaq",
    "operator": "AirGradient",
    "is_active": true
   },
   "geometry": {
    "type": "Point",
    "coordinates": [
     76.859159,
     43.219879
    ]
   }
  },
  {
   "type": "Feature",
   "properties": {
    "station_id": "oaq_6175501",
    "name": "SDU",
    "city": null,
    "region": null,
    "country": "KZ",
    "lat": 43.208174,
    "lon": 76.668446,
    "timezone": null,
    "station_type": "government",
    "source": "openaq",
    "operator": "AirGradient",
    "is_active": true
   },
   "geometry": {
    "type": "Point",
    "coordinates": [
     76.668446,
     43.208174
    ]
   }
  },
  {
   "type": "Feature",
   "properties": {
    "station_id": "oaq_6175502",
    "name": "Mamyr 1",
    "city": null,
    "region": null,
    "country": "KZ",
    "lat": 43.2114,
    "lon": 76.8434,
    "timezone": null,
    "station_type": "government",
    "source": "openaq",
    "operator": "AirGradient",
    "is_active": true
   },
   "geometry": {
    "type": "Point",
    "coordinates": [
     76.8434,
     43.2114
    ]
   }
  },
  {
   "type": "Feature",
   "properties": {
    "station_id": "oaq_6175503",
    "name": "Narxoz University ",
    "city": null,
    "region": null,
    "country": "KZ",
    "lat": 43.214577,
    "lon": 76.871985,
    "timezone": null,
    "station_type": "government",
    "source": "openaq",
    "operator": "AirGradient",
    "is_active": true
   },
   "geometry": {
    "type": "Point",
    "coordinates": [
     76.871985,
     43.214577
    ]
   }
  },
  {
   "type": "Feature",
   "properties": {
    "station_id": "oaq_6175504",
    "name": "Ońtústik saıabaǵy | MOST hub ",
    "city": null,
    "region": null,
    "country": "KZ",
    "lat": 43.2103,
    "lon": 76.9083,
    "timezone": null,
    "station_type": "government",
    "source": "openaq",
    "operator": "AirGradient",
    "is_active": true
   },
   "geometry": {
    "type": "Point",
    "coordinates": [
     76.9083,
     43.2103
    ]
   }
  },
  {
   "type": "Feature",
   "properties": {
    "station_id": "oaq_6175505",
    "name": "№116 mektep",
    "city": null,
    "region": null,
    "country": "KZ",
    "lat": 43.2255,
    "lon": 76.8685,
    "timezone": null,
    "station_type": "government",
    "source": "openaq",
    "operator": "AirGradient",
    "is_active": true
   },
   "geometry": {
    "type": "Point",
    "coordinates": [
     76.8685,
     43.2255
    ]
   }
  },
  {
   "type": "Feature",
   "properties": {
    "station_id": "oaq_6175506",
    "name": "Baıkent, №10 orta mektep",
    "city": null,
    "region": null,
    "country": "KZ",
    "lat": 43.474545,
    "lon": 76.807185,
    "timezone": null,
    "station_type": "government",
    "source": "openaq",
    "operator": "AirGradient",
    "is_active": true
   },
   "geometry": {
    "type": "Point",
    "coordinates": [
     76.807185,
     43.474545
    ]
   }
  },
  {
   "type": "Feature",
   "properties": {
    "station_id": "oaq_6175507",
    "name": "№47 mektep",
    "city": null,
    "region": null,
    "country": "KZ",
    "lat": 43.1919,
    "lon": 76.9681,
    "timezone": null,
    "station_type": "government",
    "source": "openaq",
    "operator": "AirGradient",
    "is_active": true
   },
   "geometry": {
    "type": "Point",
    "coordinates": [
     76.9681,
     43.1919
    ]
   }
  },
  {
   "type": "Feature",
   "properties": {
    "station_id": "oaq_6175508",
    "name": "Almaty oblystyq №1 balalar uyi",
    "city": null,
    "region": null,
    "country": "KZ",
    "lat": 43.201,
    "lon": 76.9136,
    "timezone": null,
    "station_type": "government",
    "source": "openaq",
    "operator": "AirGradient",
    "is_active": true
   },
   "geometry": {
    "type": "Point",
    "coordinates": [
     76.9136,
     43.201
    ]
   }
  },
  {
   "type": "Feature",
   "properties": {
    "station_id": "oaq_6175509",
    "name": "Qoşmambet orta mektebi",
    "city": null,
    "region": null,
    "country": "KZ",
    "lat": 43.3322,
    "lon": 76.6498,
    "timezone": null,
    "station_type": "government",
    "source": "openaq",
    "operator": "AirGradient",
    "is_active": true
   },
   "geometry": {
    "type": "Point",
    "coordinates": [
     76.6498,
     43.3322
    ]
   }
  },
  {
   "type": "Feature",
   "properties": {
    "station_id": "oaq_6175510",
    "name": "№190 mektep ",
    "city": null,
    "region": null,
    "country": "KZ",
    "lat": 43.1573,
    "lon": 76.9017,
    "timezone": null,
    "station_type": "government",
    "source": "openaq",
    "operator": "AirGradient",
    "is_active": true
   },
   "geometry": {
    "type": "Point",
    "coordinates": [
     76.9017,
     43.1573
    ]
   }
  },
  {
   "type": "Feature",
   "properties": {
    "station_id": "oaq_6175511",
    "name": "Irgeli, orta mektep",
    "city": null,
    "region": null,
    "country": "KZ",
    "lat": 43.2421,
    "lon": 76.7622,
    "timezone": null,
    "station_type": "government",
    "source": "openaq",
    "operator": "AirGradient",
    "is_active": true
   },
   "geometry": {
    "type": "Point",
    "coordinates": [
     76.7622,
     43.2421
    ]
   }
  },
  {
   "type": "Feature",
   "properties": {
    "station_id": "oaq_6175512",
    "name": "Ermensai (Araily k-si)",
    "city": null,
    "region": null,
    "country": "KZ",
    "lat": 43.1885,
    "lon": 76.9304,
    "timezone": null,
    "station_type": "government",
    "source": "openaq",
    "operator": "AirGradient",
    "is_active": true
   },
   "geometry": {
    "type": "Point",
    "coordinates": [
     76.9304,
     43.1885
    ]
   }
  },
  {
   "type": "Feature",
   "properties": {
    "station_id": "oaq_6175513",
    "name": "Alatau kenti (Jetbaev k-si)",
    "city": null,
    "region": null,
    "country": "KZ",
    "lat": 43.3615,
    "lon": 77.1367,
    "timezone": null,
    "station_type": "government",
    "source": "openaq",
    "operator": "AirGradient",
    "is_active": true
   },
   "geometry": {
    "type": "Point",
    "coordinates": [
     77.1367,
     43.3615
    ]
   }
  },
  {
   "type": "Feature",
   "properties": {
    "station_id": "oaq_6175514",
    "name": "№7 Su Elektr Stansiäsy",
    "city": null,
    "region": null,
    "country": "KZ",
    "lat": 43.1658,
    "lon": 76.8962,
    "timezone": null,
    "station_type": "government",
    "source": "openaq",
    "operator": "AirGradient",
    "is_active": true
   },
   "geometry": {
    "type": "Point",
    "coordinates": [
     76.8962,
     43.1658
    ]
   }
  },
  {
   "type": "Feature",
   "properties": {
    "station_id": "oaq_6175515",
    "name": "Ortalyq demalys sayabağy",
    "city": null,
    "region": null,
    "country": "KZ",
    "lat": 43.2645,
    "lon": 76.9727,
    "timezone": null,
    "station_type": "government",
    "source": "openaq",
    "operator": "AirGradient",
    "is_active": true
   },
   "geometry": {
    "type": "Point",
    "coordinates": [
     76.9727,
     43.2645
    ]
   }
  },
  {
   "type": "Feature",
   "properties": {
    "station_id": "oaq_6175516",
    "name": "Perzenthana (Basenov 2a)",
    "city": null,
    "region": null,
    "country": "KZ",
    "lat": 43.2221,
    "lon": 76.8994,
    "timezone": null,
    "station_type": "government",
    "source": "openaq",
    "operator": "AirGradient",
    "is_active": true
   },
   "geometry": {
    "type": "Point",
    "coordinates": [
     76.8994,
     43.2221
    ]
   }
  },
  {
   "type": "Feature",
   "properties": {
    "station_id": "oaq_6175517",
    "name": "Shamalǵan, Tleubaev atyndaǵy mektep",
    "city": null,
    "region": null,
    "country": "KZ",
    "lat": 43.374,
    "lon": 76.6266,
    "timezone": null,
    "station_type": "government",
    "source": "openaq",
    "operator": "AirGradient",
    "is_active": true
   },
   "geometry": {
    "type": "Point",
    "coordinates": [
     76.6266,
     43.374
    ]
   }
  },
  {
   "type": "Feature",
   "properties": {
    "station_id": "oaq_6175518",
    "name": "Bereke auyly, Beisebaev atyndaǵy orta mektep",
    "city": null,
    "region": null,
    "country": "KZ",
    "lat": 43.3711,
    "lon": 76.7114,
    "timezone": null,
    "station_type": "government",
    "source": "openaq",
    "operator": "AirGradient",
    "is_active": true
   },
   "geometry": {
    "type": "Point",
    "coordinates": [
     76.7114,
     43.3711
    ]
   }
  },
  {
   "type": "Feature",
   "properties": {
    "station_id": "oaq_6175519",
    "name": "Qaskelen, Belinskiı atyndaǵy mektep",
    "city": null,
    "region": null,
    "country": "KZ",
    "lat": 43.1952,
    "lon": 76.6209,
    "timezone": null,
    "station_type": "government",
    "source": "openaq",
    "operator": "AirGradient",
    "is_active": true
   },
   "geometry": {
    "type": "Point",
    "coordinates": [
     76.6209,
     43.1952
    ]
   }
  },
  {
   "type": "Feature",
   "properties": {
    "station_id": "oaq_6175520",
    "name": "Raiymbek - Jangeldin",
    "city": null,
    "region": null,
    "country": "KZ",
    "lat": 43.2714,
    "lon": 76.9568,
    "timezone": null,
    "station_type": "government",
    "source": "openaq",
    "operator": "AirGradient",
    "is_active": true
   },
   "geometry": {
    "type": "Point",
    "coordinates": [
     76.9568,
     43.2714
    ]
   }
  },
  {
   "type": "Feature",
   "properties": {
    "station_id": "oaq_6175521",
    "name": "Almaty şipazhaiy",
    "city": null,
    "region": null,
    "country": "KZ",
    "lat": 43.1759,
    "lon": 76.8726,
    "timezone": null,
    "station_type": "government",
    "source": "openaq",
    "operator": "AirGradient",
    "is_active": true
   },
   "geometry": {
    "type": "Point",
    "coordinates": [
     76.8726,
     43.1759
    ]
   }
  },
  {
   "type": "Feature",
   "properties": {
    "station_id": "oaq_6175522",
    "name": "Rahat Konditerlik fabrikasy",
    "city": null,
    "region": null,
    "country": "KZ",
    "lat": 43.263037,
    "lon": 76.957877,
    "timezone": null,
    "station_type": "government",
    "source": "openaq",
    "operator": "AirGradient",
    "is_active": true
   },
   "geometry": {
    "type": "Point",
    "coordinates": [
     76.957877,
     43.263037
    ]
   }
  },
  {
   "type": "Feature",
   "properties": {
    "station_id": "oaq_6175523",
    "name": "№200 mektep-gimnaziya",
    "city": null,
    "region": null,
    "country": "KZ",
    "lat": 43.198,
    "lon": 76.7905,
    "timezone": null,
    "station_type": "government",
    "source": "openaq",
    "operator": "AirGradient",
    "is_active": true
   },
   "geometry": {
    "type": "Point",
    "coordinates": [
     76.7905,
     43.198
    ]
   }
  },
  {
   "type": "Feature",
   "properties": {
    "station_id": "oaq_6175524",
    "name": "№206 mektep-gimnaziya",
    "city": null,
    "region": null,
    "country": "KZ",
    "lat": 43.208327,
    "lon": 76.819198,
    "timezone": null,
    "station_type": "government",
    "source": "openaq",
    "operator": "AirGradient",
    "is_active": true
   },
   "geometry": {
    "type": "Point",
    "coordinates": [
     76.819198,
     43.208327
    ]
   }
  },
  {
   "type": "Feature",
   "properties": {
    "station_id": "oaq_6175525",
    "name": "Ötegen Batyr, №24 litsei",
    "city": null,
    "region": null,
    "country": "KZ",
    "lat": 43.4143,
    "lon": 77.0315,
    "timezone": null,
    "station_type": "government",
    "source": "openaq",
    "operator": "AirGradient",
    "is_active": true
   },
   "geometry": {
    "type": "Point",
    "coordinates": [
     77.0315,
     43.4143
    ]
   }
  },
  {
   "type": "Feature",
   "properties": {
    "station_id": "oaq_6175526",
    "name": "Qarağaily (Nadirov k-si)",
    "city": null,
    "region": null,
    "country": "KZ",
    "lat": 43.1833,
    "lon": 76.8416,
    "timezone": null,
    "station_type": "government",
    "source": "openaq",
    "operator": "AirGradient",
    "is_active": true
   },
   "geometry": {
    "type": "Point",
    "coordinates": [
     76.8416,
     43.1833
    ]
   }
  },
  {
   "type": "Feature",
   "properties": {
    "station_id": "oaq_6175527",
    "name": "Isaevo auyly, Isaeva atyndaǵy mektep",
    "city": null,
    "region": null,
    "country": "KZ",
    "lat": 43.4012,
    "lon": 76.7513,
    "timezone": null,
    "station_type": "government",
    "source": "openaq",
    "operator": "AirGradient",
    "is_active": true
   },
   "geometry": {
    "type": "Point",
    "coordinates": [
     76.7513,
     43.4012
    ]
   }
  },
  {
   "type": "Feature",
   "properties": {
    "station_id": "oaq_6175528",
    "name": "Samal 1",
    "city": null,
    "region": null,
    "country": "KZ",
    "lat": 43.2358,
    "lon": 76.9518,
    "timezone": null,
    "station_type": "government",
    "source": "openaq",
    "operator": "AirGradient",
    "is_active": true
   },
   "geometry": {
    "type": "Point",
    "coordinates": [
     76.9518,
     43.2358
    ]
   }
  },
  {
   "type": "Feature",
   "properties": {
    "station_id": "oaq_6175529",
    "name": "Baitursynov k-si",
    "city": null,
    "region": null,
    "country": "KZ",
    "lat": 43.231494,
    "lon": 76.934146,
    "timezone": null,
    "station_type": "government",
    "source": "openaq",
    "operator": "AirGradient",
    "is_active": true
   },
   "geometry": {
    "type": "Point",
    "coordinates": [
     76.934146,
     43.231494
    ]
   }
  },
  {
   "type": "Feature",
   "properties": {
    "station_id": "oaq_6175530",
    "name": "Zharokov - Mynbayev st.",
    "city": null,
    "region": null,
    "country": "KZ",
    "lat": 43.2374,
    "lon": 76.8995,
    "timezone": null,
    "station_type": "government",
    "source": "openaq",
    "operator": "AirGradient",
    "is_active": true
   },
   "geometry": {
    "type": "Point",
    "coordinates": [
     76.8995,
     43.2374
    ]
   }
  },
  {
   "type": "Feature",
   "properties": {
    "station_id": "oaq_6175531",
    "name": "Almalybaq",
    "city": null,
    "region": null,
    "country": "KZ",
    "lat": 43.222398,
    "lon": 76.678183,
    "timezone": null,
    "station_type": "government",
    "source": "openaq",
    "operator": "AirGradient",
    "is_active": true
   },
   "geometry": {
    "type": "Point",
    "coordinates": [
     76.678183,
     43.222398
    ]
   }
  },
  {
   "type": "Feature",
   "properties": {
    "station_id": "oaq_6175532",
    "name": "Zhambyl",
    "city": null,
    "region": null,
    "country": "KZ",
    "lat": 43.2734,
    "lon": 76.6685,
    "timezone": null,
    "station_type": "government",
    "source": "openaq",
    "operator": "AirGradient",
    "is_active": true
   },
   "geometry": {
    "type": "Point",
    "coordinates": [
     76.6685,
     43.2734
    ]
   }
  },
  {
   "type": "Feature",
   "properties": {
    "station_id": "oaq_6175533",
    "name": "Medeu",
    "city": null,
    "region": null,
    "country": "KZ",
    "lat": 43.1642,
    "lon": 77.0494,
    "timezone": null,
    "station_type": "government",
    "source": "openaq",
    "operator": "AirGradient",
    "is_active": true
   },
   "geometry": {
    "type": "Point",
    "coordinates": [
     77.0494,
     43.1642
    ]
   }
  },
  {
   "type": "Feature",
   "properties": {
    "station_id": "oaq_6175707",
    "name": "Orbita 1 (Navoi k-si) ",
    "city": null,
    "region": null,
    "country": "KZ",
    "lat": 43.2035,
    "lon": 76.8869,
    "timezone": null,
    "station_type": "government",
    "source": "openaq",
    "operator": "AirGradient",
    "is_active": true
   },
   "geometry": {
    "type": "Point",
    "coordinates": [
     76.8869,
     43.2035
    ]
   }
  },
  {
   "type": "Feature",
   "properties": {
    "station_id": "oaq_6175708",
    "name": "№170 Böbekjai balabaqşasy",
    "city": null,
    "region": null,
    "country": "KZ",
    "lat": 43.3115,
    "lon": 76.9015,
    "timezone": null,
    "station_type": "government",
    "source": "openaq",
    "operator": "AirGradient",
    "is_active": true
   },
   "geometry": {
    "type": "Point",
    "coordinates": [
     76.9015,
     43.3115
    ]
   }
  },
  {
   "type": "Feature",
   "properties": {
    "station_id": "oaq_6175709",
    "name": "Belbulak, №32 mektep",
    "city": null,
    "region": null,
    "country": "KZ",
    "lat": 43.3121,
    "lon": 77.098,
    "timezone": null,
    "station_type": "government",
    "source": "openaq",
    "operator": "AirGradient",
    "is_active": true
   },
   "geometry": {
    "type": "Point",
    "coordinates": [
     77.098,
     43.3121
    ]
   }
  },
  {
   "type": "Feature",
   "properties": {
    "station_id": "oaq_6175710",
    "name": "Prezident sayabağı",
    "city": null,
    "region": null,
    "country": "KZ",
    "lat": 43.1944,
    "lon": 76.8876,
    "timezone": null,
    "station_type": "government",
    "source": "openaq",
    "operator": "AirGradient",
    "is_active": true
   },
   "geometry": {
    "type": "Point",
    "coordinates": [
     76.8876,
     43.1944
    ]
   }
  },
  {
   "type": "Feature",
   "properties": {
    "station_id": "oaq_6175711",
    "name": "Kyrgauyldy auyly, Orta mektep",
    "city": null,
    "region": null,
    "country": "KZ",
    "lat": 43.1793,
    "lon": 76.7701,
    "timezone": null,
    "station_type": "government",
    "source": "openaq",
    "operator": "AirGradient",
    "is_active": true
   },
   "geometry": {
    "type": "Point",
    "coordinates": [
     76.7701,
     43.1793
    ]
   }
  },
  {
   "type": "Feature",
   "properties": {
    "station_id": "oaq_6175712",
    "name": "Tuzdybastau, №13 mektep ",
    "city": null,
    "region": null,
    "country": "KZ",
    "lat": 43.3239,
    "lon": 77.0644,
    "timezone": null,
    "station_type": "government",
    "source": "openaq",
    "operator": "AirGradient",
    "is_active": true
   },
   "geometry": {
    "type": "Point",
    "coordinates": [
     77.0644,
     43.3239
    ]
   }
  },
  {
   "type": "Feature",
   "properties": {
    "station_id": "oaq_6175713",
    "name": "Gūldala, №21 mektep",
    "city": null,
    "region": null,
    "country": "KZ",
    "lat": 43.3516,
    "lon": 77.0573,
    "timezone": null,
    "station_type": "government",
    "source": "openaq",
    "operator": "AirGradient",
    "is_active": true
   },
   "geometry": {
    "type": "Point",
    "coordinates": [
     77.0573,
     43.3516
    ]
   }
  },
  {
   "type": "Feature",
   "properties": {
    "station_id": "oaq_6175714",
    "name": "Tereńqur ",
    "city": null,
    "region": null,
    "country": "KZ",
    "lat": 43.2179,
    "lon": 76.9693,
    "timezone": null,
    "station_type": "government",
    "source": "openaq",
    "operator": "AirGradient",
    "is_active": true
   },
   "geometry": {
    "type": "Point",
    "coordinates": [
     76.9693,
     43.2179
    ]
   }
  },
  {
   "type": "Feature",
   "properties": {
    "station_id": "oaq_6175715",
    "name": "Jañaturmys (Altynsarin k-si)",
    "city": null,
    "region": null,
    "country": "KZ",
    "lat": 43.174919,
    "lon": 76.788939,
    "timezone": null,
    "station_type": "government",
    "source": "openaq",
    "operator": "AirGradient",
    "is_active": true
   },
   "geometry": {
    "type": "Point",
    "coordinates": [
     76.788939,
     43.174919
    ]
   }
  },
  {
   "type": "Feature",
   "properties": {
    "station_id": "oaq_6175716",
    "name": "№98 mektep",
    "city": null,
    "region": null,
    "country": "KZ",
    "lat": 43.2886,
    "lon": 76.9765,
    "timezone": null,
    "station_type": "government",
    "source": "openaq",
    "operator": "AirGradient",
    "is_active": true
   },
   "geometry": {
    "type": "Point",
    "coordinates": [
     76.9765,
     43.2886
    ]
   }
  },
  {
   "type": "Feature",
   "properties": {
    "station_id": "oaq_6175717",
    "name": "Nurtau golf club",
    "city": null,
    "region": null,
    "country": "KZ",
    "lat": 43.1934,
    "lon": 76.8186,
    "timezone": null,
    "station_type": "government",
    "source": "openaq",
    "operator": "AirGradient",
    "is_active": true
   },
   "geometry": {
    "type": "Point",
    "coordinates": [
     76.8186,
     43.1934
    ]
   }
  },
  {
   "type": "Feature",
   "properties": {
    "station_id": "oaq_6175718",
    "name": "Saiyalı (Avtotsón) ",
    "city": null,
    "region": null,
    "country": "KZ",
    "lat": 43.3038,
    "lon": 76.837,
    "timezone": null,
    "station_type": "government",
    "source": "openaq",
    "operator": "AirGradient",
    "is_active": true
   },
   "geometry": {
    "type": "Point",
    "coordinates": [
     76.837,
     43.3038
    ]
   }
  },
  {
   "type": "Feature",
   "properties": {
    "station_id": "oaq_6175719",
    "name": "№162 mektep",
    "city": null,
    "region": null,
    "country": "KZ",
    "lat": 43.3118,
    "lon": 76.9557,
    "timezone": null,
    "station_type": "government",
    "source": "openaq",
    "operator": "AirGradient",
    "is_active": true
   },
   "geometry": {
    "type": "Point",
    "coordinates": [
     76.9557,
     43.3118
    ]
   }
  },
  {
   "type": "Feature",
   "properties": {
    "station_id": "oaq_6175720",
    "name": "№112 mektep",
    "city": null,
    "region": null,
    "country": "KZ",
    "lat": 43.2937,
    "lon": 76.9154,
    "timezone": null,
    "station_type": "government",
    "source": "openaq",
    "operator": "AirGradient",
    "is_active": true
   },
   "geometry": {
    "type": "Point",
    "coordinates": [
     76.9154,
     43.2937
    ]
   }
  },
  {
   "type": "Feature",
   "properties": {
    "station_id": "oaq_6175721",
    "name": "№171 mektep",
    "city": null,
    "region": null,
    "country": "KZ",
    "lat": 43.2718,
    "lon": 76.8449,
    "timezone": null,
    "station_type": "government",
    "source": "openaq",
    "operator": "AirGradient",
    "is_active": true
   },
   "geometry": {
    "type": "Point",
    "coordinates": [
     76.8449,
     43.2718
    ]
   }
  },
  {
   "type": "Feature",
   "properties": {
    "station_id": "oaq_6175722",
    "name": "№184 mektep",
    "city": null,
    "region": null,
    "country": "KZ",
    "lat": 43.2465,
    "lon": 76.7918,
    "timezone": null,
    "station_type": "government",
    "source": "openaq",
    "operator": "AirGradient",
    "is_active": true
   },
   "geometry": {
    "type": "Point",
    "coordinates": [
     76.7918,
     43.2465
    ]
   }
  },
  {
   "type": "Feature",
   "properties": {
    "station_id": "oaq_6175723",
    "name": "№107 mektep",
    "city": null,
    "region": null,
    "country": "KZ",
    "lat": 43.2958,
    "lon": 76.9374,
    "timezone": null,
    "station_type": "government",
    "source": "openaq",
    "operator": "AirGradient",
    "is_active": true
   },
   "geometry": {
    "type": "Point",
    "coordinates": [
     76.9374,
     43.2958
    ]
   }
  },
  {
   "type": "Feature",
   "properties": {
    "station_id": "oaq_6175837",
    "name": "Duman 2 (Mercur Grad) ",
    "city": null,
    "region": null,
    "country": "KZ",
    "lat": 43.2885,
    "lon": 77.004,
    "timezone": null,
    "station_type": "government",
    "source": "openaq",
    "operator": "AirGradient",
    "is_active": true
   },
   "geometry": {
    "type": "Point",
    "coordinates": [
     77.004,
     43.2885
    ]
   }
  },
  {
   "type": "Feature",
   "properties": {
    "station_id": "oaq_6186958",
    "name": "Almaty, Dostyk 300/60",
    "city": null,
    "region": null,
    "country": "KZ",
    "lat": 43.2226,
    "lon": 76.9759,
    "timezone": null,
    "station_type": "government",
    "source": "openaq",
    "operator": "AirGradient",
    "is_active": true
   },
   "geometry": {
    "type": "Point",
    "coordinates": [
     76.9759,
     43.2226
    ]
   }
  },
  {
   "type": "Feature",
   "properties": {
    "station_id": "oaq_6198159",
    "name": "Almaty Museum of Arts ",
    "city": null,
    "region": null,
    "country": "KZ",
    "lat": 43.2267,
    "lon": 76.9492,
    "timezone": null,
    "station_type": "government",
    "source": "openaq",
    "operator": "AirGradient",
    "is_active": true
   },
   "geometry": {
    "type": "Point",
    "coordinates": [
     76.9492,
     43.2267
    ]
   }
  },
  {
   "type": "Feature",
   "properties": {
    "station_id": "oaq_6199332",
    "name": "Al Farabi Universiteti",
    "city": null,
    "region": null,
    "country": "KZ",
    "lat": 43.2267,
    "lon": 76.9217,
    "timezone": null,
    "station_type": "government",
    "source": "openaq",
    "operator": "AirGradient",
    "is_active": true
   },
   "geometry": {
    "type": "Point",
    "coordinates": [
     76.9217,
     43.2267
    ]
   }
  },
  {
   "type": "Feature",
   "properties": {
    "station_id": "oaq_6199784",
    "name": "Almağül (Serkebaev – Strauss)",
    "city": null,
    "region": null,
    "country": "KZ",
    "lat": 43.2049,
    "lon": 76.8999,
    "timezone": null,
    "station_type": "government",
    "source": "openaq",
    "operator": "AirGradient",
    "is_active": true
   },
   "geometry": {
    "type": "Point",
    "coordinates": [
     76.8999,
     43.2049
    ]
   }
  },
  {
   "type": "Feature",
   "properties": {
    "station_id": "oaq_6199785",
    "name": "5-şi şağyn audan ",
    "city": null,
    "region": null,
    "country": "KZ",
    "lat": 43.2337,
    "lon": 76.8642,
    "timezone": null,
    "station_type": "government",
    "source": "openaq",
    "operator": "AirGradient",
    "is_active": true
   },
   "geometry": {
    "type": "Point",
    "coordinates": [
     76.8642,
     43.2337
    ]
   }
  },
  {
   "type": "Feature",
   "properties": {
    "station_id": "oaq_6199786",
    "name": "Aqbulaq (Baiqonyrov k-si) ",
    "city": null,
    "region": null,
    "country": "KZ",
    "lat": 43.2636,
    "lon": 76.8336,
    "timezone": null,
    "station_type": "government",
    "source": "openaq",
    "operator": "AirGradient",
    "is_active": true
   },
   "geometry": {
    "type": "Point",
    "coordinates": [
     76.8336,
     43.2636
    ]
   }
  },
  {
   "type": "Feature",
   "properties": {
    "station_id": "oaq_6199787",
    "name": "Äskeri qalaşıq",
    "city": null,
    "region": null,
    "country": "KZ",
    "lat": 43.3615,
    "lon": 76.9653,
    "timezone": null,
    "station_type": "government",
    "source": "openaq",
    "operator": "AirGradient",
    "is_active": true
   },
   "geometry": {
    "type": "Point",
    "coordinates": [
     76.9653,
     43.3615
    ]
   }
  },
  {
   "type": "Feature",
   "properties": {
    "station_id": "oaq_6199788",
    "name": "Aqjar (Medeubekov k-si)",
    "city": null,
    "region": null,
    "country": "KZ",
    "lat": 43.1826,
    "lon": 76.7916,
    "timezone": null,
    "station_type": "government",
    "source": "openaq",
    "operator": "AirGradient",
    "is_active": true
   },
   "geometry": {
    "type": "Point",
    "coordinates": [
     76.7916,
     43.1826
    ]
   }
  },
  {
   "type": "Feature",
   "properties": {
    "station_id": "oaq_6199789",
    "name": "Aport Mall East",
    "city": null,
    "region": null,
    "country": "KZ",
    "lat": 43.3148,
    "lon": 77.0216,
    "timezone": null,
    "station_type": "government",
    "source": "openaq",
    "operator": "AirGradient",
    "is_active": true
   },
   "geometry": {
    "type": "Point",
    "coordinates": [
     77.0216,
     43.3148
    ]
   }
  },
  {
   "type": "Feature",
   "properties": {
    "station_id": "oaq_6199790",
    "name": "Abaı auyly, №2 mektep",
    "city": null,
    "region": null,
    "country": "KZ",
    "lat": 43.2015,
    "lon": 76.7636,
    "timezone": null,
    "station_type": "government",
    "source": "openaq",
    "operator": "AirGradient",
    "is_active": true
   },
   "geometry": {
    "type": "Point",
    "coordinates": [
     76.7636,
     43.2015
    ]
   }
  },
  {
   "type": "Feature",
   "properties": {
    "station_id": "oaq_6199865",
    "name": "№193 mektep",
    "city": null,
    "region": null,
    "country": "KZ",
    "lat": 43.373,
    "lon": 76.9431,
    "timezone": null,
    "station_type": "government",
    "source": "openaq",
    "operator": "AirGradient",
    "is_active": true
   },
   "geometry": {
    "type": "Point",
    "coordinates": [
     76.9431,
     43.373
    ]
   }
  },
  {
   "type": "Feature",
   "properties": {
    "station_id": "oaq_6199866",
    "name": "Maqataev – Muratbaev",
    "city": null,
    "region": null,
    "country": "KZ",
    "lat": 43.2618,
    "lon": 76.9186,
    "timezone": null,
    "station_type": "government",
    "source": "openaq",
    "operator": "AirGradient",
    "is_active": true
   },
   "geometry": {
    "type": "Point",
    "coordinates": [
     76.9186,
     43.2618
    ]
   }
  },
  {
   "type": "Feature",
   "properties": {
    "station_id": "oaq_6199867",
    "name": "Bekmahanov – Süyinbai",
    "city": null,
    "region": null,
    "country": "KZ",
    "lat": 43.3461,
    "lon": 76.971271,
    "timezone": null,
    "station_type": "government",
    "source": "openaq",
    "operator": "AirGradient",
    "is_active": true
   },
   "geometry": {
    "type": "Point",
    "coordinates": [
     76.971271,
     43.3461
    ]
   }
  },
  {
   "type": "Feature",
   "properties": {
    "station_id": "oaq_6199868",
    "name": "Ayajan (Talas k-si)",
    "city": null,
    "region": null,
    "country": "KZ",
    "lat": 43.3179,
    "lon": 76.9374,
    "timezone": null,
    "station_type": "government",
    "source": "openaq",
    "operator": "AirGradient",
    "is_active": true
   },
   "geometry": {
    "type": "Point",
    "coordinates": [
     76.9374,
     43.3179
    ]
   }
  },
  {
   "type": "Feature",
   "properties": {
    "station_id": "oaq_6199869",
    "name": "№4 Qalalyq emhana (Orbita 3)",
    "city": null,
    "region": null,
    "country": "KZ",
    "lat": 43.2019,
    "lon": 76.8766,
    "timezone": null,
    "station_type": "government",
    "source": "openaq",
    "operator": "AirGradient",
    "is_active": true
   },
   "geometry": {
    "type": "Point",
    "coordinates": [
     76.8766,
     43.2019
    ]
   }
  },
  {
   "type": "Feature",
   "properties": {
    "station_id": "oaq_6199870",
    "name": "№178 mektep",
    "city": null,
    "region": null,
    "country": "KZ",
    "lat": 43.2499,
    "lon": 76.8143,
    "timezone": null,
    "station_type": "government",
    "source": "openaq",
    "operator": "AirGradient",
    "is_active": true
   },
   "geometry": {
    "type": "Point",
    "coordinates": [
     76.8143,
     43.2499
    ]
   }
  },
  {
   "type": "Feature",
   "properties": {
    "station_id": "oaq_6199871",
    "name": "№42 mektep",
    "city": null,
    "region": null,
    "country": "KZ",
    "lat": 43.2373,
    "lon": 76.8333,
    "timezone": null,
    "station_type": "government",
    "source": "openaq",
    "operator": "AirGradient",
    "is_active": true
   },
   "geometry": {
    "type": "Point",
    "coordinates": [
     76.8333,
     43.2373
    ]
   }
  },
  {
   "type": "Feature",
   "properties": {
    "station_id": "oaq_6199872",
    "name": "№63 orta mektep",
    "city": null,
    "region": null,
    "country": "KZ",
    "lat": 43.2169,
    "lon": 76.8901,
    "timezone": null,
    "station_type": "government",
    "source": "openaq",
    "operator": "AirGradient",
    "is_active": true
   },
   "geometry": {
    "type": "Point",
    "coordinates": [
     76.8901,
     43.2169
    ]
   }
  },
  {
   "type": "Feature",
   "properties": {
    "station_id": "oaq_6199873",
    "name": "Kensai (Şoqai k-si)",
    "city": null,
    "region": null,
    "country": "KZ",
    "lat": 43.2662,
    "lon": 76.986,
    "timezone": null,
    "station_type": "government",
    "source": "openaq",
    "operator": "AirGradient",
    "is_active": true
   },
   "geometry": {
    "type": "Point",
    "coordinates": [
     76.986,
     43.2662
    ]
   }
  },
  {
   "type": "Feature",
   "properties": {
    "station_id": "oaq_6199874",
    "name": "№142 mektep",
    "city": null,
    "region": null,
    "country": "KZ",
    "lat": 43.3611,
    "lon": 76.9966,
    "timezone": null,
    "station_type": "government",
    "source": "openaq",
    "operator": "AirGradient",
    "is_active": true
   },
   "geometry": {
    "type": "Point",
    "coordinates": [
     76.9966,
     43.3611
    ]
   }
  },
  {
   "type": "Feature",
   "properties": {
    "station_id": "oaq_6199875",
    "name": "Kiši Baıserke, №40 mektep",
    "city": null,
    "region": null,
    "country": "KZ",
    "lat": 43.4877,
    "lon": 77.0611,
    "timezone": null,
    "station_type": "government",
    "source": "openaq",
    "operator": "AirGradient",
    "is_active": true
   },
   "geometry": {
    "type": "Point",
    "coordinates": [
     77.0611,
     43.4877
    ]
   }
  },
  {
   "type": "Feature",
   "properties": {
    "station_id": "oaq_6199876",
    "name": "№85 mektep ",
    "city": null,
    "region": null,
    "country": "KZ",
    "lat": 43.3549,
    "lon": 76.9524,
    "timezone": null,
    "station_type": "government",
    "source": "openaq",
    "operator": "AirGradient",
    "is_active": true
   },
   "geometry": {
    "type": "Point",
    "coordinates": [
     76.9524,
     43.3549
    ]
   }
  },
  {
   "type": "Feature",
   "properties": {
    "station_id": "oaq_6199877",
    "name": "№61 mektep",
    "city": null,
    "region": null,
    "country": "KZ",
    "lat": 43.3299,
    "lon": 76.9477,
    "timezone": null,
    "station_type": "government",
    "source": "openaq",
    "operator": "AirGradient",
    "is_active": true
   },
   "geometry": {
    "type": "Point",
    "coordinates": [
     76.9477,
     43.3299
    ]
   }
  },
  {
   "type": "Feature",
   "properties": {
    "station_id": "oaq_6199878",
    "name": "Jumysşy kenti (Krylov k-si)",
    "city": null,
    "region": null,
    "country": "KZ",
    "lat": 43.2735,
    "lon": 76.8904,
    "timezone": null,
    "station_type": "government",
    "source": "openaq",
    "operator": "AirGradient",
    "is_active": true
   },
   "geometry": {
    "type": "Point",
    "coordinates": [
     76.8904,
     43.2735
    ]
   }
  },
  {
   "type": "Feature",
   "properties": {
    "station_id": "oaq_6199879",
    "name": "Nuriddin (Arystanbab k-si) ",
    "city": null,
    "region": null,
    "country": "KZ",
    "lat": 43.1868,
    "lon": 76.8599,
    "timezone": null,
    "station_type": "government",
    "source": "openaq",
    "operator": "AirGradient",
    "is_active": true
   },
   "geometry": {
    "type": "Point",
    "coordinates": [
     76.8599,
     43.1868
    ]
   }
  },
  {
   "type": "Feature",
   "properties": {
    "station_id": "oaq_6199880",
    "name": "Baým toǵaıy",
    "city": null,
    "region": null,
    "country": "KZ",
    "lat": 43.2939,
    "lon": 76.9449,
    "timezone": null,
    "station_type": "government",
    "source": "openaq",
    "operator": "AirGradient",
    "is_active": true
   },
   "geometry": {
    "type": "Point",
    "coordinates": [
     76.9449,
     43.2939
    ]
   }
  },
  {
   "type": "Feature",
   "properties": {
    "station_id": "oaq_6199881",
    "name": "№17 mektep",
    "city": null,
    "region": null,
    "country": "KZ",
    "lat": 43.3144,
    "lon": 76.9657,
    "timezone": null,
    "station_type": "government",
    "source": "openaq",
    "operator": "AirGradient",
    "is_active": true
   },
   "geometry": {
    "type": "Point",
    "coordinates": [
     76.9657,
     43.3144
    ]
   }
  },
  {
   "type": "Feature",
   "properties": {
    "station_id": "oaq_6199882",
    "name": "№156 mektep ",
    "city": null,
    "region": null,
    "country": "KZ",
    "lat": 43.3224,
    "lon": 76.8863,
    "timezone": null,
    "station_type": "government",
    "source": "openaq",
    "operator": "AirGradient",
    "is_active": true
   },
   "geometry": {
    "type": "Point",
    "coordinates": [
     76.8863,
     43.3224
    ]
   }
  },
  {
   "type": "Feature",
   "properties": {
    "station_id": "oaq_6199883",
    "name": "№14 mektep ",
    "city": null,
    "region": null,
    "country": "KZ",
    "lat": 43.2607,
    "lon": 76.8858,
    "timezone": null,
    "station_type": "government",
    "source": "openaq",
    "operator": "AirGradient",
    "is_active": true
   },
   "geometry": {
    "type": "Point",
    "coordinates": [
     76.8858,
     43.2607
    ]
   }
  },
  {
   "type": "Feature",
   "properties": {
    "station_id": "oaq_6199884",
    "name": "Ortalyq stadion",
    "city": null,
    "region": null,
    "country": "KZ",
    "lat": 43.2397,
    "lon": 76.9241,
    "timezone": null,
    "station_type": "government",
    "source": "openaq",
    "operator": "AirGradient",
    "is_active": true
   },
   "geometry": {
    "type": "Point",
    "coordinates": [
     76.9241,
     43.2397
    ]
   }
  },
  {
   "type": "Feature",
   "properties": {
    "station_id": "oaq_6199885",
    "name": "Janatalap, №52 orta mektep",
    "city": null,
    "region": null,
    "country": "KZ",
    "lat": 43.4737,
    "lon": 76.9641,
    "timezone": null,
    "station_type": "government",
    "source": "openaq",
    "operator": "AirGradient",
    "is_active": true
   },
   "geometry": {
    "type": "Point",
    "coordinates": [
     76.9641,
     43.4737
    ]
   }
  },
  {
   "type": "Feature",
   "properties": {
    "station_id": "oaq_6199886",
    "name": "Avtomekhanikalyq kolledj ",
    "city": null,
    "region": null,
    "country": "KZ",
    "lat": 43.3049,
    "lon": 76.9187,
    "timezone": null,
    "station_type": "government",
    "source": "openaq",
    "operator": "AirGradient",
    "is_active": true
   },
   "geometry": {
    "type": "Point",
    "coordinates": [
     76.9187,
     43.3049
    ]
   }
  },
  {
   "type": "Feature",
   "properties": {
    "station_id": "oaq_6199887",
    "name": "Dostyq ş.a. (Muzammil meşiti)",
    "city": null,
    "region": null,
    "country": "KZ",
    "lat": 43.2239,
    "lon": 76.8291,
    "timezone": null,
    "station_type": "government",
    "source": "openaq",
    "operator": "AirGradient",
    "is_active": true
   },
   "geometry": {
    "type": "Point",
    "coordinates": [
     76.8291,
     43.2239
    ]
   }
  },
  {
   "type": "Feature",
   "properties": {
    "station_id": "oaq_6199888",
    "name": "№198 mektep",
    "city": null,
    "region": null,
    "country": "KZ",
    "lat": 43.3183,
    "lon": 76.9783,
    "timezone": null,
    "station_type": "government",
    "source": "openaq",
    "operator": "AirGradient",
    "is_active": true
   },
   "geometry": {
    "type": "Point",
    "coordinates": [
     76.9783,
     43.3183
    ]
   }
  },
  {
   "type": "Feature",
   "properties": {
    "station_id": "oaq_6199889",
    "name": "№22 Qalalyq emhana",
    "city": null,
    "region": null,
    "country": "KZ",
    "lat": 43.3046,
    "lon": 76.853,
    "timezone": null,
    "station_type": "government",
    "source": "openaq",
    "operator": "AirGradient",
    "is_active": true
   },
   "geometry": {
    "type": "Point",
    "coordinates": [
     76.853,
     43.3046
    ]
   }
  },
  {
   "type": "Feature",
   "properties": {
    "station_id": "oaq_6199890",
    "name": "Bögenbai Batyr – Vereŝagin",
    "city": null,
    "region": null,
    "country": "KZ",
    "lat": 43.2487,
    "lon": 76.887,
    "timezone": null,
    "station_type": "government",
    "source": "openaq",
    "operator": "AirGradient",
    "is_active": true
   },
   "geometry": {
    "type": "Point",
    "coordinates": [
     76.887,
     43.2487
    ]
   }
  },
  {
   "type": "Feature",
   "properties": {
    "station_id": "oaq_6199891",
    "name": "Kojamqulov - Qarasai batyr",
    "city": null,
    "region": null,
    "country": "KZ",
    "lat": 43.25005,
    "lon": 76.9179,
    "timezone": null,
    "station_type": "government",
    "source": "openaq",
    "operator": "AirGradient",
    "is_active": true
   },
   "geometry": {
    "type": "Point",
    "coordinates": [
     76.9179,
     43.25005
    ]
   }
  },
  {
   "type": "Feature",
   "properties": {
    "station_id": "oaq_6199892",
    "name": "Boraldai, №212 Mektep",
    "city": null,
    "region": null,
    "country": "KZ",
    "lat": 43.3247,
    "lon": 76.8394,
    "timezone": null,
    "station_type": "government",
    "source": "openaq",
    "operator": "AirGradient",
    "is_active": true
   },
   "geometry": {
    "type": "Point",
    "coordinates": [
     76.8394,
     43.3247
    ]
   }
  },
  {
   "type": "Feature",
   "properties": {
    "station_id": "oaq_6237373",
    "name": "Şuhov at. skver",
    "city": null,
    "region": null,
    "country": "KZ",
    "lat": 43.2747,
    "lon": 76.9808,
    "timezone": null,
    "station_type": "government",
    "source": "openaq",
    "operator": "AirGradient",
    "is_active": true
   },
   "geometry": {
    "type": "Point",
    "coordinates": [
     76.9808,
     43.2747
    ]
   }
  },
  {
   "type": "Feature",
   "properties": {
    "station_id": "oaq_6237374",
    "name": "Sharipov St.- Raimbek St. cross",
    "city": null,
    "region": null,
    "country": "KZ",
    "lat": 43.2456,
    "lon": 76.8348,
    "timezone": null,
    "station_type": "government",
    "source": "openaq",
    "operator": "AirGradient",
    "is_active": true
   },
   "geometry": {
    "type": "Point",
    "coordinates": [
     76.8348,
     43.2456
    ]
   }
  },
  {
   "type": "Feature",
   "properties": {
    "station_id": "oaq_6237375",
    "name": "Şanyraq 2 (Baldáuren k-si) ",
    "city": null,
    "region": null,
    "country": "KZ",
    "lat": 43.2904,
    "lon": 76.8507,
    "timezone": null,
    "station_type": "government",
    "source": "openaq",
    "operator": "AirGradient",
    "is_active": true
   },
   "geometry": {
    "type": "Point",
    "coordinates": [
     76.8507,
     43.2904
    ]
   }
  },
  {
   "type": "Feature",
   "properties": {
    "station_id": "oaq_6237376",
    "name": "Samğau ş.a. (Kokorai k-si) ",
    "city": null,
    "region": null,
    "country": "KZ",
    "lat": 43.2706,
    "lon": 76.8612,
    "timezone": null,
    "station_type": "government",
    "source": "openaq",
    "operator": "AirGradient",
    "is_active": true
   },
   "geometry": {
    "type": "Point",
    "coordinates": [
     76.8612,
     43.2706
    ]
   }
  },
  {
   "type": "Feature",
   "properties": {
    "station_id": "oaq_6237377",
    "name": "Süyinbai 487",
    "city": null,
    "region": null,
    "country": "KZ",
    "lat": 43.358233,
    "lon": 76.97941,
    "timezone": null,
    "station_type": "government",
    "source": "openaq",
    "operator": "AirGradient",
    "is_active": true
   },
   "geometry": {
    "type": "Point",
    "coordinates": [
     76.97941,
     43.358233
    ]
   }
  },
  {
   "type": "Feature",
   "properties": {
    "station_id": "oaq_6237378",
    "name": "Saudakent (Kazakov k-si)",
    "city": null,
    "region": null,
    "country": "KZ",
    "lat": 43.2668,
    "lon": 76.8949,
    "timezone": null,
    "station_type": "government",
    "source": "openaq",
    "operator": "AirGradient",
    "is_active": true
   },
   "geometry": {
    "type": "Point",
    "coordinates": [
     76.8949,
     43.2668
    ]
   }
  },
  {
   "type": "Feature",
   "properties": {
    "station_id": "oaq_6237379",
    "name": "Sūltan-Qorǵan (Bespaqov k-si)",
    "city": null,
    "region": null,
    "country": "KZ",
    "lat": 43.3167,
    "lon": 76.9266,
    "timezone": null,
    "station_type": "government",
    "source": "openaq",
    "operator": "AirGradient",
    "is_active": true
   },
   "geometry": {
    "type": "Point",
    "coordinates": [
     76.9266,
     43.3167
    ]
   }
  },
  {
   "type": "Feature",
   "properties": {
    "station_id": "oaq_6237380",
    "name": "Süıınbai – Musorgskiı",
    "city": null,
    "region": null,
    "country": "KZ",
    "lat": 43.2851,
    "lon": 76.9481,
    "timezone": null,
    "station_type": "government",
    "source": "openaq",
    "operator": "AirGradient",
    "is_active": true
   },
   "geometry": {
    "type": "Point",
    "coordinates": [
     76.9481,
     43.2851
    ]
   }
  },
  {
   "type": "Feature",
   "properties": {
    "station_id": "oaq_6237427",
    "name": "Vagjanov - Jansugurov k-si ",
    "city": null,
    "region": null,
    "country": "KZ",
    "lat": 43.3054,
    "lon": 76.9312,
    "timezone": null,
    "station_type": "government",
    "source": "openaq",
    "operator": "AirGradient",
    "is_active": true
   },
   "geometry": {
    "type": "Point",
    "coordinates": [
     76.9312,
     43.3054
    ]
   }
  },
  {
   "type": "Feature",
   "properties": {
    "station_id": "oaq_6237428",
    "name": "Turğyt Özal – Yesenzhanov",
    "city": null,
    "region": null,
    "country": "KZ",
    "lat": 43.2406,
    "lon": 76.8824,
    "timezone": null,
    "station_type": "government",
    "source": "openaq",
    "operator": "AirGradient",
    "is_active": true
   },
   "geometry": {
    "type": "Point",
    "coordinates": [
     76.8824,
     43.2406
    ]
   }
  },
  {
   "type": "Feature",
   "properties": {
    "station_id": "oaq_6237429",
    "name": "Tastybulaq (ST Qanat) ",
    "city": null,
    "region": null,
    "country": "KZ",
    "lat": 43.1636,
    "lon": 76.8097,
    "timezone": null,
    "station_type": "government",
    "source": "openaq",
    "operator": "AirGradient",
    "is_active": true
   },
   "geometry": {
    "type": "Point",
    "coordinates": [
     76.8097,
     43.1636
    ]
   }
  },
  {
   "type": "Feature",
   "properties": {
    "station_id": "oaq_6237430",
    "name": "Tausamaly",
    "city": null,
    "region": null,
    "country": "KZ",
    "lat": 43.1732,
    "lon": 76.8317,
    "timezone": null,
    "station_type": "government",
    "source": "openaq",
    "operator": "AirGradient",
    "is_active": true
   },
   "geometry": {
    "type": "Point",
    "coordinates": [
     76.8317,
     43.1732
    ]
   }
  },
  {
   "type": "Feature",
   "properties": {
    "station_id": "oaq_6237431",
    "name": "Zhas Qanat aud. (Khmelnitskiy k-si.)",
    "city": null,
    "region": null,
    "country": "KZ",
    "lat": 43.3177,
    "lon": 76.9839,
    "timezone": null,
    "station_type": "government",
    "source": "openaq",
    "operator": "AirGradient",
    "is_active": true
   },
   "geometry": {
    "type": "Point",
    "coordinates": [
     76.9839,
     43.3177
    ]
   }
  },
  {
   "type": "Feature",
   "properties": {
    "station_id": "oaq_6249730",
    "name": "Wellness Club Luxor ",
    "city": null,
    "region": null,
    "country": "KZ",
    "lat": 43.2083,
    "lon": 76.96651,
    "timezone": null,
    "station_type": "government",
    "source": "openaq",
    "operator": "AirGradient",
    "is_active": true
   },
   "geometry": {
    "type": "Point",
    "coordinates": [
     76.96651,
     43.2083
    ]
   }
  },
  {
   "type": "Feature",
   "properties": {
    "station_id": "oaq_6253643",
    "name": "Nurly-Tan 37",
    "city": null,
    "region": null,
    "country": "KZ",
    "lat": 43.213101,
    "lon": 76.7950629,
    "timezone": null,
    "station_type": "government",
    "source": "openaq",
    "operator": "AirGradient",
    "is_active": true
   },
   "geometry": {
    "type": "Point",
    "coordinates": [
     76.7950629,
     43.213101
    ]
   }
  },
  {
   "type": "Feature",
   "properties": {
    "station_id": "oaq_6255304",
    "name": "Duisenova 25",
    "city": null,
    "region": null,
    "country": "KZ",
    "lat": 43.25586,
    "lon": 76.88555,
    "timezone": null,
    "station_type": "government",
    "source": "openaq",
    "operator": "AirGradient",
    "is_active": true
   },
   "geometry": {
    "type": "Point",
    "coordinates": [
     76.88555,
     43.25586
    ]
   }
  },
  {
   "type": "Feature",
   "properties": {
    "station_id": "oaq_6353999",
    "name": "Alma City 5",
    "city": null,
    "region": null,
    "country": "KZ",
    "lat": 43.2167,
    "lon": 76.7743,
    "timezone": null,
    "station_type": "government",
    "source": "openaq",
    "operator": "AirGradient",
    "is_active": true
   },
   "geometry": {
    "type": "Point",
    "coordinates": [
     76.7743,
     43.2167
    ]
   }
  },
  {
   "type": "Feature",
   "properties": {
    "station_id": "oaq_6367666",
    "name": "Malaya Stanitsa (Bestujev k-si)",
    "city": null,
    "region": null,
    "country": "KZ",
    "lat": 43.281123,
    "lon": 76.970665,
    "timezone": null,
    "station_type": "government",
    "source": "openaq",
    "operator": "AirGradient",
    "is_active": true
   },
   "geometry": {
    "type": "Point",
    "coordinates": [
     76.970665,
     43.281123
    ]
   }
  },
  {
   "type": "Feature",
   "properties": {
    "station_id": "oaq_6398066",
    "name": " Qurylys bazary (Taraz k-si) ",
    "city": null,
    "region": null,
    "country": "KZ",
    "lat": 43.3052,
    "lon": 77.0062,
    "timezone": null,
    "station_type": "government",
    "source": "openaq",
    "operator": "AirGradient",
    "is_active": true
   },
   "geometry": {
    "type": "Point",
    "coordinates": [
     77.0062,
     43.3052
    ]
   }
  },
  {
   "type": "Feature",
   "properties": {
    "station_id": "oaq_6439740",
    "name": "Saryarka",
    "city": null,
    "region": null,
    "country": "KZ",
    "lat": 51.180124,
    "lon": 71.40586,
    "timezone": null,
    "station_type": "government",
    "source": "openaq",
    "operator": "AirGradient",
    "is_active": true
   },
   "geometry": {
    "type": "Point",
    "coordinates": [
     71.40586,
     51.180124
    ]
   }
  },
  {
   "type": "Feature",
   "properties": {
    "station_id": "oaq_6465557",
    "name": "Hunter shooting club",
    "city": null,
    "region": null,
    "country": "KZ",
    "lat": 43.383170386230546,
    "lon": 76.98219747156817,
    "timezone": null,
    "station_type": "government",
    "source": "openaq",
    "operator": "AirGradient",
    "is_active": true
   },
   "geometry": {
    "type": "Point",
    "coordinates": [
     76.98219747156817,
     43.383170386230546
    ]
   }
  },
  {
   "type": "Feature",
   "properties": {
    "station_id": "oaq_6465558",
    "name": "№82 mektep",
    "city": null,
    "region": null,
    "country": "KZ",
    "lat": 43.25083615665919,
    "lon": 76.84691125082725,
    "timezone": null,
    "station_type": "government",
    "source": "openaq",
    "operator": "AirGradient",
    "is_active": true
   },
   "geometry": {
    "type": "Point",
    "coordinates": [
     76.84691125082725,
     43.25083615665919
    ]
   }
  },
  {
   "type": "Feature",
   "properties": {
    "station_id": "oaq_6470061",
    "name": "Astana",
    "city": null,
    "region": null,
    "country": "KZ",
    "lat": 51.180124,
    "lon": 71.40586,
    "timezone": null,
    "station_type": "government",
    "source": "openaq",
    "operator": "AirGradient",
    "is_active": true
   },
   "geometry": {
    "type": "Point",
    "coordinates": [
     71.40586,
     51.180124
    ]
   }
  },
  {
   "type": "Feature",
   "properties": {
    "station_id": "oaq_6471162",
    "name": "Голубые пруды",
    "city": null,
    "region": null,
    "country": "KZ",
    "lat": 49.8327441,
    "lon": 73.1787803,
    "timezone": null,
    "station_type": "government",
    "source": "openaq",
    "operator": "AirGradient",
    "is_active": true
   },
   "geometry": {
    "type": "Point",
    "coordinates": [
     73.1787803,
     49.8327441
    ]
   }
  },
  {
   "type": "Feature",
   "properties": {
    "station_id": "oaq_6480195",
    "name": "Seguin, Ontario",
    "city": null,
    "region": null,
    "country": "KZ",
    "lat": 45.3789,
    "lon": 79.7542,
    "timezone": null,
    "station_type": "government",
    "source": "openaq",
    "operator": "AirGradient",
    "is_active": true
   },
   "geometry": {
    "type": "Point",
    "coordinates": [
     79.7542,
     45.3789
    ]
   }
  },
  {
   "type": "Feature",
   "properties": {
    "station_id": "oaq_6484978",
    "name": "Mukanova",
    "city": null,
    "region": null,
    "country": "KZ",
    "lat": 49.786599,
    "lon": 73.163057,
    "timezone": null,
    "station_type": "government",
    "source": "openaq",
    "operator": "AirGradient",
    "is_active": true
   },
   "geometry": {
    "type": "Point",
    "coordinates": [
     73.163057,
     49.786599
    ]
   }
  },
  {
   "type": "Feature",
   "properties": {
    "station_id": "oaq_6485121",
    "name": "Satybaldina",
    "city": null,
    "region": null,
    "country": "KZ",
    "lat": 49.780182,
    "lon": 73.138677,
    "timezone": null,
    "station_type": "government",
    "source": "openaq",
    "operator": "AirGradient",
    "is_active": true
   },
   "geometry": {
    "type": "Point",
    "coordinates": [
     73.138677,
     49.780182
    ]
   }
  },
  {
   "type": "Feature",
   "properties": {
    "station_id": "oaq_6485441",
    "name": "Erubaeva",
    "city": null,
    "region": null,
    "country": "KZ",
    "lat": 49.811882547269164,
    "lon": 73.08911947608608,
    "timezone": null,
    "station_type": "government",
    "source": "openaq",
    "operator": "AirGradient",
    "is_active": true
   },
   "geometry": {
    "type": "Point",
    "coordinates": [
     73.08911947608608,
     49.811882547269164
    ]
   }
  },
  {
   "type": "Feature",
   "properties": {
    "station_id": "oaq_7094",
    "name": "Astana",
    "city": null,
    "region": null,
    "country": "KZ",
    "lat": 51.125287,
    "lon": 71.467217,
    "timezone": null,
    "station_type": "government",
    "source": "openaq",
    "operator": "AirNow",
    "is_active": true
   },
   "geometry": {
    "type": "Point",
    "coordinates": [
     71.467217,
     51.125287
    ]
   }
  },
  {
   "type": "Feature",
   "properties": {
    "station_id": "oaq_8876",
    "name": "Almaty",
    "city": null,
    "region": null,
    "country": "KZ",
    "lat": 43.252855,
    "lon": 76.93118,
    "timezone": null,
    "station_type": "government",
    "source": "openaq",
    "operator": "AirNow",
    "is_active": true
   },
   "geometry": {
    "type": "Point",
    "coordinates": [
     76.93118,
     43.252855
    ]
   }
  },
  {
   "type": "Feature",
   "properties": {
    "station_id": "oaq_8967269",
    "name": "Almaty Arena",
    "city": null,
    "region": null,
    "country": "KZ",
    "lat": 43.301,
    "lon": 76.925,
    "timezone": null,
    "station_type": "government",
    "source": "openaq",
    "operator": null,
    "is_active": true
   },
   "geometry": {
    "type": "Point",
    "coordinates": [
     76.925,
     43.301
    ]
   }
  },
  {
   "type": "Feature",
   "properties": {
    "station_id": "oaq_8967421",
    "name": "Road, Almaty Industrial Zone",
    "city": null,
    "region": null,
    "country": "KZ",
    "lat": 43.353,
    "lon": 76.999,
    "timezone": null,
    "station_type": "government",
    "source": "openaq",
    "operator": null,
    "is_active": true
   },
   "geometry": {
    "type": "Point",
    "coordinates": [
     76.999,
     43.353
    ]
   }
  },
  {
   "type": "Feature",
   "properties": {
    "station_id": "oaq_9012318",
    "name": "Nurly street",
    "city": null,
    "region": null,
    "country": "KZ",
    "lat": 51.128,
    "lon": 71.43,
    "timezone": null,
    "station_type": "government",
    "source": "openaq",
    "operator": null,
    "is_active": true
   },
   "geometry": {
    "type": "Point",
    "coordinates": [
     71.43,
     51.128
    ]
   }
  },
  {
   "type": "Feature",
   "properties": {
    "station_id": "waqi_-114487",
    "name": "Розыбакиева - Байкадамова",
    "city": null,
    "region": null,
    "country": "KZ",
    "lat": 43.214,
    "lon": 76.893,
    "timezone": null,
    "station_type": "government",
    "source": "waqi",
    "operator": "AirKaz.org",
    "is_active": true
   },
   "geometry": {
    "type": "Point",
    "coordinates": [
     76.893,
     43.214
    ]
   }
  },
  {
   "type": "Feature",
   "properties": {
    "station_id": "waqi_-114496",
    "name": "Каменское плато",
    "city": null,
    "region": null,
    "country": "KZ",
    "lat": 43.177,
    "lon": 76.966,
    "timezone": null,
    "station_type": "government",
    "source": "waqi",
    "operator": "AirKaz.org",
    "is_active": true
   },
   "geometry": {
    "type": "Point",
    "coordinates": [
     76.966,
     43.177
    ]
   }
  },
  {
   "type": "Feature",
   "properties": {
    "station_id": "waqi_-114514",
    "name": "Жана Кайрат",
    "city": null,
    "region": null,
    "country": "KZ",
    "lat": 43.312,
    "lon": 77.001,
    "timezone": null,
    "station_type": "government",
    "source": "waqi",
    "operator": "AirKaz.org",
    "is_active": true
   },
   "geometry": {
    "type": "Point",
    "coordinates": [
     77.001,
     43.312
    ]
   }
  },
  {
   "type": "Feature",
   "properties": {
    "station_id": "waqi_-114523",
    "name": "Темиртау (СШ 16)",
    "city": null,
    "region": null,
    "country": "KZ",
    "lat": 50.052,
    "lon": 72.942,
    "timezone": null,
    "station_type": "government",
    "source": "waqi",
    "operator": "AirKaz.org",
    "is_active": true
   },
   "geometry": {
    "type": "Point",
    "coordinates": [
     72.942,
     50.052
    ]
   }
  },
  {
   "type": "Feature",
   "properties": {
    "station_id": "waqi_-114556",
    "name": "Ташенова, 8",
    "city": null,
    "region": null,
    "country": "KZ",
    "lat": 51.1514,
    "lon": 71.4342,
    "timezone": null,
    "station_type": "government",
    "source": "waqi",
    "operator": "AirKaz.org",
    "is_active": true
   },
   "geometry": {
    "type": "Point",
    "coordinates": [
     71.4342,
     51.1514
    ]
   }
  },
  {
   "type": "Feature",
   "properties": {
    "station_id": "waqi_-115249",
    "name": "Карасу 2",
    "city": null,
    "region": null,
    "country": "KZ",
    "lat": 43.3388,
    "lon": 76.9032,
    "timezone": null,
    "station_type": "government",
    "source": "waqi",
    "operator": "AirKaz.org",
    "is_active": true
   },
   "geometry": {
    "type": "Point",
    "coordinates": [
     76.9032,
     43.3388
    ]
   }
  },
  {
   "type": "Feature",
   "properties": {
    "station_id": "waqi_-132529",
    "name": "Темиртау (Правый берег)",
    "city": null,
    "region": null,
    "country": "KZ",
    "lat": 50.102,
    "lon": 72.9,
    "timezone": null,
    "station_type": "government",
    "source": "waqi",
    "operator": "AirKaz.org",
    "is_active": true
   },
   "geometry": {
    "type": "Point",
    "coordinates": [
     72.9,
     50.102
    ]
   }
  },
  {
   "type": "Feature",
   "properties": {
    "station_id": "waqi_-162757",
    "name": "ул.Туруспекова",
    "city": null,
    "region": null,
    "country": "KZ",
    "lat": 43.178,
    "lon": 76.87,
    "timezone": null,
    "station_type": "government",
    "source": "waqi",
    "operator": "NASA CSESP / RTI",
    "is_active": true
   },
   "geometry": {
    "type": "Point",
    "coordinates": [
     76.87,
     43.178
    ]
   }
  },
  {
   "type": "Feature",
   "properties": {
    "station_id": "waqi_-174748",
    "name": "Совет ветеранов",
    "city": null,
    "region": null,
    "country": "KZ",
    "lat": 44.141,
    "lon": 52.155,
    "timezone": null,
    "station_type": "government",
    "source": "waqi",
    "operator": "AirKaz.org",
    "is_active": true
   },
   "geometry": {
    "type": "Point",
    "coordinates": [
     52.155,
     44.141
    ]
   }
  },
  {
   "type": "Feature",
   "properties": {
    "station_id": "waqi_-182719",
    "name": "Герцена улица",
    "city": null,
    "region": null,
    "country": "KZ",
    "lat": 42.872,
    "lon": 74.622,
    "timezone": null,
    "station_type": "government",
    "source": "waqi",
    "operator": "Citizen Science project sensor.community",
    "is_active": true
   },
   "geometry": {
    "type": "Point",
    "coordinates": [
     74.622,
     42.872
    ]
   }
  },
  {
   "type": "Feature",
   "properties": {
    "station_id": "waqi_-209305",
    "name": "п.Курык",
    "city": null,
    "region": null,
    "country": "KZ",
    "lat": 43.17,
    "lon": 51.678,
    "timezone": null,
    "station_type": "government",
    "source": "waqi",
    "operator": "AirKaz.org",
    "is_active": true
   },
   "geometry": {
    "type": "Point",
    "coordinates": [
     51.678,
     43.17
    ]
   }
  },
  {
   "type": "Feature",
   "properties": {
    "station_id": "waqi_-224707",
    "name": "Есенова",
    "city": null,
    "region": null,
    "country": "KZ",
    "lat": 43.293,
    "lon": 76.951,
    "timezone": null,
    "station_type": "government",
    "source": "waqi",
    "operator": "AirKaz.org",
    "is_active": true
   },
   "geometry": {
    "type": "Point",
    "coordinates": [
     76.951,
     43.293
    ]
   }
  },
  {
   "type": "Feature",
   "properties": {
    "station_id": "waqi_-364051",
    "name": "Баялинова улица",
    "city": null,
    "region": null,
    "country": "KZ",
    "lat": 42.816,
    "lon": 74.648,
    "timezone": null,
    "station_type": "government",
    "source": "waqi",
    "operator": "Citizen Science project sensor.community",
    "is_active": true
   },
   "geometry": {
    "type": "Point",
    "coordinates": [
     74.648,
     42.816
    ]
   }
  },
  {
   "type": "Feature",
   "properties": {
    "station_id": "waqi_-366844",
    "name": "Звездная поляна",
    "city": null,
    "region": null,
    "country": "KZ",
    "lat": 43.1333,
    "lon": 76.8695,
    "timezone": null,
    "station_type": "government",
    "source": "waqi",
    "operator": "AirKaz.org",
    "is_active": true
   },
   "geometry": {
    "type": "Point",
    "coordinates": [
     76.8695,
     43.1333
    ]
   }
  },
  {
   "type": "Feature",
   "properties": {
    "station_id": "waqi_-370492",
    "name": "Dostyk Avenue",
    "city": null,
    "region": null,
    "country": "KZ",
    "lat": 43.24740500169,
    "lon": 76.95690894212,
    "timezone": null,
    "station_type": "government",
    "source": "waqi",
    "operator": "Citizen Science project sensor.community",
    "is_active": true
   },
   "geometry": {
    "type": "Point",
    "coordinates": [
     76.95690894212,
     43.24740500169
    ]
   }
  },
  {
   "type": "Feature",
   "properties": {
    "station_id": "waqi_-402925",
    "name": "Индер",
    "city": null,
    "region": null,
    "country": "KZ",
    "lat": 48.5558,
    "lon": 51.735,
    "timezone": null,
    "station_type": "government",
    "source": "waqi",
    "operator": "AirKaz.org",
    "is_active": true
   },
   "geometry": {
    "type": "Point",
    "coordinates": [
     51.735,
     48.5558
    ]
   }
  },
  {
   "type": "Feature",
   "properties": {
    "station_id": "waqi_-410893",
    "name": "Алматы санаторий",
    "city": null,
    "region": null,
    "country": "KZ",
    "lat": 43.176,
    "lon": 76.872,
    "timezone": null,
    "station_type": "government",
    "source": "waqi",
    "operator": "Citizen Science project sensor.community",
    "is_active": true
   },
   "geometry": {
    "type": "Point",
    "coordinates": [
     76.872,
     43.176
    ]
   }
  },
  {
   "type": "Feature",
   "properties": {
    "station_id": "waqi_-464161",
    "name": "Жунисова улица",
    "city": null,
    "region": null,
    "country": "KZ",
    "lat": 43.218,
    "lon": 76.79,
    "timezone": null,
    "station_type": "government",
    "source": "waqi",
    "operator": "Citizen Science project sensor.community",
    "is_active": true
   },
   "geometry": {
    "type": "Point",
    "coordinates": [
     76.79,
     43.218
    ]
   }
  },
  {
   "type": "Feature",
   "properties": {
    "station_id": "waqi_-506290",
    "name": "Майқұдық",
    "city": null,
    "region": null,
    "country": "KZ",
    "lat": 49.89696663495,
    "lon": 73.21133762598,
    "timezone": null,
    "station_type": "government",
    "source": "waqi",
    "operator": "Citizen Science project sensor.community",
    "is_active": true
   },
   "geometry": {
    "type": "Point",
    "coordinates": [
     73.21133762598,
     49.89696663495
    ]
   }
  },
  {
   "type": "Feature",
   "properties": {
    "station_id": "waqi_-506392",
    "name": "улица Терешковой",
    "city": null,
    "region": null,
    "country": "KZ",
    "lat": 49.82555957034,
    "lon": 73.12215149403,
    "timezone": null,
    "station_type": "government",
    "source": "waqi",
    "operator": "Citizen Science project sensor.community",
    "is_active": true
   },
   "geometry": {
    "type": "Point",
    "coordinates": [
     73.12215149403,
     49.82555957034
    ]
   }
  },
  {
   "type": "Feature",
   "properties": {
    "station_id": "waqi_-517408",
    "name": "шағын аудан 32А",
    "city": null,
    "region": null,
    "country": "KZ",
    "lat": 43.687244722222,
    "lon": 51.160561111111,
    "timezone": null,
    "station_type": "government",
    "source": "waqi",
    "operator": "Қазгидромет - Kazhydromet",
    "is_active": true
   },
   "geometry": {
    "type": "Point",
    "coordinates": [
     51.160561111111,
     43.687244722222
    ]
   }
  },
  {
   "type": "Feature",
   "properties": {
    "station_id": "waqi_-517411",
    "name": "Р. Зорге көшесі, 14",
    "city": null,
    "region": null,
    "country": "KZ",
    "lat": 43.338122222222,
    "lon": 76.952136111111,
    "timezone": null,
    "station_type": "government",
    "source": "waqi",
    "operator": "Қазгидромет - Kazhydromet",
    "is_active": true
   },
   "geometry": {
    "type": "Point",
    "coordinates": [
     76.952136111111,
     43.338122222222
    ]
   }
  },
  {
   "type": "Feature",
   "properties": {
    "station_id": "waqi_-517414",
    "name": "«Орбита» ықшам ауданы, «Зендстрой» АҚ Дендропарк аумағында",
    "city": null,
    "region": null,
    "country": "KZ",
    "lat": 43.193546388889,
    "lon": 76.883063611111,
    "timezone": null,
    "station_type": "government",
    "source": "waqi",
    "operator": "Қазгидромет - Kazhydromet",
    "is_active": true
   },
   "geometry": {
    "type": "Point",
    "coordinates": [
     76.883063611111,
     43.193546388889
    ]
   }
  },
  {
   "type": "Feature",
   "properties": {
    "station_id": "waqi_-517417",
    "name": "Шаңырақ 2 шағын ауданы, Жанқожа батыр көш.26",
    "city": null,
    "region": null,
    "country": "KZ",
    "lat": 43.298601388889,
    "lon": 76.851854444444,
    "timezone": null,
    "station_type": "government",
    "source": "waqi",
    "operator": "Қазгидромет - Kazhydromet",
    "is_active": true
   },
   "geometry": {
    "type": "Point",
    "coordinates": [
     76.851854444444,
     43.298601388889
    ]
   }
  },
  {
   "type": "Feature",
   "properties": {
    "station_id": "waqi_-517420",
    "name": "Жанкожа батыр көшесі, 89",
    "city": null,
    "region": null,
    "country": "KZ",
    "lat": 50.290383055556,
    "lon": 57.222110833333,
    "timezone": null,
    "station_type": "government",
    "source": "waqi",
    "operator": "Қазгидромет - Kazhydromet",
    "is_active": true
   },
   "geometry": {
    "type": "Point",
    "coordinates": [
     57.222110833333,
     50.290383055556
    ]
   }
  },
  {
   "type": "Feature",
   "properties": {
    "station_id": "waqi_-517423",
    "name": "Мұқанов көшесі,57/3",
    "city": null,
    "region": null,
    "country": "KZ",
    "lat": 49.786533888889,
    "lon": 73.168150833333,
    "timezone": null,
    "station_type": "government",
    "source": "waqi",
    "operator": "Қазгидромет - Kazhydromet",
    "is_active": true
   },
   "geometry": {
    "type": "Point",
    "coordinates": [
     73.168150833333,
     49.786533888889
    ]
   }
  },
  {
   "type": "Feature",
   "properties": {
    "station_id": "waqi_-517426",
    "name": "Шуя қалалық ауруханасынан 10 метр. Макаренко",
    "city": null,
    "region": null,
    "country": "KZ",
    "lat": 43.612483055556,
    "lon": 73.744909444444,
    "timezone": null,
    "station_type": "government",
    "source": "waqi",
    "operator": "Қазгидромет - Kazhydromet",
    "is_active": true
   },
   "geometry": {
    "type": "Point",
    "coordinates": [
     73.744909444444,
     43.612483055556
    ]
   }
  },
  {
   "type": "Feature",
   "properties": {
    "station_id": "waqi_-517441",
    "name": "Түрксіб ауданы, ауданы, №32 жалпы білім беретін мектеп",
    "city": null,
    "region": null,
    "country": "KZ",
    "lat": 43.373304166667,
    "lon": 76.992638888889,
    "timezone": null,
    "station_type": "government",
    "source": "waqi",
    "operator": "Қазгидромет - Kazhydromet",
    "is_active": true
   },
   "geometry": {
    "type": "Point",
    "coordinates": [
     76.992638888889,
     43.373304166667
    ]
   }
  },
  {
   "type": "Feature",
   "properties": {
    "station_id": "waqi_-517444",
    "name": "Алатау ауданы, Момышұлы көшесіндегі «Алматы аренасы» мұз айдыны",
    "city": null,
    "region": null,
    "country": "KZ",
    "lat": 43.263798333333,
    "lon": 76.8147375,
    "timezone": null,
    "station_type": "government",
    "source": "waqi",
    "operator": "Қазгидромет - Kazhydromet",
    "is_active": true
   },
   "geometry": {
    "type": "Point",
    "coordinates": [
     76.8147375,
     43.263798333333
    ]
   }
  },
  {
   "type": "Feature",
   "properties": {
    "station_id": "waqi_-517447",
    "name": "Жетісу ауданы, аум. Жетісу ауданының \"Құлагер\"ықшам ауданы",
    "city": null,
    "region": null,
    "country": "KZ",
    "lat": 43.3007925,
    "lon": 76.925219444444,
    "timezone": null,
    "station_type": "government",
    "source": "waqi",
    "operator": "Қазгидромет - Kazhydromet",
    "is_active": true
   },
   "geometry": {
    "type": "Point",
    "coordinates": [
     76.925219444444,
     43.3007925
    ]
   }
  },
  {
   "type": "Feature",
   "properties": {
    "station_id": "waqi_-517456",
    "name": "Набиева 26 көшесі",
    "city": null,
    "region": null,
    "country": "KZ",
    "lat": 52.46618,
    "lon": 71.987578055556,
    "timezone": null,
    "station_type": "government",
    "source": "waqi",
    "operator": "Қазгидромет - Kazhydromet",
    "is_active": true
   },
   "geometry": {
    "type": "Point",
    "coordinates": [
     71.987578055556,
     52.46618
    ]
   }
  },
  {
   "type": "Feature",
   "properties": {
    "station_id": "waqi_-517459",
    "name": "Бурабай кенті, Кенесары көшесі, 45 (мектеп аумағы. С. Сейфуллин)",
    "city": null,
    "region": null,
    "country": "KZ",
    "lat": 53.085925,
    "lon": 70.301633055556,
    "timezone": null,
    "station_type": "government",
    "source": "waqi",
    "operator": "Қазгидромет - Kazhydromet",
    "is_active": true
   },
   "geometry": {
    "type": "Point",
    "coordinates": [
     70.301633055556,
     53.085925
    ]
   }
  },
  {
   "type": "Feature",
   "properties": {
    "station_id": "waqi_-517465",
    "name": "Ахметов көшесі, 50",
    "city": null,
    "region": null,
    "country": "KZ",
    "lat": 43.3637,
    "lon": 77.004377222222,
    "timezone": null,
    "station_type": "government",
    "source": "waqi",
    "operator": "Қазгидромет - Kazhydromet",
    "is_active": true
   },
   "geometry": {
    "type": "Point",
    "coordinates": [
     77.004377222222,
     43.3637
    ]
   }
  },
  {
   "type": "Feature",
   "properties": {
    "station_id": "waqi_-517471",
    "name": "Панфилов ауданы, Жаркент қаласы, Ы.Кошкунова, № 7/5",
    "city": null,
    "region": null,
    "country": "KZ",
    "lat": 44.153527222222,
    "lon": 79.990333333333,
    "timezone": null,
    "station_type": "government",
    "source": "waqi",
    "operator": "Қазгидромет - Kazhydromet",
    "is_active": true
   },
   "geometry": {
    "type": "Point",
    "coordinates": [
     79.990333333333,
     44.153527222222
    ]
   }
  },
  {
   "type": "Feature",
   "properties": {
    "station_id": "waqi_-517474",
    "name": "Гагарина көшесі, 76",
    "city": null,
    "region": null,
    "country": "KZ",
    "lat": 43.302221944444,
    "lon": 77.239166388889,
    "timezone": null,
    "station_type": "government",
    "source": "waqi",
    "operator": "Қазгидромет - Kazhydromet",
    "is_active": true
   },
   "geometry": {
    "type": "Point",
    "coordinates": [
     77.239166388889,
     43.302221944444
    ]
   }
  },
  {
   "type": "Feature",
   "properties": {
    "station_id": "waqi_-517483",
    "name": "Мақат аудандық Мәдениет үйі, Алаш көшесі, 23",
    "city": null,
    "region": null,
    "country": "KZ",
    "lat": 47.645055277778,
    "lon": 53.33225,
    "timezone": null,
    "station_type": "government",
    "source": "waqi",
    "operator": "Қазгидромет - Kazhydromet",
    "is_active": true
   },
   "geometry": {
    "type": "Point",
    "coordinates": [
     53.33225,
     47.645055277778
    ]
   }
  },
  {
   "type": "Feature",
   "properties": {
    "station_id": "waqi_-517486",
    "name": "Т. Нысанов көшесі, 96",
    "city": null,
    "region": null,
    "country": "KZ",
    "lat": 47.049283055556,
    "lon": 50.804605,
    "timezone": null,
    "station_type": "government",
    "source": "waqi",
    "operator": "Қазгидромет - Kazhydromet",
    "is_active": true
   },
   "geometry": {
    "type": "Point",
    "coordinates": [
     50.804605,
     47.049283055556
    ]
   }
  },
  {
   "type": "Feature",
   "properties": {
    "station_id": "waqi_-517489",
    "name": "МҮ, Құрманғазы ауданы, Абай көшесі, 50 үй",
    "city": null,
    "region": null,
    "country": "KZ",
    "lat": 46.602721944444,
    "lon": 49.270610833333,
    "timezone": null,
    "station_type": "government",
    "source": "waqi",
    "operator": "Қазгидромет - Kazhydromet",
    "is_active": true
   },
   "geometry": {
    "type": "Point",
    "coordinates": [
     49.270610833333,
     46.602721944444
    ]
   }
  },
  {
   "type": "Feature",
   "properties": {
    "station_id": "waqi_-517510",
    "name": "Егоров көшесі, 6",
    "city": null,
    "region": null,
    "country": "KZ",
    "lat": 50.028606111111,
    "lon": 82.741423611111,
    "timezone": null,
    "station_type": "government",
    "source": "waqi",
    "operator": "Қазгидромет - Kazhydromet",
    "is_active": true
   },
   "geometry": {
    "type": "Point",
    "coordinates": [
     82.741423611111,
     50.028606111111
    ]
   }
  },
  {
   "type": "Feature",
   "properties": {
    "station_id": "waqi_-517522",
    "name": "Абай Бульвары, 14",
    "city": null,
    "region": null,
    "country": "KZ",
    "lat": 47.965388333333,
    "lon": 80.437361111111,
    "timezone": null,
    "station_type": "government",
    "source": "waqi",
    "operator": "Қазгидромет - Kazhydromet",
    "is_active": true
   },
   "geometry": {
    "type": "Point",
    "coordinates": [
     80.437361111111,
     47.965388333333
    ]
   }
  },
  {
   "type": "Feature",
   "properties": {
    "station_id": "waqi_-517525",
    "name": "Мир к-сі, 90 в",
    "city": null,
    "region": null,
    "country": "KZ",
    "lat": 49.708666111111,
    "lon": 81.57325,
    "timezone": null,
    "station_type": "government",
    "source": "waqi",
    "operator": "Қазгидромет - Kazhydromet",
    "is_active": true
   },
   "geometry": {
    "type": "Point",
    "coordinates": [
     81.57325,
     49.708666111111
    ]
   }
  },
  {
   "type": "Feature",
   "properties": {
    "station_id": "waqi_-517528",
    "name": "Анатолий Иванов көшесі, 59",
    "city": null,
    "region": null,
    "country": "KZ",
    "lat": 50.628027777778,
    "lon": 81.9182775,
    "timezone": null,
    "station_type": "government",
    "source": "waqi",
    "operator": "Қазгидромет - Kazhydromet",
    "is_active": true
   },
   "geometry": {
    "type": "Point",
    "coordinates": [
     81.9182775,
     50.628027777778
    ]
   }
  },
  {
   "type": "Feature",
   "properties": {
    "station_id": "waqi_-517537",
    "name": "Абай көшесі әкімдік ауданы",
    "city": null,
    "region": null,
    "country": "KZ",
    "lat": 49.633610833333,
    "lon": 72.855277222222,
    "timezone": null,
    "station_type": "government",
    "source": "waqi",
    "operator": "Қазгидромет - Kazhydromet",
    "is_active": true
   },
   "geometry": {
    "type": "Point",
    "coordinates": [
     72.855277222222,
     49.633610833333
    ]
   }
  },
  {
   "type": "Feature",
   "properties": {
    "station_id": "waqi_-517543",
    "name": "2 шағын аудан",
    "city": null,
    "region": null,
    "country": "KZ",
    "lat": 52.189221944444,
    "lon": 61.1980275,
    "timezone": null,
    "station_type": "government",
    "source": "waqi",
    "operator": "Қазгидромет - Kazhydromet",
    "is_active": true
   },
   "geometry": {
    "type": "Point",
    "coordinates": [
     61.1980275,
     52.189221944444
    ]
   }
  },
  {
   "type": "Feature",
   "properties": {
    "station_id": "waqi_-517546",
    "name": "Шиелі ауданы, Ш.Есенов көшесі №8, № 127 им. Ш. Уәлиханов",
    "city": null,
    "region": null,
    "country": "KZ",
    "lat": 44.196944166667,
    "lon": 66.729471944444,
    "timezone": null,
    "station_type": "government",
    "source": "waqi",
    "operator": "Қазгидромет - Kazhydromet",
    "is_active": true
   },
   "geometry": {
    "type": "Point",
    "coordinates": [
     66.729471944444,
     44.196944166667
    ]
   }
  },
  {
   "type": "Feature",
   "properties": {
    "station_id": "waqi_-517555",
    "name": "қала орталығында",
    "city": null,
    "region": null,
    "country": "KZ",
    "lat": 43.293388611111,
    "lon": 68.289555277778,
    "timezone": null,
    "station_type": "government",
    "source": "waqi",
    "operator": "Қазгидромет - Kazhydromet",
    "is_active": true
   },
   "geometry": {
    "type": "Point",
    "coordinates": [
     68.289555277778,
     43.293388611111
    ]
   }
  },
  {
   "type": "Feature",
   "properties": {
    "station_id": "waqi_-517558",
    "name": "Қаратау ауданы, Қызылсай тұрғын алабы, Омарташы көшесі, 1",
    "city": null,
    "region": null,
    "country": "KZ",
    "lat": 42.347777777778,
    "lon": 69.71,
    "timezone": null,
    "station_type": "government",
    "source": "waqi",
    "operator": "Қазгидромет - Kazhydromet",
    "is_active": true
   },
   "geometry": {
    "type": "Point",
    "coordinates": [
     69.71,
     42.347777777778
    ]
   }
  },
  {
   "type": "Feature",
   "properties": {
    "station_id": "waqi_-517561",
    "name": "Ғ. Мұратбаев көшесі, 1А",
    "city": null,
    "region": null,
    "country": "KZ",
    "lat": 42.5518325,
    "lon": 70.006693888889,
    "timezone": null,
    "station_type": "government",
    "source": "waqi",
    "operator": "Қазгидромет - Kazhydromet",
    "is_active": true
   },
   "geometry": {
    "type": "Point",
    "coordinates": [
     70.006693888889,
     42.5518325
    ]
   }
  },
  {
   "type": "Feature",
   "properties": {
    "station_id": "waqi_-517573",
    "name": "Водниково-2 ықм., 5 көше, 27 учаскесі",
    "city": null,
    "region": null,
    "country": "KZ",
    "lat": 47.051999444444,
    "lon": 51.900666111111,
    "timezone": null,
    "station_type": "government",
    "source": "waqi",
    "operator": "Қазгидромет - Kazhydromet",
    "is_active": true
   },
   "geometry": {
    "type": "Point",
    "coordinates": [
     51.900666111111,
     47.051999444444
    ]
   }
  },
  {
   "type": "Feature",
   "properties": {
    "station_id": "waqi_-517582",
    "name": "Абая (Островского) 13",
    "city": null,
    "region": null,
    "country": "KZ",
    "lat": 50.0,
    "lon": 83.503052777778,
    "timezone": null,
    "station_type": "government",
    "source": "waqi",
    "operator": "Қазгидромет - Kazhydromet",
    "is_active": true
   },
   "geometry": {
    "type": "Point",
    "coordinates": [
     83.503052777778,
     50.0
    ]
   }
  },
  {
   "type": "Feature",
   "properties": {
    "station_id": "waqi_-517585",
    "name": "Клинка, 7",
    "city": null,
    "region": null,
    "country": "KZ",
    "lat": 50.0,
    "lon": 83.0,
    "timezone": null,
    "station_type": "government",
    "source": "waqi",
    "operator": "Қазгидромет - Kazhydromet",
    "is_active": true
   },
   "geometry": {
    "type": "Point",
    "coordinates": [
     83.0,
     50.0
    ]
   }
  },
  {
   "type": "Feature",
   "properties": {
    "station_id": "waqi_-517675",
    "name": "Гоголь көшесі, 9, №13 орта мектеп",
    "city": null,
    "region": null,
    "country": "KZ",
    "lat": 47.791340555556,
    "lon": 67.6865075,
    "timezone": null,
    "station_type": "government",
    "source": "waqi",
    "operator": "Қазгидромет - Kazhydromet",
    "is_active": true
   },
   "geometry": {
    "type": "Point",
    "coordinates": [
     67.6865075,
     47.791340555556
    ]
   }
  },
  {
   "type": "Feature",
   "properties": {
    "station_id": "waqi_-517678",
    "name": "Нагорная 15",
    "city": null,
    "region": null,
    "country": "KZ",
    "lat": 47.779762222222,
    "lon": 67.715738888889,
    "timezone": null,
    "station_type": "government",
    "source": "waqi",
    "operator": "Қазгидромет - Kazhydromet",
    "is_active": true
   },
   "geometry": {
    "type": "Point",
    "coordinates": [
     67.715738888889,
     47.779762222222
    ]
   }
  },
  {
   "type": "Feature",
   "properties": {
    "station_id": "waqi_-517684",
    "name": "Қ. Сәтпаев даңғылы, 12",
    "city": null,
    "region": null,
    "country": "KZ",
    "lat": 49.900590277778,
    "lon": 82.6219325,
    "timezone": null,
    "station_type": "government",
    "source": "waqi",
    "operator": "Қазгидромет - Kazhydromet",
    "is_active": true
   },
   "geometry": {
    "type": "Point",
    "coordinates": [
     82.6219325,
     49.900590277778
    ]
   }
  },
  {
   "type": "Feature",
   "properties": {
    "station_id": "waqi_-517702",
    "name": "Есет батыр көшесі, 109 \"А\"",
    "city": null,
    "region": null,
    "country": "KZ",
    "lat": 50.294493611111,
    "lon": 57.168719166667,
    "timezone": null,
    "station_type": "government",
    "source": "waqi",
    "operator": "Қазгидромет - Kazhydromet",
    "is_active": true
   },
   "geometry": {
    "type": "Point",
    "coordinates": [
     57.168719166667,
     50.294493611111
    ]
   }
  },
  {
   "type": "Feature",
   "properties": {
    "station_id": "waqi_-517714",
    "name": "Утвинская к-сі 17",
    "city": null,
    "region": null,
    "country": "KZ",
    "lat": 51.160195277778,
    "lon": 52.997263611111,
    "timezone": null,
    "station_type": "government",
    "source": "waqi",
    "operator": "Қазгидромет - Kazhydromet",
    "is_active": true
   },
   "geometry": {
    "type": "Point",
    "coordinates": [
     52.997263611111,
     51.160195277778
    ]
   }
  },
  {
   "type": "Feature",
   "properties": {
    "station_id": "waqi_-517726",
    "name": "К. А. Байтұрсынов, 25",
    "city": null,
    "region": null,
    "country": "KZ",
    "lat": 51.123243888889,
    "lon": 71.484431388889,
    "timezone": null,
    "station_type": "government",
    "source": "waqi",
    "operator": "Қазгидромет - Kazhydromet",
    "is_active": true
   },
   "geometry": {
    "type": "Point",
    "coordinates": [
     71.484431388889,
     51.123243888889
    ]
   }
  },
  {
   "type": "Feature",
   "properties": {
    "station_id": "waqi_-517732",
    "name": " Затон к-сі, 39",
    "city": null,
    "region": null,
    "country": "KZ",
    "lat": 52.265217222222,
    "lon": 76.937730555556,
    "timezone": null,
    "station_type": "government",
    "source": "waqi",
    "operator": "Қазгидромет - Kazhydromet",
    "is_active": true
   },
   "geometry": {
    "type": "Point",
    "coordinates": [
     76.937730555556,
     52.265217222222
    ]
   }
  },
  {
   "type": "Feature",
   "properties": {
    "station_id": "waqi_-517735",
    "name": "343 квартал көшесі, 13/2",
    "city": null,
    "region": null,
    "country": "KZ",
    "lat": 50.436745555556,
    "lon": 80.243555833333,
    "timezone": null,
    "station_type": "government",
    "source": "waqi",
    "operator": "Қазгидромет - Kazhydromet",
    "is_active": true
   },
   "geometry": {
    "type": "Point",
    "coordinates": [
     80.243555833333,
     50.436745555556
    ]
   }
  },
  {
   "type": "Feature",
   "properties": {
    "station_id": "waqi_-517765",
    "name": "Құсайынова көшесі, 9",
    "city": null,
    "region": null,
    "country": "KZ",
    "lat": 47.901361111111,
    "lon": 67.532777777778,
    "timezone": null,
    "station_type": "government",
    "source": "waqi",
    "operator": "Қазгидромет - Kazhydromet",
    "is_active": true
   },
   "geometry": {
    "type": "Point",
    "coordinates": [
     67.532777777778,
     47.901361111111
    ]
   }
  },
  {
   "type": "Feature",
   "properties": {
    "station_id": "waqi_-517771",
    "name": "Гагарин көшесі 216",
    "city": null,
    "region": null,
    "country": "KZ",
    "lat": 45.006943055556,
    "lon": 78.360648055556,
    "timezone": null,
    "station_type": "government",
    "source": "waqi",
    "operator": "Қазгидромет - Kazhydromet",
    "is_active": true
   },
   "geometry": {
    "type": "Point",
    "coordinates": [
     78.360648055556,
     45.006943055556
    ]
   }
  },
  {
   "type": "Feature",
   "properties": {
    "station_id": "waqi_-517939",
    "name": "Жылыой ауданы,  «МГӨБ» индустриалды аймағы ауданы",
    "city": null,
    "region": null,
    "country": "KZ",
    "lat": 46.942026666667,
    "lon": 53.98525,
    "timezone": null,
    "station_type": "government",
    "source": "waqi",
    "operator": "Қазгидромет - Kazhydromet",
    "is_active": true
   },
   "geometry": {
    "type": "Point",
    "coordinates": [
     53.98525,
     46.942026666667
    ]
   }
  },
  {
   "type": "Feature",
   "properties": {
    "station_id": "waqi_-518224",
    "name": "Тынышпаева көшесі, 126",
    "city": null,
    "region": null,
    "country": "KZ",
    "lat": 50.009248888889,
    "lon": 82.564545277778,
    "timezone": null,
    "station_type": "government",
    "source": "waqi",
    "operator": "Қазгидромет - Kazhydromet",
    "is_active": true
   },
   "geometry": {
    "type": "Point",
    "coordinates": [
     82.564545277778,
     50.009248888889
    ]
   }
  },
  {
   "type": "Feature",
   "properties": {
    "station_id": "waqi_-518458",
    "name": "Шуақты көшесі 91-де",
    "city": null,
    "region": null,
    "country": "KZ",
    "lat": 52.4892025,
    "lon": 73.096111111111,
    "timezone": null,
    "station_type": "government",
    "source": "waqi",
    "operator": "Қазгидромет - Kazhydromet",
    "is_active": true
   },
   "geometry": {
    "type": "Point",
    "coordinates": [
     73.096111111111,
     52.4892025
    ]
   }
  },
  {
   "type": "Feature",
   "properties": {
    "station_id": "waqi_-519196",
    "name": "Жамбыл Жабаев көшесі 64 \"А\"",
    "city": null,
    "region": null,
    "country": "KZ",
    "lat": 49.471694444444,
    "lon": 57.422832777778,
    "timezone": null,
    "station_type": "government",
    "source": "waqi",
    "operator": "Қазгидромет - Kazhydromet",
    "is_active": true
   },
   "geometry": {
    "type": "Point",
    "coordinates": [
     57.422832777778,
     49.471694444444
    ]
   }
  },
  {
   "type": "Feature",
   "properties": {
    "station_id": "waqi_-520300",
    "name": "Abay avenue",
    "city": null,
    "region": null,
    "country": "KZ",
    "lat": 43.226,
    "lon": 76.862,
    "timezone": null,
    "station_type": "government",
    "source": "waqi",
    "operator": "Citizen Science project sensor.community",
    "is_active": true
   },
   "geometry": {
    "type": "Point",
    "coordinates": [
     76.862,
     43.226
    ]
   }
  },
  {
   "type": "Feature",
   "properties": {
    "station_id": "waqi_-521803",
    "name": "Сырдария көшесі, 3",
    "city": null,
    "region": null,
    "country": "KZ",
    "lat": 47.097383055556,
    "lon": 51.944210555556,
    "timezone": null,
    "station_type": "government",
    "source": "waqi",
    "operator": "Қазгидромет - Kazhydromet",
    "is_active": true
   },
   "geometry": {
    "type": "Point",
    "coordinates": [
     51.944210555556,
     47.097383055556
    ]
   }
  },
  {
   "type": "Feature",
   "properties": {
    "station_id": "waqi_-525592",
    "name": "Балықшы, А. Байжігітов к-сі, 59, «Судоремонтник» стадионы",
    "city": null,
    "region": null,
    "country": "KZ",
    "lat": 47.083833055556,
    "lon": 51.875083333333,
    "timezone": null,
    "station_type": "government",
    "source": "waqi",
    "operator": "Қазгидромет - Kazhydromet",
    "is_active": true
   },
   "geometry": {
    "type": "Point",
    "coordinates": [
     51.875083333333,
     47.083833055556
    ]
   }
  },
  {
   "type": "Feature",
   "properties": {
    "station_id": "waqi_-525652",
    "name": "Дамба елді мекені, балық инспекциясының аумағы",
    "city": null,
    "region": null,
    "country": "KZ",
    "lat": 46.953111111111,
    "lon": 51.735194444444,
    "timezone": null,
    "station_type": "government",
    "source": "waqi",
    "operator": "Қазгидромет - Kazhydromet",
    "is_active": true
   },
   "geometry": {
    "type": "Point",
    "coordinates": [
     51.735194444444,
     46.953111111111
    ]
   }
  },
  {
   "type": "Feature",
   "properties": {
    "station_id": "waqi_-527422",
    "name": "Бородин к-сі, №144 үйдің ауданы",
    "city": null,
    "region": null,
    "country": "KZ",
    "lat": 53.228382222222,
    "lon": 63.630640277778,
    "timezone": null,
    "station_type": "government",
    "source": "waqi",
    "operator": "Қазгидромет - Kazhydromet",
    "is_active": true
   },
   "geometry": {
    "type": "Point",
    "coordinates": [
     63.630640277778,
     53.228382222222
    ]
   }
  },
  {
   "type": "Feature",
   "properties": {
    "station_id": "waqi_-531421",
    "name": "Горький көшесі, 9",
    "city": null,
    "region": null,
    "country": "KZ",
    "lat": 50.249612222222,
    "lon": 58.4366875,
    "timezone": null,
    "station_type": "government",
    "source": "waqi",
    "operator": "Қазгидромет - Kazhydromet",
    "is_active": true
   },
   "geometry": {
    "type": "Point",
    "coordinates": [
     58.4366875,
     50.249612222222
    ]
   }
  },
  {
   "type": "Feature",
   "properties": {
    "station_id": "waqi_-534346",
    "name": "Ақтөбе облысы Темір ауданы Шұбарши ауылдық округі әкімінің аппараты\" ММ Геоллог к-сі 25д",
    "city": null,
    "region": null,
    "country": "KZ",
    "lat": 48.579916666667,
    "lon": 57.178694444444,
    "timezone": null,
    "station_type": "government",
    "source": "waqi",
    "operator": "Қазгидромет - Kazhydromet",
    "is_active": true
   },
   "geometry": {
    "type": "Point",
    "coordinates": [
     57.178694444444,
     48.579916666667
    ]
   }
  },
  {
   "type": "Feature",
   "properties": {
    "station_id": "waqi_-538447",
    "name": "к. Б. Даумова (ауданы мәдениет және демалыс саябағының)",
    "city": null,
    "region": null,
    "country": "KZ",
    "lat": 51.212033888889,
    "lon": 51.348908333333,
    "timezone": null,
    "station_type": "government",
    "source": "waqi",
    "operator": "Қазгидромет - Kazhydromet",
    "is_active": true
   },
   "geometry": {
    "type": "Point",
    "coordinates": [
     51.348908333333,
     51.212033888889
    ]
   }
  },
  {
   "type": "Feature",
   "properties": {
    "station_id": "waqi_-539074",
    "name": " 3-ші шағын аудан, 23В құрылыс",
    "city": null,
    "region": null,
    "country": "KZ",
    "lat": 52.547555,
    "lon": 62.494832777778,
    "timezone": null,
    "station_type": "government",
    "source": "waqi",
    "operator": "Қазгидромет - Kazhydromet",
    "is_active": true
   },
   "geometry": {
    "type": "Point",
    "coordinates": [
     62.494832777778,
     52.547555
    ]
   }
  },
  {
   "type": "Feature",
   "properties": {
    "station_id": "waqi_-557107",
    "name": "Sodiq Azimov Street",
    "city": null,
    "region": null,
    "country": "UZ",
    "lat": 41.30198058008,
    "lon": 69.28678840399,
    "timezone": null,
    "station_type": "government",
    "source": "waqi",
    "operator": "Citizen Science project sensor.community",
    "is_active": true
   },
   "geometry": {
    "type": "Point",
    "coordinates": [
     69.28678840399,
     41.30198058008
    ]
   }
  },
  {
   "type": "Feature",
   "properties": {
    "station_id": "waqi_-561904",
    "name": "Маяковский және Волынов көш. Қиылысы",
    "city": null,
    "region": null,
    "country": "KZ",
    "lat": 53.176315277778,
    "lon": 63.607446944444,
    "timezone": null,
    "station_type": "government",
    "source": "waqi",
    "operator": "Қазгидромет - Kazhydromet",
    "is_active": true
   },
   "geometry": {
    "type": "Point",
    "coordinates": [
     63.607446944444,
     53.176315277778
    ]
   }
  },
  {
   "type": "Feature",
   "properties": {
    "station_id": "waqi_-572143",
    "name": "Navoi",
    "city": null,
    "region": null,
    "country": "KZ",
    "lat": 43.197819050850285,
    "lon": 76.88850673561348,
    "timezone": null,
    "station_type": "government",
    "source": "waqi",
    "operator": "Gaia realtime air quality monitoring network",
    "is_active": true
   },
   "geometry": {
    "type": "Point",
    "coordinates": [
     76.88850673561348,
     43.197819050850285
    ]
   }
  },
  {
   "type": "Feature",
   "properties": {
    "station_id": "waqi_-700999",
    "name": "улица Таджикская",
    "city": null,
    "region": null,
    "country": "KZ",
    "lat": 43.26,
    "lon": 76.878,
    "timezone": null,
    "station_type": "government",
    "source": "waqi",
    "operator": "Citizen Science project sensor.community",
    "is_active": true
   },
   "geometry": {
    "type": "Point",
    "coordinates": [
     76.878,
     43.26
    ]
   }
  },
  {
   "type": "Feature",
   "properties": {
    "station_id": "waqi_-82948",
    "name": "Кара-Балтинская улица",
    "city": null,
    "region": null,
    "country": "KZ",
    "lat": 42.8852634775,
    "lon": 74.55434883468,
    "timezone": null,
    "station_type": "government",
    "source": "waqi",
    "operator": "Citizen Science project sensor.community",
    "is_active": true
   },
   "geometry": {
    "type": "Point",
    "coordinates": [
     74.55434883468,
     42.8852634775
    ]
   }
  },
  {
   "type": "Feature",
   "properties": {
    "station_id": "waqi_1001",
    "name": "Кенсай",
    "city": null,
    "region": null,
    "country": "KZ",
    "lat": 43.2554,
    "lon": 77.0193,
    "timezone": null,
    "station_type": "government",
    "source": "waqi",
    "operator": "AirKaz.org",
    "is_active": true
   },
   "geometry": {
    "type": "Point",
    "coordinates": [
     77.0193,
     43.2554
    ]
   }
  },
  {
   "type": "Feature",
   "properties": {
    "station_id": "waqi_100156",
    "name": "almaty",
    "city": null,
    "region": null,
    "country": "KZ",
    "lat": 43.226230279805,
    "lon": 76.862601904544,
    "timezone": null,
    "station_type": "government",
    "source": "waqi",
    "operator": "AirNet - aiqcn.org - waqi.info",
    "is_active": true
   },
   "geometry": {
    "type": "Point",
    "coordinates": [
     76.862601904544,
     43.226230279805
    ]
   }
  },
  {
   "type": "Feature",
   "properties": {
    "station_id": "waqi_1002",
    "name": "Тау самал",
    "city": null,
    "region": null,
    "country": "KZ",
    "lat": 43.2058,
    "lon": 76.981,
    "timezone": null,
    "station_type": "government",
    "source": "waqi",
    "operator": "AirKaz.org",
    "is_active": true
   },
   "geometry": {
    "type": "Point",
    "coordinates": [
     76.981,
     43.2058
    ]
   }
  },
  {
   "type": "Feature",
   "properties": {
    "station_id": "waqi_1003",
    "name": "Almaty",
    "city": null,
    "region": null,
    "country": "KZ",
    "lat": 43.21888062732633,
    "lon": 76.93365433699681,
    "timezone": null,
    "station_type": "government",
    "source": "waqi",
    "operator": "Gaia realtime air quality monitoring network",
    "is_active": true
   },
   "geometry": {
    "type": "Point",
    "coordinates": [
     76.93365433699681,
     43.21888062732633
    ]
   }
  },
  {
   "type": "Feature",
   "properties": {
    "station_id": "waqi_108",
    "name": "Жана Кайрат",
    "city": null,
    "region": null,
    "country": "KZ",
    "lat": 43.312,
    "lon": 77.001,
    "timezone": null,
    "station_type": "government",
    "source": "waqi",
    "operator": "AirKaz.org",
    "is_active": true
   },
   "geometry": {
    "type": "Point",
    "coordinates": [
     77.001,
     43.312
    ]
   }
  },
  {
   "type": "Feature",
   "properties": {
    "station_id": "waqi_109",
    "name": "Тулебаева-Курмангазы",
    "city": null,
    "region": null,
    "country": "KZ",
    "lat": 43.245,
    "lon": 76.95,
    "timezone": null,
    "station_type": "government",
    "source": "waqi",
    "operator": "AirKaz.org",
    "is_active": true
   },
   "geometry": {
    "type": "Point",
    "coordinates": [
     76.95,
     43.245
    ]
   }
  },
  {
   "type": "Feature",
   "properties": {
    "station_id": "waqi_11219",
    "name": "Tashkent US Embassy, Uzbekistan",
    "city": null,
    "region": null,
    "country": "UZ",
    "lat": 41.3672,
    "lon": 69.2725,
    "timezone": null,
    "station_type": "government",
    "source": "waqi",
    "operator": "World Meteorological Organization - surface synoptic observations (WMO-SYNOP)",
    "is_active": true
   },
   "geometry": {
    "type": "Point",
    "coordinates": [
     69.2725,
     41.3672
    ]
   }
  },
  {
   "type": "Feature",
   "properties": {
    "station_id": "waqi_11895",
    "name": "Dushanbe US Embassy, Tajikistan",
    "city": null,
    "region": null,
    "country": "UZ",
    "lat": 38.55767,
    "lon": 68.77592,
    "timezone": null,
    "station_type": "government",
    "source": "waqi",
    "operator": "Dushanbe Air Quality Monitor - US Embassy",
    "is_active": true
   },
   "geometry": {
    "type": "Point",
    "coordinates": [
     68.77592,
     38.55767
    ]
   }
  },
  {
   "type": "Feature",
   "properties": {
    "station_id": "waqi_12",
    "name": "Каменское плато",
    "city": null,
    "region": null,
    "country": "KZ",
    "lat": 43.177,
    "lon": 76.966,
    "timezone": null,
    "station_type": "government",
    "source": "waqi",
    "operator": "AirKaz.org",
    "is_active": true
   },
   "geometry": {
    "type": "Point",
    "coordinates": [
     76.966,
     43.177
    ]
   }
  },
  {
   "type": "Feature",
   "properties": {
    "station_id": "waqi_12774",
    "name": "Almaty, US Embassy, Kazakhstan (Алматы, АҚШ елшілігі)",
    "city": null,
    "region": null,
    "country": "KZ",
    "lat": 43.222,
    "lon": 76.851,
    "timezone": null,
    "station_type": "government",
    "source": "waqi",
    "operator": "Almaty Air Quality Monitor - US Embassy",
    "is_active": true
   },
   "geometry": {
    "type": "Point",
    "coordinates": [
     76.851,
     43.222
    ]
   }
  },
  {
   "type": "Feature",
   "properties": {
    "station_id": "waqi_13da00ff",
    "name": "Microdistrict 7",
    "city": null,
    "region": null,
    "country": "KZ",
    "lat": 43.22623028,
    "lon": 76.8626019,
    "timezone": null,
    "station_type": "government",
    "source": "waqi",
    "operator": "uRad Monitor",
    "is_active": true
   },
   "geometry": {
    "type": "Point",
    "coordinates": [
     76.8626019,
     43.22623028
    ]
   }
  },
  {
   "type": "Feature",
   "properties": {
    "station_id": "waqi_14",
    "name": "Тұран даңғылы 2/1, орталық құтқару станциясы",
    "city": null,
    "region": null,
    "country": "KZ",
    "lat": 51.158041944444,
    "lon": 71.415435,
    "timezone": null,
    "station_type": "government",
    "source": "waqi",
    "operator": "Қазгидромет - Kazhydromet",
    "is_active": true
   },
   "geometry": {
    "type": "Point",
    "coordinates": [
     71.415435,
     51.158041944444
    ]
   }
  },
  {
   "type": "Feature",
   "properties": {
    "station_id": "waqi_14722",
    "name": "Tashkent Chilanzar, Uzbekistan",
    "city": null,
    "region": null,
    "country": "UZ",
    "lat": 41.31086,
    "lon": 69.24074,
    "timezone": null,
    "station_type": "government",
    "source": "waqi",
    "operator": "World Meteorological Organization - surface synoptic observations (WMO-SYNOP)",
    "is_active": true
   },
   "geometry": {
    "type": "Point",
    "coordinates": [
     69.24074,
     41.31086
    ]
   }
  },
  {
   "type": "Feature",
   "properties": {
    "station_id": "waqi_14723",
    "name": "Tashkent Yunusabad, Uzbekistan",
    "city": null,
    "region": null,
    "country": "UZ",
    "lat": 41.328069,
    "lon": 69.294476,
    "timezone": null,
    "station_type": "government",
    "source": "waqi",
    "operator": "World Meteorological Organization - surface synoptic observations (WMO-SYNOP)",
    "is_active": true
   },
   "geometry": {
    "type": "Point",
    "coordinates": [
     69.294476,
     41.328069
    ]
   }
  },
  {
   "type": "Feature",
   "properties": {
    "station_id": "waqi_155",
    "name": "НИИ астрофизики им. В.Г. Фесенкова",
    "city": null,
    "region": null,
    "country": "KZ",
    "lat": 43.177126944444,
    "lon": 76.966099722222,
    "timezone": null,
    "station_type": "government",
    "source": "waqi",
    "operator": "Қазгидромет - Kazhydromet",
    "is_active": true
   },
   "geometry": {
    "type": "Point",
    "coordinates": [
     76.966099722222,
     43.177126944444
    ]
   }
  },
  {
   "type": "Feature",
   "properties": {
    "station_id": "waqi_157",
    "name": "Розыбакиева, 270",
    "city": null,
    "region": null,
    "country": "KZ",
    "lat": 43.214014722222,
    "lon": 76.893050833333,
    "timezone": null,
    "station_type": "government",
    "source": "waqi",
    "operator": "Қазгидромет - Kazhydromet",
    "is_active": true
   },
   "geometry": {
    "type": "Point",
    "coordinates": [
     76.893050833333,
     43.214014722222
    ]
   }
  },
  {
   "type": "Feature",
   "properties": {
    "station_id": "waqi_159",
    "name": "Карасу, 6-я, 122",
    "city": null,
    "region": null,
    "country": "KZ",
    "lat": 43.338995555556,
    "lon": 76.903238611111,
    "timezone": null,
    "station_type": "government",
    "source": "waqi",
    "operator": "Қазгидромет - Kazhydromet",
    "is_active": true
   },
   "geometry": {
    "type": "Point",
    "coordinates": [
     76.903238611111,
     43.338995555556
    ]
   }
  },
  {
   "type": "Feature",
   "properties": {
    "station_id": "waqi_2",
    "name": "Альфараби - Маркова",
    "city": null,
    "region": null,
    "country": "KZ",
    "lat": 43.224,
    "lon": 76.938,
    "timezone": null,
    "station_type": "government",
    "source": "waqi",
    "operator": "AirKaz.org",
    "is_active": true
   },
   "geometry": {
    "type": "Point",
    "coordinates": [
     76.938,
     43.224
    ]
   }
  },
  {
   "type": "Feature",
   "properties": {
    "station_id": "waqi_200",
    "name": "№19 мектеп",
    "city": null,
    "region": null,
    "country": "KZ",
    "lat": 50.0579875,
    "lon": 72.956545555556,
    "timezone": null,
    "station_type": "government",
    "source": "waqi",
    "operator": "Қазгидромет - Kazhydromet",
    "is_active": true
   },
   "geometry": {
    "type": "Point",
    "coordinates": [
     72.956545555556,
     50.0579875
    ]
   }
  },
  {
   "type": "Feature",
   "properties": {
    "station_id": "waqi_2001",
    "name": "Восток 5",
    "city": null,
    "region": null,
    "country": "KZ",
    "lat": 42.8763,
    "lon": 74.6889,
    "timezone": null,
    "station_type": "government",
    "source": "waqi",
    "operator": "AirKaz.org",
    "is_active": true
   },
   "geometry": {
    "type": "Point",
    "coordinates": [
     74.6889,
     42.8763
    ]
   }
  },
  {
   "type": "Feature",
   "properties": {
    "station_id": "waqi_208",
    "name": "Анарқұлова көшесі, 21, №8 Гимназия",
    "city": null,
    "region": null,
    "country": "KZ",
    "lat": 47.807914444444,
    "lon": 67.706343888889,
    "timezone": null,
    "station_type": "government",
    "source": "waqi",
    "operator": "Қазгидромет - Kazhydromet",
    "is_active": true
   },
   "geometry": {
    "type": "Point",
    "coordinates": [
     67.706343888889,
     47.807914444444
    ]
   }
  },
  {
   "type": "Feature",
   "properties": {
    "station_id": "waqi_209",
    "name": "Гоголь көшесі, 9, №13 орта мектеп",
    "city": null,
    "region": null,
    "country": "KZ",
    "lat": 47.791340555556,
    "lon": 67.6865075,
    "timezone": null,
    "station_type": "government",
    "source": "waqi",
    "operator": "Қазгидромет - Kazhydromet",
    "is_active": true
   },
   "geometry": {
    "type": "Point",
    "coordinates": [
     67.6865075,
     47.791340555556
    ]
   }
  },
  {
   "type": "Feature",
   "properties": {
    "station_id": "waqi_210",
    "name": "Нагорная 15",
    "city": null,
    "region": null,
    "country": "KZ",
    "lat": 47.779762222222,
    "lon": 67.715738888889,
    "timezone": null,
    "station_type": "government",
    "source": "waqi",
    "operator": "Қазгидромет - Kazhydromet",
    "is_active": true
   },
   "geometry": {
    "type": "Point",
    "coordinates": [
     67.715738888889,
     47.779762222222
    ]
   }
  },
  {
   "type": "Feature",
   "properties": {
    "station_id": "waqi_22",
    "name": "шағын аудан 32А",
    "city": null,
    "region": null,
    "country": "KZ",
    "lat": 43.687244722222,
    "lon": 51.160561111111,
    "timezone": null,
    "station_type": "government",
    "source": "waqi",
    "operator": "Қазгидромет - Kazhydromet",
    "is_active": true
   },
   "geometry": {
    "type": "Point",
    "coordinates": [
     51.160561111111,
     43.687244722222
    ]
   }
  },
  {
   "type": "Feature",
   "properties": {
    "station_id": "waqi_225",
    "name": "Тынышпаева көшесі, 126",
    "city": null,
    "region": null,
    "country": "KZ",
    "lat": 50.009248888889,
    "lon": 82.564545277778,
    "timezone": null,
    "station_type": "government",
    "source": "waqi",
    "operator": "Қазгидромет - Kazhydromet",
    "is_active": true
   },
   "geometry": {
    "type": "Point",
    "coordinates": [
     82.564545277778,
     50.009248888889
    ]
   }
  },
  {
   "type": "Feature",
   "properties": {
    "station_id": "waqi_226",
    "name": "Қ. Сәтпаев даңғылы, 12",
    "city": null,
    "region": null,
    "country": "KZ",
    "lat": 49.900590277778,
    "lon": 82.6219325,
    "timezone": null,
    "station_type": "government",
    "source": "waqi",
    "operator": "Қазгидромет - Kazhydromet",
    "is_active": true
   },
   "geometry": {
    "type": "Point",
    "coordinates": [
     82.6219325,
     49.900590277778
    ]
   }
  },
  {
   "type": "Feature",
   "properties": {
    "station_id": "waqi_229",
    "name": "Панфилов ауданы, Жаркент қаласы, Ы.Кошкунова, № 7/5",
    "city": null,
    "region": null,
    "country": "KZ",
    "lat": 44.153527222222,
    "lon": 79.990333333333,
    "timezone": null,
    "station_type": "government",
    "source": "waqi",
    "operator": "Қазгидромет - Kazhydromet",
    "is_active": true
   },
   "geometry": {
    "type": "Point",
    "coordinates": [
     79.990333333333,
     44.153527222222
    ]
   }
  },
  {
   "type": "Feature",
   "properties": {
    "station_id": "waqi_230",
    "name": "Гагарина көшесі, 76",
    "city": null,
    "region": null,
    "country": "KZ",
    "lat": 43.302221944444,
    "lon": 77.239166388889,
    "timezone": null,
    "station_type": "government",
    "source": "waqi",
    "operator": "Қазгидромет - Kazhydromet",
    "is_active": true
   },
   "geometry": {
    "type": "Point",
    "coordinates": [
     77.239166388889,
     43.302221944444
    ]
   }
  },
  {
   "type": "Feature",
   "properties": {
    "station_id": "waqi_231",
    "name": "Горький көшесі, 9",
    "city": null,
    "region": null,
    "country": "KZ",
    "lat": 50.249612222222,
    "lon": 58.4366875,
    "timezone": null,
    "station_type": "government",
    "source": "waqi",
    "operator": "Қазгидромет - Kazhydromet",
    "is_active": true
   },
   "geometry": {
    "type": "Point",
    "coordinates": [
     58.4366875,
     50.249612222222
    ]
   }
  },
  {
   "type": "Feature",
   "properties": {
    "station_id": "waqi_232",
    "name": "Ақтөбе облысы Темір ауданы Шұбарши ауылдық округі әкімінің аппараты\" ММ Геоллог к-сі 25д",
    "city": null,
    "region": null,
    "country": "KZ",
    "lat": 48.579916666667,
    "lon": 57.178694444444,
    "timezone": null,
    "station_type": "government",
    "source": "waqi",
    "operator": "Қазгидромет - Kazhydromet",
    "is_active": true
   },
   "geometry": {
    "type": "Point",
    "coordinates": [
     57.178694444444,
     48.579916666667
    ]
   }
  },
  {
   "type": "Feature",
   "properties": {
    "station_id": "waqi_233",
    "name": "Жамбыл Жабаев көшесі 64 \"А\"",
    "city": null,
    "region": null,
    "country": "KZ",
    "lat": 49.471694444444,
    "lon": 57.422832777778,
    "timezone": null,
    "station_type": "government",
    "source": "waqi",
    "operator": "Қазгидромет - Kazhydromet",
    "is_active": true
   },
   "geometry": {
    "type": "Point",
    "coordinates": [
     57.422832777778,
     49.471694444444
    ]
   }
  },
  {
   "type": "Feature",
   "properties": {
    "station_id": "waqi_234",
    "name": "Ы.Алтынсарин 11 Б \"Зере\" балабақшасы МКҚК",
    "city": null,
    "region": null,
    "country": "KZ",
    "lat": 48.604972222222,
    "lon": 57.116666666667,
    "timezone": null,
    "station_type": "government",
    "source": "waqi",
    "operator": "Қазгидромет - Kazhydromet",
    "is_active": true
   },
   "geometry": {
    "type": "Point",
    "coordinates": [
     57.116666666667,
     48.604972222222
    ]
   }
  },
  {
   "type": "Feature",
   "properties": {
    "station_id": "waqi_235",
    "name": "Индербор ауданының МҮ Н. Меңдіғалиев көшесі 47",
    "city": null,
    "region": null,
    "country": "KZ",
    "lat": 48.555999444444,
    "lon": 51.735083333333,
    "timezone": null,
    "station_type": "government",
    "source": "waqi",
    "operator": "Қазгидромет - Kazhydromet",
    "is_active": true
   },
   "geometry": {
    "type": "Point",
    "coordinates": [
     51.735083333333,
     48.555999444444
    ]
   }
  },
  {
   "type": "Feature",
   "properties": {
    "station_id": "waqi_237",
    "name": "Мақат аудандық Мәдениет үйі, Алаш көшесі, 23",
    "city": null,
    "region": null,
    "country": "KZ",
    "lat": 47.645055277778,
    "lon": 53.33225,
    "timezone": null,
    "station_type": "government",
    "source": "waqi",
    "operator": "Қазгидромет - Kazhydromet",
    "is_active": true
   },
   "geometry": {
    "type": "Point",
    "coordinates": [
     53.33225,
     47.645055277778
    ]
   }
  },
  {
   "type": "Feature",
   "properties": {
    "station_id": "waqi_238",
    "name": "Т. Нысанов көшесі, 96",
    "city": null,
    "region": null,
    "country": "KZ",
    "lat": 47.049283055556,
    "lon": 50.804605,
    "timezone": null,
    "station_type": "government",
    "source": "waqi",
    "operator": "Қазгидромет - Kazhydromet",
    "is_active": true
   },
   "geometry": {
    "type": "Point",
    "coordinates": [
     50.804605,
     47.049283055556
    ]
   }
  },
  {
   "type": "Feature",
   "properties": {
    "station_id": "waqi_239",
    "name": "МҮ, Құрманғазы ауданы, Абай көшесі, 50 үй",
    "city": null,
    "region": null,
    "country": "KZ",
    "lat": 46.602721944444,
    "lon": 49.270610833333,
    "timezone": null,
    "station_type": "government",
    "source": "waqi",
    "operator": "Қазгидромет - Kazhydromet",
    "is_active": true
   },
   "geometry": {
    "type": "Point",
    "coordinates": [
     49.270610833333,
     46.602721944444
    ]
   }
  },
  {
   "type": "Feature",
   "properties": {
    "station_id": "waqi_245",
    "name": "М. Тынышпаев к-сі, 126",
    "city": null,
    "region": null,
    "country": "KZ",
    "lat": 50.009261944444,
    "lon": 82.564498888889,
    "timezone": null,
    "station_type": "government",
    "source": "waqi",
    "operator": "Қазгидромет - Kazhydromet",
    "is_active": true
   },
   "geometry": {
    "type": "Point",
    "coordinates": [
     82.564498888889,
     50.009261944444
    ]
   }
  },
  {
   "type": "Feature",
   "properties": {
    "station_id": "waqi_246",
    "name": "Егоров көшесі, 6",
    "city": null,
    "region": null,
    "country": "KZ",
    "lat": 50.028606111111,
    "lon": 82.741423611111,
    "timezone": null,
    "station_type": "government",
    "source": "waqi",
    "operator": "Қазгидромет - Kazhydromet",
    "is_active": true
   },
   "geometry": {
    "type": "Point",
    "coordinates": [
     82.741423611111,
     50.028606111111
    ]
   }
  },
  {
   "type": "Feature",
   "properties": {
    "station_id": "waqi_248",
    "name": "Рысқұлов көшесі, 27",
    "city": null,
    "region": null,
    "country": "KZ",
    "lat": 50.3990475,
    "lon": 80.201463333333,
    "timezone": null,
    "station_type": "government",
    "source": "waqi",
    "operator": "Қазгидромет - Kazhydromet",
    "is_active": true
   },
   "geometry": {
    "type": "Point",
    "coordinates": [
     80.201463333333,
     50.3990475
    ]
   }
  },
  {
   "type": "Feature",
   "properties": {
    "station_id": "waqi_249",
    "name": "343 квартал көшесі, 13/2",
    "city": null,
    "region": null,
    "country": "KZ",
    "lat": 50.3990475,
    "lon": 80.201463333333,
    "timezone": null,
    "station_type": "government",
    "source": "waqi",
    "operator": "Қазгидромет - Kazhydromet",
    "is_active": true
   },
   "geometry": {
    "type": "Point",
    "coordinates": [
     80.201463333333,
     50.3990475
    ]
   }
  },
  {
   "type": "Feature",
   "properties": {
    "station_id": "waqi_250",
    "name": "Абай Бульвары, 14",
    "city": null,
    "region": null,
    "country": "KZ",
    "lat": 47.965388333333,
    "lon": 80.437361111111,
    "timezone": null,
    "station_type": "government",
    "source": "waqi",
    "operator": "Қазгидромет - Kazhydromet",
    "is_active": true
   },
   "geometry": {
    "type": "Point",
    "coordinates": [
     80.437361111111,
     47.965388333333
    ]
   }
  },
  {
   "type": "Feature",
   "properties": {
    "station_id": "waqi_251",
    "name": "Мир к-сі, 90 в",
    "city": null,
    "region": null,
    "country": "KZ",
    "lat": 49.708666111111,
    "lon": 81.57325,
    "timezone": null,
    "station_type": "government",
    "source": "waqi",
    "operator": "Қазгидромет - Kazhydromet",
    "is_active": true
   },
   "geometry": {
    "type": "Point",
    "coordinates": [
     81.57325,
     49.708666111111
    ]
   }
  },
  {
   "type": "Feature",
   "properties": {
    "station_id": "waqi_252",
    "name": "Анатолий Иванов көшесі, 59",
    "city": null,
    "region": null,
    "country": "KZ",
    "lat": 50.628027777778,
    "lon": 81.9182775,
    "timezone": null,
    "station_type": "government",
    "source": "waqi",
    "operator": "Қазгидромет - Kazhydromet",
    "is_active": true
   },
   "geometry": {
    "type": "Point",
    "coordinates": [
     81.9182775,
     50.628027777778
    ]
   }
  },
  {
   "type": "Feature",
   "properties": {
    "station_id": "waqi_254",
    "name": " 3-ші шағын аудан, 23В құрылыс",
    "city": null,
    "region": null,
    "country": "KZ",
    "lat": 52.547555,
    "lon": 62.494832777778,
    "timezone": null,
    "station_type": "government",
    "source": "waqi",
    "operator": "Қазгидромет - Kazhydromet",
    "is_active": true
   },
   "geometry": {
    "type": "Point",
    "coordinates": [
     62.494832777778,
     52.547555
    ]
   }
  },
  {
   "type": "Feature",
   "properties": {
    "station_id": "waqi_255",
    "name": "Абай көшесі әкімдік ауданы",
    "city": null,
    "region": null,
    "country": "KZ",
    "lat": 49.633610833333,
    "lon": 72.855277222222,
    "timezone": null,
    "station_type": "government",
    "source": "waqi",
    "operator": "Қазгидромет - Kazhydromet",
    "is_active": true
   },
   "geometry": {
    "type": "Point",
    "coordinates": [
     72.855277222222,
     49.633610833333
    ]
   }
  },
  {
   "type": "Feature",
   "properties": {
    "station_id": "waqi_256",
    "name": " 3-ші шағын аудан, 23В құрылыс",
    "city": null,
    "region": null,
    "country": "KZ",
    "lat": 52.547555,
    "lon": 62.494832777778,
    "timezone": null,
    "station_type": "government",
    "source": "waqi",
    "operator": "Қазгидромет - Kazhydromet",
    "is_active": true
   },
   "geometry": {
    "type": "Point",
    "coordinates": [
     62.494832777778,
     52.547555
    ]
   }
  },
  {
   "type": "Feature",
   "properties": {
    "station_id": "waqi_258",
    "name": "2 шағын аудан",
    "city": null,
    "region": null,
    "country": "KZ",
    "lat": 52.189221944444,
    "lon": 61.1980275,
    "timezone": null,
    "station_type": "government",
    "source": "waqi",
    "operator": "Қазгидромет - Kazhydromet",
    "is_active": true
   },
   "geometry": {
    "type": "Point",
    "coordinates": [
     61.1980275,
     52.189221944444
    ]
   }
  },
  {
   "type": "Feature",
   "properties": {
    "station_id": "waqi_26",
    "name": "Р. Зорге көшесі, 14",
    "city": null,
    "region": null,
    "country": "KZ",
    "lat": 43.338122222222,
    "lon": 76.952136111111,
    "timezone": null,
    "station_type": "government",
    "source": "waqi",
    "operator": "Қазгидромет - Kazhydromet",
    "is_active": true
   },
   "geometry": {
    "type": "Point",
    "coordinates": [
     76.952136111111,
     43.338122222222
    ]
   }
  },
  {
   "type": "Feature",
   "properties": {
    "station_id": "waqi_260",
    "name": "Шиелі ауданы, Ш.Есенов көшесі №8, № 127 им. Ш. Уәлиханов",
    "city": null,
    "region": null,
    "country": "KZ",
    "lat": 44.196944166667,
    "lon": 66.729471944444,
    "timezone": null,
    "station_type": "government",
    "source": "waqi",
    "operator": "Қазгидромет - Kazhydromet",
    "is_active": true
   },
   "geometry": {
    "type": "Point",
    "coordinates": [
     66.729471944444,
     44.196944166667
    ]
   }
  },
  {
   "type": "Feature",
   "properties": {
    "station_id": "waqi_263",
    "name": "қала орталығында",
    "city": null,
    "region": null,
    "country": "KZ",
    "lat": 43.293388611111,
    "lon": 68.289555277778,
    "timezone": null,
    "station_type": "government",
    "source": "waqi",
    "operator": "Қазгидромет - Kazhydromet",
    "is_active": true
   },
   "geometry": {
    "type": "Point",
    "coordinates": [
     68.289555277778,
     43.293388611111
    ]
   }
  },
  {
   "type": "Feature",
   "properties": {
    "station_id": "waqi_264",
    "name": "Қаратау ауданы, Қызылсай тұрғын алабы, Омарташы көшесі, 1",
    "city": null,
    "region": null,
    "country": "KZ",
    "lat": 42.347777777778,
    "lon": 69.71,
    "timezone": null,
    "station_type": "government",
    "source": "waqi",
    "operator": "Қазгидромет - Kazhydromet",
    "is_active": true
   },
   "geometry": {
    "type": "Point",
    "coordinates": [
     69.71,
     42.347777777778
    ]
   }
  },
  {
   "type": "Feature",
   "properties": {
    "station_id": "waqi_265",
    "name": "Ғ. Мұратбаев көшесі, 1А",
    "city": null,
    "region": null,
    "country": "KZ",
    "lat": 42.5518325,
    "lon": 70.006693888889,
    "timezone": null,
    "station_type": "government",
    "source": "waqi",
    "operator": "Қазгидромет - Kazhydromet",
    "is_active": true
   },
   "geometry": {
    "type": "Point",
    "coordinates": [
     70.006693888889,
     42.5518325
    ]
   }
  },
  {
   "type": "Feature",
   "properties": {
    "station_id": "waqi_27",
    "name": "«Орбита» ықшам ауданы, «Зендстрой» АҚ Дендропарк аумағында",
    "city": null,
    "region": null,
    "country": "KZ",
    "lat": 43.193546388889,
    "lon": 76.883063611111,
    "timezone": null,
    "station_type": "government",
    "source": "waqi",
    "operator": "Қазгидромет - Kazhydromet",
    "is_active": true
   },
   "geometry": {
    "type": "Point",
    "coordinates": [
     76.883063611111,
     43.193546388889
    ]
   }
  },
  {
   "type": "Feature",
   "properties": {
    "station_id": "waqi_27173",
    "name": "Novi Mir",
    "city": null,
    "region": null,
    "country": "KZ",
    "lat": 43.226665,
    "lon": 76.95659,
    "timezone": null,
    "station_type": "government",
    "source": "waqi",
    "operator": "Purple Air",
    "is_active": true
   },
   "geometry": {
    "type": "Point",
    "coordinates": [
     76.95659,
     43.226665
    ]
   }
  },
  {
   "type": "Feature",
   "properties": {
    "station_id": "waqi_27193",
    "name": "Park Palace",
    "city": null,
    "region": null,
    "country": "KZ",
    "lat": 43.258007,
    "lon": 76.957054,
    "timezone": null,
    "station_type": "government",
    "source": "waqi",
    "operator": "Purple Air",
    "is_active": true
   },
   "geometry": {
    "type": "Point",
    "coordinates": [
     76.957054,
     43.258007
    ]
   }
  },
  {
   "type": "Feature",
   "properties": {
    "station_id": "waqi_27297",
    "name": "Zholdasbekova 97",
    "city": null,
    "region": null,
    "country": "KZ",
    "lat": 43.233925,
    "lon": 76.9549,
    "timezone": null,
    "station_type": "government",
    "source": "waqi",
    "operator": "Purple Air",
    "is_active": true
   },
   "geometry": {
    "type": "Point",
    "coordinates": [
     76.9549,
     43.233925
    ]
   }
  },
  {
   "type": "Feature",
   "properties": {
    "station_id": "waqi_27423",
    "name": "Dostyk",
    "city": null,
    "region": null,
    "country": "KZ",
    "lat": 43.204712,
    "lon": 76.97411,
    "timezone": null,
    "station_type": "government",
    "source": "waqi",
    "operator": "Purple Air",
    "is_active": true
   },
   "geometry": {
    "type": "Point",
    "coordinates": [
     76.97411,
     43.204712
    ]
   }
  },
  {
   "type": "Feature",
   "properties": {
    "station_id": "waqi_27443",
    "name": "Esentai",
    "city": null,
    "region": null,
    "country": "KZ",
    "lat": 43.220303,
    "lon": 76.92978,
    "timezone": null,
    "station_type": "government",
    "source": "waqi",
    "operator": "Purple Air",
    "is_active": true
   },
   "geometry": {
    "type": "Point",
    "coordinates": [
     76.92978,
     43.220303
    ]
   }
  },
  {
   "type": "Feature",
   "properties": {
    "station_id": "waqi_28",
    "name": "Шаңырақ 2 шағын ауданы, Жанқожа батыр көш.26",
    "city": null,
    "region": null,
    "country": "KZ",
    "lat": 43.298601388889,
    "lon": 76.851854444444,
    "timezone": null,
    "station_type": "government",
    "source": "waqi",
    "operator": "Қазгидромет - Kazhydromet",
    "is_active": true
   },
   "geometry": {
    "type": "Point",
    "coordinates": [
     76.851854444444,
     43.298601388889
    ]
   }
  },
  {
   "type": "Feature",
   "properties": {
    "station_id": "waqi_280",
    "name": "Есет батыр көшесі, 109 \"А\"",
    "city": null,
    "region": null,
    "country": "KZ",
    "lat": 50.294493611111,
    "lon": 57.168719166667,
    "timezone": null,
    "station_type": "government",
    "source": "waqi",
    "operator": "Қазгидромет - Kazhydromet",
    "is_active": true
   },
   "geometry": {
    "type": "Point",
    "coordinates": [
     57.168719166667,
     50.294493611111
    ]
   }
  },
  {
   "type": "Feature",
   "properties": {
    "station_id": "waqi_284",
    "name": "Химпоселок ауд., Сырдария №3, (арнайы.сөйлеу қабілеті бұзылған балаларға арналған мектеп)",
    "city": null,
    "region": null,
    "country": "KZ",
    "lat": 47.097383055556,
    "lon": 51.944210555556,
    "timezone": null,
    "station_type": "government",
    "source": "waqi",
    "operator": "Қазгидромет - Kazhydromet",
    "is_active": true
   },
   "geometry": {
    "type": "Point",
    "coordinates": [
     51.944210555556,
     47.097383055556
    ]
   }
  },
  {
   "type": "Feature",
   "properties": {
    "station_id": "waqi_299",
    "name": " Есенов үйі. №221 Рысқұлова ",
    "city": null,
    "region": null,
    "country": "KZ",
    "lat": 43.291511111111,
    "lon": 76.951184444444,
    "timezone": null,
    "station_type": "government",
    "source": "waqi",
    "operator": "Қазгидромет - Kazhydromet",
    "is_active": true
   },
   "geometry": {
    "type": "Point",
    "coordinates": [
     76.951184444444,
     43.291511111111
    ]
   }
  },
  {
   "type": "Feature",
   "properties": {
    "station_id": "waqi_300",
    "name": " Ерменсай Шие үйі. №3",
    "city": null,
    "region": null,
    "country": "KZ",
    "lat": 43.177869444444,
    "lon": 76.918204722222,
    "timezone": null,
    "station_type": "government",
    "source": "waqi",
    "operator": "Қазгидромет - Kazhydromet",
    "is_active": true
   },
   "geometry": {
    "type": "Point",
    "coordinates": [
     76.918204722222,
     43.177869444444
    ]
   }
  },
  {
   "type": "Feature",
   "properties": {
    "station_id": "waqi_30063104",
    "name": "Школа №22",
    "city": null,
    "region": null,
    "country": "KZ",
    "lat": 43.645,
    "lon": 51.175,
    "timezone": null,
    "station_type": "government",
    "source": "waqi",
    "operator": "AirKaz.org",
    "is_active": true
   },
   "geometry": {
    "type": "Point",
    "coordinates": [
     51.175,
     43.645
    ]
   }
  },
  {
   "type": "Feature",
   "properties": {
    "station_id": "waqi_30369354",
    "name": "Тулебаева, 82",
    "city": null,
    "region": null,
    "country": "KZ",
    "lat": 43.2576,
    "lon": 76.9484,
    "timezone": null,
    "station_type": "government",
    "source": "waqi",
    "operator": "AirKaz.org",
    "is_active": true
   },
   "geometry": {
    "type": "Point",
    "coordinates": [
     76.9484,
     43.2576
    ]
   }
  },
  {
   "type": "Feature",
   "properties": {
    "station_id": "waqi_304",
    "name": "к. Б. Даумова (ауданы мәдениет және демалыс саябағының)",
    "city": null,
    "region": null,
    "country": "KZ",
    "lat": 51.212033888889,
    "lon": 51.348908333333,
    "timezone": null,
    "station_type": "government",
    "source": "waqi",
    "operator": "Қазгидромет - Kazhydromet",
    "is_active": true
   },
   "geometry": {
    "type": "Point",
    "coordinates": [
     51.348908333333,
     51.212033888889
    ]
   }
  },
  {
   "type": "Feature",
   "properties": {
    "station_id": "waqi_308",
    "name": "Утвинская к-сі 17",
    "city": null,
    "region": null,
    "country": "KZ",
    "lat": 51.160195277778,
    "lon": 52.997263611111,
    "timezone": null,
    "station_type": "government",
    "source": "waqi",
    "operator": "Қазгидромет - Kazhydromet",
    "is_active": true
   },
   "geometry": {
    "type": "Point",
    "coordinates": [
     52.997263611111,
     51.160195277778
    ]
   }
  },
  {
   "type": "Feature",
   "properties": {
    "station_id": "waqi_30960812",
    "name": "КазГУ",
    "city": null,
    "region": null,
    "country": "KZ",
    "lat": 43.22,
    "lon": 76.9264,
    "timezone": null,
    "station_type": "government",
    "source": "waqi",
    "operator": "AirKaz.org",
    "is_active": true
   },
   "geometry": {
    "type": "Point",
    "coordinates": [
     76.9264,
     43.22
    ]
   }
  },
  {
   "type": "Feature",
   "properties": {
    "station_id": "waqi_31",
    "name": "Жанкожа батыр көшесі, 89",
    "city": null,
    "region": null,
    "country": "KZ",
    "lat": 50.290383055556,
    "lon": 57.222110833333,
    "timezone": null,
    "station_type": "government",
    "source": "waqi",
    "operator": "Қазгидромет - Kazhydromet",
    "is_active": true
   },
   "geometry": {
    "type": "Point",
    "coordinates": [
     57.222110833333,
     50.290383055556
    ]
   }
  },
  {
   "type": "Feature",
   "properties": {
    "station_id": "waqi_311",
    "name": "Шуақты көшесі 91-де",
    "city": null,
    "region": null,
    "country": "KZ",
    "lat": 52.4892025,
    "lon": 73.096111111111,
    "timezone": null,
    "station_type": "government",
    "source": "waqi",
    "operator": "Қазгидромет - Kazhydromet",
    "is_active": true
   },
   "geometry": {
    "type": "Point",
    "coordinates": [
     73.096111111111,
     52.4892025
    ]
   }
  },
  {
   "type": "Feature",
   "properties": {
    "station_id": "waqi_314",
    "name": "Жылыой ауданы,  «МГӨБ» индустриалды аймағы ауданы",
    "city": null,
    "region": null,
    "country": "KZ",
    "lat": 46.942026666667,
    "lon": 53.98525,
    "timezone": null,
    "station_type": "government",
    "source": "waqi",
    "operator": "Қазгидромет - Kazhydromet",
    "is_active": true
   },
   "geometry": {
    "type": "Point",
    "coordinates": [
     53.98525,
     46.942026666667
    ]
   }
  },
  {
   "type": "Feature",
   "properties": {
    "station_id": "waqi_31596906",
    "name": "Есет Батыра 109А",
    "city": null,
    "region": null,
    "country": "KZ",
    "lat": 50.294,
    "lon": 57.169,
    "timezone": null,
    "station_type": "government",
    "source": "waqi",
    "operator": "AirKaz.org",
    "is_active": true
   },
   "geometry": {
    "type": "Point",
    "coordinates": [
     57.169,
     50.294
    ]
   }
  },
  {
   "type": "Feature",
   "properties": {
    "station_id": "waqi_316",
    "name": "Дамба елді мекені, балық инспекциясының аумағы",
    "city": null,
    "region": null,
    "country": "KZ",
    "lat": 46.953111111111,
    "lon": 51.735194444444,
    "timezone": null,
    "station_type": "government",
    "source": "waqi",
    "operator": "Қазгидромет - Kazhydromet",
    "is_active": true
   },
   "geometry": {
    "type": "Point",
    "coordinates": [
     51.735194444444,
     46.953111111111
    ]
   }
  },
  {
   "type": "Feature",
   "properties": {
    "station_id": "waqi_318",
    "name": "Балықшы, А. Байжігітов к-сі, 59, «Судоремонтник» стадионы",
    "city": null,
    "region": null,
    "country": "KZ",
    "lat": 47.083833055556,
    "lon": 51.875083333333,
    "timezone": null,
    "station_type": "government",
    "source": "waqi",
    "operator": "Қазгидромет - Kazhydromet",
    "is_active": true
   },
   "geometry": {
    "type": "Point",
    "coordinates": [
     51.875083333333,
     47.083833055556
    ]
   }
  },
  {
   "type": "Feature",
   "properties": {
    "station_id": "waqi_319",
    "name": "Водниково-2 ықм., 5 көше, 27 учаскесі",
    "city": null,
    "region": null,
    "country": "KZ",
    "lat": 47.051999444444,
    "lon": 51.900666111111,
    "timezone": null,
    "station_type": "government",
    "source": "waqi",
    "operator": "Қазгидромет - Kazhydromet",
    "is_active": true
   },
   "geometry": {
    "type": "Point",
    "coordinates": [
     51.900666111111,
     47.051999444444
    ]
   }
  },
  {
   "type": "Feature",
   "properties": {
    "station_id": "waqi_32",
    "name": "Сырдария көшесі, 3",
    "city": null,
    "region": null,
    "country": "KZ",
    "lat": 47.097383055556,
    "lon": 51.944210555556,
    "timezone": null,
    "station_type": "government",
    "source": "waqi",
    "operator": "Қазгидромет - Kazhydromet",
    "is_active": true
   },
   "geometry": {
    "type": "Point",
    "coordinates": [
     51.944210555556,
     47.097383055556
    ]
   }
  },
  {
   "type": "Feature",
   "properties": {
    "station_id": "waqi_32009929",
    "name": "Школа №3",
    "city": null,
    "region": null,
    "country": "KZ",
    "lat": 43.634,
    "lon": 51.179,
    "timezone": null,
    "station_type": "government",
    "source": "waqi",
    "operator": "AirKaz.org",
    "is_active": true
   },
   "geometry": {
    "type": "Point",
    "coordinates": [
     51.179,
     43.634
    ]
   }
  },
  {
   "type": "Feature",
   "properties": {
    "station_id": "waqi_32149779",
    "name": "Ташенова, 8",
    "city": null,
    "region": null,
    "country": "KZ",
    "lat": 51.1514,
    "lon": 71.4342,
    "timezone": null,
    "station_type": "government",
    "source": "waqi",
    "operator": "AirKaz.org",
    "is_active": true
   },
   "geometry": {
    "type": "Point",
    "coordinates": [
     71.4342,
     51.1514
    ]
   }
  },
  {
   "type": "Feature",
   "properties": {
    "station_id": "waqi_3218686",
    "name": "Темиртау (СШ 16)",
    "city": null,
    "region": null,
    "country": "KZ",
    "lat": 50.052,
    "lon": 72.942,
    "timezone": null,
    "station_type": "government",
    "source": "waqi",
    "operator": "AirKaz.org",
    "is_active": true
   },
   "geometry": {
    "type": "Point",
    "coordinates": [
     72.942,
     50.052
    ]
   }
  },
  {
   "type": "Feature",
   "properties": {
    "station_id": "waqi_324",
    "name": "Абая (Островского) 13",
    "city": null,
    "region": null,
    "country": "KZ",
    "lat": 50.0,
    "lon": 83.503052777778,
    "timezone": null,
    "station_type": "government",
    "source": "waqi",
    "operator": "Қазгидромет - Kazhydromet",
    "is_active": true
   },
   "geometry": {
    "type": "Point",
    "coordinates": [
     83.503052777778,
     50.0
    ]
   }
  },
  {
   "type": "Feature",
   "properties": {
    "station_id": "waqi_325",
    "name": "Клинка, 7",
    "city": null,
    "region": null,
    "country": "KZ",
    "lat": 50.0,
    "lon": 83.0,
    "timezone": null,
    "station_type": "government",
    "source": "waqi",
    "operator": "Қазгидромет - Kazhydromet",
    "is_active": true
   },
   "geometry": {
    "type": "Point",
    "coordinates": [
     83.0,
     50.0
    ]
   }
  },
  {
   "type": "Feature",
   "properties": {
    "station_id": "waqi_32621512",
    "name": "ул. Улы-Дала",
    "city": null,
    "region": null,
    "country": "KZ",
    "lat": 51.0917,
    "lon": 71.4498,
    "timezone": null,
    "station_type": "government",
    "source": "waqi",
    "operator": "AirKaz.org",
    "is_active": true
   },
   "geometry": {
    "type": "Point",
    "coordinates": [
     71.4498,
     51.0917
    ]
   }
  },
  {
   "type": "Feature",
   "properties": {
    "station_id": "waqi_3269728",
    "name": "KazGU2",
    "city": null,
    "region": null,
    "country": "KZ",
    "lat": 43.206,
    "lon": 76.9,
    "timezone": null,
    "station_type": "government",
    "source": "waqi",
    "operator": "AirKaz.org",
    "is_active": true
   },
   "geometry": {
    "type": "Point",
    "coordinates": [
     76.9,
     43.206
    ]
   }
  },
  {
   "type": "Feature",
   "properties": {
    "station_id": "waqi_33016",
    "name": "Колхозная улица",
    "city": null,
    "region": null,
    "country": "KZ",
    "lat": 42.92308116289,
    "lon": 74.60585027933,
    "timezone": null,
    "station_type": "government",
    "source": "waqi",
    "operator": "Citizen Science project sensor.community",
    "is_active": true
   },
   "geometry": {
    "type": "Point",
    "coordinates": [
     74.60585027933,
     42.92308116289
    ]
   }
  },
  {
   "type": "Feature",
   "properties": {
    "station_id": "waqi_33642900",
    "name": "Посольство - 1",
    "city": null,
    "region": null,
    "country": "KZ",
    "lat": 42.827,
    "lon": 74.583,
    "timezone": null,
    "station_type": "government",
    "source": "waqi",
    "operator": "AirKaz.org",
    "is_active": true
   },
   "geometry": {
    "type": "Point",
    "coordinates": [
     74.583,
     42.827
    ]
   }
  },
  {
   "type": "Feature",
   "properties": {
    "station_id": "waqi_33858988",
    "name": "Толстого 95",
    "city": null,
    "region": null,
    "country": "KZ",
    "lat": 52.275,
    "lon": 76.962,
    "timezone": null,
    "station_type": "government",
    "source": "waqi",
    "operator": "AirKaz.org",
    "is_active": true
   },
   "geometry": {
    "type": "Point",
    "coordinates": [
     76.962,
     52.275
    ]
   }
  },
  {
   "type": "Feature",
   "properties": {
    "station_id": "waqi_34313",
    "name": "Кара-Балтинская улица",
    "city": null,
    "region": null,
    "country": "KZ",
    "lat": 42.8852634775,
    "lon": 74.55434883468,
    "timezone": null,
    "station_type": "government",
    "source": "waqi",
    "operator": "Citizen Science project sensor.community",
    "is_active": true
   },
   "geometry": {
    "type": "Point",
    "coordinates": [
     74.55434883468,
     42.8852634775
    ]
   }
  },
  {
   "type": "Feature",
   "properties": {
    "station_id": "waqi_34320142",
    "name": "Депутатский городок",
    "city": null,
    "region": null,
    "country": "KZ",
    "lat": 51.1055,
    "lon": 71.489,
    "timezone": null,
    "station_type": "government",
    "source": "waqi",
    "operator": "AirKaz.org",
    "is_active": true
   },
   "geometry": {
    "type": "Point",
    "coordinates": [
     71.489,
     51.1055
    ]
   }
  },
  {
   "type": "Feature",
   "properties": {
    "station_id": "waqi_34395304",
    "name": "Совет ветеранов",
    "city": null,
    "region": null,
    "country": "KZ",
    "lat": 44.141,
    "lon": 52.155,
    "timezone": null,
    "station_type": "government",
    "source": "waqi",
    "operator": "AirKaz.org",
    "is_active": true
   },
   "geometry": {
    "type": "Point",
    "coordinates": [
     52.155,
     44.141
    ]
   }
  },
  {
   "type": "Feature",
   "properties": {
    "station_id": "waqi_34464708",
    "name": "Школа №41",
    "city": null,
    "region": null,
    "country": "KZ",
    "lat": 52.288,
    "lon": 77.007,
    "timezone": null,
    "station_type": "government",
    "source": "waqi",
    "operator": "AirKaz.org",
    "is_active": true
   },
   "geometry": {
    "type": "Point",
    "coordinates": [
     77.007,
     52.288
    ]
   }
  },
  {
   "type": "Feature",
   "properties": {
    "station_id": "waqi_34686208",
    "name": "ПНЗ №3",
    "city": null,
    "region": null,
    "country": "KZ",
    "lat": 51.212,
    "lon": 51.349,
    "timezone": null,
    "station_type": "government",
    "source": "waqi",
    "operator": "AirKaz.org",
    "is_active": true
   },
   "geometry": {
    "type": "Point",
    "coordinates": [
     51.349,
     51.212
    ]
   }
  },
  {
   "type": "Feature",
   "properties": {
    "station_id": "waqi_34703847",
    "name": "ул.Туруспекова",
    "city": null,
    "region": null,
    "country": "KZ",
    "lat": 43.178,
    "lon": 76.87,
    "timezone": null,
    "station_type": "government",
    "source": "waqi",
    "operator": "AirKaz.org",
    "is_active": true
   },
   "geometry": {
    "type": "Point",
    "coordinates": [
     76.87,
     43.178
    ]
   }
  },
  {
   "type": "Feature",
   "properties": {
    "station_id": "waqi_35093702",
    "name": "Химпоселок",
    "city": null,
    "region": null,
    "country": "KZ",
    "lat": 47.096,
    "lon": 51.941,
    "timezone": null,
    "station_type": "government",
    "source": "waqi",
    "operator": "AirKaz.org",
    "is_active": true
   },
   "geometry": {
    "type": "Point",
    "coordinates": [
     51.941,
     47.096
    ]
   }
  },
  {
   "type": "Feature",
   "properties": {
    "station_id": "waqi_35137762",
    "name": "ПНЗ №4 (Аксай)",
    "city": null,
    "region": null,
    "country": "KZ",
    "lat": 51.16,
    "lon": 52.997,
    "timezone": null,
    "station_type": "government",
    "source": "waqi",
    "operator": "AirKaz.org",
    "is_active": true
   },
   "geometry": {
    "type": "Point",
    "coordinates": [
     52.997,
     51.16
    ]
   }
  },
  {
   "type": "Feature",
   "properties": {
    "station_id": "waqi_35142770",
    "name": "Индер",
    "city": null,
    "region": null,
    "country": "KZ",
    "lat": 48.5558,
    "lon": 51.735,
    "timezone": null,
    "station_type": "government",
    "source": "waqi",
    "operator": "AirKaz.org",
    "is_active": true
   },
   "geometry": {
    "type": "Point",
    "coordinates": [
     51.735,
     48.5558
    ]
   }
  },
  {
   "type": "Feature",
   "properties": {
    "station_id": "waqi_35742416",
    "name": "п.Курык",
    "city": null,
    "region": null,
    "country": "KZ",
    "lat": 43.17,
    "lon": 51.678,
    "timezone": null,
    "station_type": "government",
    "source": "waqi",
    "operator": "AirKaz.org",
    "is_active": true
   },
   "geometry": {
    "type": "Point",
    "coordinates": [
     51.678,
     43.17
    ]
   }
  },
  {
   "type": "Feature",
   "properties": {
    "station_id": "waqi_35745",
    "name": "Аалы Токомбаева улица",
    "city": null,
    "region": null,
    "country": "KZ",
    "lat": 42.812,
    "lon": 74.628,
    "timezone": null,
    "station_type": "government",
    "source": "waqi",
    "operator": "Citizen Science project sensor.community",
    "is_active": true
   },
   "geometry": {
    "type": "Point",
    "coordinates": [
     74.628,
     42.812
    ]
   }
  },
  {
   "type": "Feature",
   "properties": {
    "station_id": "waqi_35948681",
    "name": "Талгар",
    "city": null,
    "region": null,
    "country": "KZ",
    "lat": 43.3039,
    "lon": 77.2139,
    "timezone": null,
    "station_type": "government",
    "source": "waqi",
    "operator": "AirKaz.org",
    "is_active": true
   },
   "geometry": {
    "type": "Point",
    "coordinates": [
     77.2139,
     43.3039
    ]
   }
  },
  {
   "type": "Feature",
   "properties": {
    "station_id": "waqi_36",
    "name": "Мұқанов көшесі,57/3",
    "city": null,
    "region": null,
    "country": "KZ",
    "lat": 49.786533888889,
    "lon": 73.168150833333,
    "timezone": null,
    "station_type": "government",
    "source": "waqi",
    "operator": "Қазгидромет - Kazhydromet",
    "is_active": true
   },
   "geometry": {
    "type": "Point",
    "coordinates": [
     73.168150833333,
     49.786533888889
    ]
   }
  },
  {
   "type": "Feature",
   "properties": {
    "station_id": "waqi_36078378",
    "name": "ДосКредоБанк Алкан",
    "city": null,
    "region": null,
    "country": "KZ",
    "lat": 42.94,
    "lon": 74.622,
    "timezone": null,
    "station_type": "government",
    "source": "waqi",
    "operator": "AirKaz.org",
    "is_active": true
   },
   "geometry": {
    "type": "Point",
    "coordinates": [
     74.622,
     42.94
    ]
   }
  },
  {
   "type": "Feature",
   "properties": {
    "station_id": "waqi_36200067",
    "name": "Айнабулак-3",
    "city": null,
    "region": null,
    "country": "KZ",
    "lat": 43.324,
    "lon": 76.919,
    "timezone": null,
    "station_type": "government",
    "source": "waqi",
    "operator": "AirKaz.org",
    "is_active": true
   },
   "geometry": {
    "type": "Point",
    "coordinates": [
     76.919,
     43.324
    ]
   }
  },
  {
   "type": "Feature",
   "properties": {
    "station_id": "waqi_36254881",
    "name": "Темиртау (Правый берег)",
    "city": null,
    "region": null,
    "country": "KZ",
    "lat": 50.102,
    "lon": 72.9,
    "timezone": null,
    "station_type": "government",
    "source": "waqi",
    "operator": "AirKaz.org",
    "is_active": true
   },
   "geometry": {
    "type": "Point",
    "coordinates": [
     72.9,
     50.102
    ]
   }
  },
  {
   "type": "Feature",
   "properties": {
    "station_id": "waqi_36671067",
    "name": "Таусамал",
    "city": null,
    "region": null,
    "country": "KZ",
    "lat": 43.202,
    "lon": 76.812,
    "timezone": null,
    "station_type": "government",
    "source": "waqi",
    "operator": "AirKaz.org",
    "is_active": true
   },
   "geometry": {
    "type": "Point",
    "coordinates": [
     76.812,
     43.202
    ]
   }
  },
  {
   "type": "Feature",
   "properties": {
    "station_id": "waqi_36880579",
    "name": "Белинского 5",
    "city": null,
    "region": null,
    "country": "KZ",
    "lat": 50.318,
    "lon": 57.142,
    "timezone": null,
    "station_type": "government",
    "source": "waqi",
    "operator": "AirKaz.org",
    "is_active": true
   },
   "geometry": {
    "type": "Point",
    "coordinates": [
     57.142,
     50.318
    ]
   }
  },
  {
   "type": "Feature",
   "properties": {
    "station_id": "waqi_37380840",
    "name": "ул.Дулати",
    "city": null,
    "region": null,
    "country": "KZ",
    "lat": 43.17,
    "lon": 76.899,
    "timezone": null,
    "station_type": "government",
    "source": "waqi",
    "operator": "AirKaz.org",
    "is_active": true
   },
   "geometry": {
    "type": "Point",
    "coordinates": [
     76.899,
     43.17
    ]
   }
  },
  {
   "type": "Feature",
   "properties": {
    "station_id": "waqi_37647376",
    "name": "ПНЗ №5",
    "city": null,
    "region": null,
    "country": "KZ",
    "lat": 51.2055,
    "lon": 51.383,
    "timezone": null,
    "station_type": "government",
    "source": "waqi",
    "operator": "AirKaz.org",
    "is_active": true
   },
   "geometry": {
    "type": "Point",
    "coordinates": [
     51.383,
     51.2055
    ]
   }
  },
  {
   "type": "Feature",
   "properties": {
    "station_id": "waqi_37913486",
    "name": "Рыскулова 4Г",
    "city": null,
    "region": null,
    "country": "KZ",
    "lat": 50.316,
    "lon": 57.126,
    "timezone": null,
    "station_type": "government",
    "source": "waqi",
    "operator": "AirKaz.org",
    "is_active": true
   },
   "geometry": {
    "type": "Point",
    "coordinates": [
     57.126,
     50.316
    ]
   }
  },
  {
   "type": "Feature",
   "properties": {
    "station_id": "waqi_37917495",
    "name": "Есенова",
    "city": null,
    "region": null,
    "country": "KZ",
    "lat": 43.293,
    "lon": 76.951,
    "timezone": null,
    "station_type": "government",
    "source": "waqi",
    "operator": "AirKaz.org",
    "is_active": true
   },
   "geometry": {
    "type": "Point",
    "coordinates": [
     76.951,
     43.293
    ]
   }
  },
  {
   "type": "Feature",
   "properties": {
    "station_id": "waqi_37984131",
    "name": "ПНЗ №2",
    "city": null,
    "region": null,
    "country": "KZ",
    "lat": 51.227,
    "lon": 51.427,
    "timezone": null,
    "station_type": "government",
    "source": "waqi",
    "operator": "AirKaz.org",
    "is_active": true
   },
   "geometry": {
    "type": "Point",
    "coordinates": [
     51.427,
     51.227
    ]
   }
  },
  {
   "type": "Feature",
   "properties": {
    "station_id": "waqi_386",
    "name": "Т. Нысанов көшесі, 96",
    "city": null,
    "region": null,
    "country": "KZ",
    "lat": 47.049283055556,
    "lon": 50.871266666667,
    "timezone": null,
    "station_type": "government",
    "source": "waqi",
    "operator": "Қазгидромет - Kazhydromet",
    "is_active": true
   },
   "geometry": {
    "type": "Point",
    "coordinates": [
     50.871266666667,
     47.049283055556
    ]
   }
  },
  {
   "type": "Feature",
   "properties": {
    "station_id": "waqi_388",
    "name": "Гагарин көшесі 216",
    "city": null,
    "region": null,
    "country": "KZ",
    "lat": 45.006943055556,
    "lon": 78.360648055556,
    "timezone": null,
    "station_type": "government",
    "source": "waqi",
    "operator": "Қазгидромет - Kazhydromet",
    "is_active": true
   },
   "geometry": {
    "type": "Point",
    "coordinates": [
     78.360648055556,
     45.006943055556
    ]
   }
  },
  {
   "type": "Feature",
   "properties": {
    "station_id": "waqi_38834077",
    "name": "Dual1",
    "city": null,
    "region": null,
    "country": "KZ",
    "lat": 43.23,
    "lon": 76.9326,
    "timezone": null,
    "station_type": "government",
    "source": "waqi",
    "operator": "AirKaz.org",
    "is_active": true
   },
   "geometry": {
    "type": "Point",
    "coordinates": [
     76.9326,
     43.23
    ]
   }
  },
  {
   "type": "Feature",
   "properties": {
    "station_id": "waqi_38918407",
    "name": "КВД",
    "city": null,
    "region": null,
    "country": "KZ",
    "lat": 52.253,
    "lon": 76.97,
    "timezone": null,
    "station_type": "government",
    "source": "waqi",
    "operator": "AirKaz.org",
    "is_active": true
   },
   "geometry": {
    "type": "Point",
    "coordinates": [
     76.97,
     52.253
    ]
   }
  },
  {
   "type": "Feature",
   "properties": {
    "station_id": "waqi_39",
    "name": "Шуя қалалық ауруханасынан 10 метр. Макаренко",
    "city": null,
    "region": null,
    "country": "KZ",
    "lat": 43.612483055556,
    "lon": 73.744909444444,
    "timezone": null,
    "station_type": "government",
    "source": "waqi",
    "operator": "Қазгидромет - Kazhydromet",
    "is_active": true
   },
   "geometry": {
    "type": "Point",
    "coordinates": [
     73.744909444444,
     43.612483055556
    ]
   }
  },
  {
   "type": "Feature",
   "properties": {
    "station_id": "waqi_391",
    "name": "Индербор ауданының МҮ Н. Меңдіғалиев көшесі 47",
    "city": null,
    "region": null,
    "country": "KZ",
    "lat": 48.555999444444,
    "lon": 51.735083333333,
    "timezone": null,
    "station_type": "government",
    "source": "waqi",
    "operator": "Қазгидромет - Kazhydromet",
    "is_active": true
   },
   "geometry": {
    "type": "Point",
    "coordinates": [
     51.735083333333,
     48.555999444444
    ]
   }
  },
  {
   "type": "Feature",
   "properties": {
    "station_id": "waqi_39168240",
    "name": "Карасу 2",
    "city": null,
    "region": null,
    "country": "KZ",
    "lat": 43.3388,
    "lon": 76.9032,
    "timezone": null,
    "station_type": "government",
    "source": "waqi",
    "operator": "AirKaz.org",
    "is_active": true
   },
   "geometry": {
    "type": "Point",
    "coordinates": [
     76.9032,
     43.3388
    ]
   }
  },
  {
   "type": "Feature",
   "properties": {
    "station_id": "waqi_39379024",
    "name": "Муканова 159",
    "city": null,
    "region": null,
    "country": "KZ",
    "lat": 43.2572,
    "lon": 76.914,
    "timezone": null,
    "station_type": "government",
    "source": "waqi",
    "operator": "AirKaz.org",
    "is_active": true
   },
   "geometry": {
    "type": "Point",
    "coordinates": [
     76.914,
     43.2572
    ]
   }
  },
  {
   "type": "Feature",
   "properties": {
    "station_id": "waqi_396",
    "name": "К. А. Байтұрсынов, 25",
    "city": null,
    "region": null,
    "country": "KZ",
    "lat": 51.123243888889,
    "lon": 71.484431388889,
    "timezone": null,
    "station_type": "government",
    "source": "waqi",
    "operator": "Қазгидромет - Kazhydromet",
    "is_active": true
   },
   "geometry": {
    "type": "Point",
    "coordinates": [
     71.484431388889,
     51.123243888889
    ]
   }
  },
  {
   "type": "Feature",
   "properties": {
    "station_id": "waqi_39681949",
    "name": "ж/м Ала-Тоо",
    "city": null,
    "region": null,
    "country": "KZ",
    "lat": 42.8573,
    "lon": 74.478,
    "timezone": null,
    "station_type": "government",
    "source": "waqi",
    "operator": "AirKaz.org",
    "is_active": true
   },
   "geometry": {
    "type": "Point",
    "coordinates": [
     74.478,
     42.8573
    ]
   }
  },
  {
   "type": "Feature",
   "properties": {
    "station_id": "waqi_399",
    "name": " Затон к-сі, 39",
    "city": null,
    "region": null,
    "country": "KZ",
    "lat": 52.265217222222,
    "lon": 76.937730555556,
    "timezone": null,
    "station_type": "government",
    "source": "waqi",
    "operator": "Қазгидромет - Kazhydromet",
    "is_active": true
   },
   "geometry": {
    "type": "Point",
    "coordinates": [
     76.937730555556,
     52.265217222222
    ]
   }
  },
  {
   "type": "Feature",
   "properties": {
    "station_id": "waqi_404",
    "name": "343 квартал көшесі, 13/2",
    "city": null,
    "region": null,
    "country": "KZ",
    "lat": 50.436745555556,
    "lon": 80.243555833333,
    "timezone": null,
    "station_type": "government",
    "source": "waqi",
    "operator": "Қазгидромет - Kazhydromet",
    "is_active": true
   },
   "geometry": {
    "type": "Point",
    "coordinates": [
     80.243555833333,
     50.436745555556
    ]
   }
  },
  {
   "type": "Feature",
   "properties": {
    "station_id": "waqi_408",
    "name": "Широкая көшесі, 44",
    "city": null,
    "region": null,
    "country": "KZ",
    "lat": 49.978388333333,
    "lon": 82.635583055556,
    "timezone": null,
    "station_type": "government",
    "source": "waqi",
    "operator": "Қазгидромет - Kazhydromet",
    "is_active": true
   },
   "geometry": {
    "type": "Point",
    "coordinates": [
     82.635583055556,
     49.978388333333
    ]
   }
  },
  {
   "type": "Feature",
   "properties": {
    "station_id": "waqi_412",
    "name": "Алашахан даңғылы, 43Д",
    "city": null,
    "region": null,
    "country": "KZ",
    "lat": 47.807519722222,
    "lon": 67.686633888889,
    "timezone": null,
    "station_type": "government",
    "source": "waqi",
    "operator": "Қазгидромет - Kazhydromet",
    "is_active": true
   },
   "geometry": {
    "type": "Point",
    "coordinates": [
     67.686633888889,
     47.807519722222
    ]
   }
  },
  {
   "type": "Feature",
   "properties": {
    "station_id": "waqi_414",
    "name": "Бабыр би көшесі, 5",
    "city": null,
    "region": null,
    "country": "KZ",
    "lat": 47.89399,
    "lon": 67.542160833333,
    "timezone": null,
    "station_type": "government",
    "source": "waqi",
    "operator": "Қазгидромет - Kazhydromet",
    "is_active": true
   },
   "geometry": {
    "type": "Point",
    "coordinates": [
     67.542160833333,
     47.89399
    ]
   }
  },
  {
   "type": "Feature",
   "properties": {
    "station_id": "waqi_415",
    "name": "Ұлытау 108",
    "city": null,
    "region": null,
    "country": "KZ",
    "lat": 47.900828333333,
    "lon": 67.521771388889,
    "timezone": null,
    "station_type": "government",
    "source": "waqi",
    "operator": "Қазгидромет - Kazhydromet",
    "is_active": true
   },
   "geometry": {
    "type": "Point",
    "coordinates": [
     67.521771388889,
     47.900828333333
    ]
   }
  },
  {
   "type": "Feature",
   "properties": {
    "station_id": "waqi_419",
    "name": "Әуежай маңындағы дачалар",
    "city": null,
    "region": null,
    "country": "KZ",
    "lat": 47.722166666667,
    "lon": 67.714888888889,
    "timezone": null,
    "station_type": "government",
    "source": "waqi",
    "operator": "Қазгидромет - Kazhydromet",
    "is_active": true
   },
   "geometry": {
    "type": "Point",
    "coordinates": [
     67.714888888889,
     47.722166666667
    ]
   }
  },
  {
   "type": "Feature",
   "properties": {
    "station_id": "waqi_421",
    "name": "Құсайынова көшесі, 9",
    "city": null,
    "region": null,
    "country": "KZ",
    "lat": 47.901361111111,
    "lon": 67.532777777778,
    "timezone": null,
    "station_type": "government",
    "source": "waqi",
    "operator": "Қазгидромет - Kazhydromet",
    "is_active": true
   },
   "geometry": {
    "type": "Point",
    "coordinates": [
     67.532777777778,
     47.901361111111
    ]
   }
  },
  {
   "type": "Feature",
   "properties": {
    "station_id": "waqi_42963368",
    "name": "Курсай",
    "city": null,
    "region": null,
    "country": "KZ",
    "lat": 47.067,
    "lon": 51.886,
    "timezone": null,
    "station_type": "government",
    "source": "waqi",
    "operator": "AirKaz.org",
    "is_active": true
   },
   "geometry": {
    "type": "Point",
    "coordinates": [
     51.886,
     47.067
    ]
   }
  },
  {
   "type": "Feature",
   "properties": {
    "station_id": "waqi_43241",
    "name": "Kazakhstan International School",
    "city": null,
    "region": null,
    "country": "KZ",
    "lat": 43.206642,
    "lon": 76.922905,
    "timezone": null,
    "station_type": "government",
    "source": "waqi",
    "operator": "Purple Air",
    "is_active": true
   },
   "geometry": {
    "type": "Point",
    "coordinates": [
     76.922905,
     43.206642
    ]
   }
  },
  {
   "type": "Feature",
   "properties": {
    "station_id": "waqi_44593049",
    "name": "ПНЗ №5",
    "city": null,
    "region": null,
    "country": "KZ",
    "lat": 51.158,
    "lon": 71.415,
    "timezone": null,
    "station_type": "government",
    "source": "waqi",
    "operator": "AirKaz.org",
    "is_active": true
   },
   "geometry": {
    "type": "Point",
    "coordinates": [
     71.415,
     51.158
    ]
   }
  },
  {
   "type": "Feature",
   "properties": {
    "station_id": "waqi_45",
    "name": "Қосай ата көшесі 15 (Ы.Алтынсарин)",
    "city": null,
    "region": null,
    "country": "KZ",
    "lat": 45.324271666667,
    "lon": 55.186155277778,
    "timezone": null,
    "station_type": "government",
    "source": "waqi",
    "operator": "Қазгидромет - Kazhydromet",
    "is_active": true
   },
   "geometry": {
    "type": "Point",
    "coordinates": [
     55.186155277778,
     45.324271666667
    ]
   }
  },
  {
   "type": "Feature",
   "properties": {
    "station_id": "waqi_45968703",
    "name": "ПНЗ №2",
    "city": null,
    "region": null,
    "country": "KZ",
    "lat": 51.171,
    "lon": 71.424,
    "timezone": null,
    "station_type": "government",
    "source": "waqi",
    "operator": "AirKaz.org",
    "is_active": true
   },
   "geometry": {
    "type": "Point",
    "coordinates": [
     71.424,
     51.171
    ]
   }
  },
  {
   "type": "Feature",
   "properties": {
    "station_id": "waqi_48",
    "name": "  Торайғыров генералы Дүйсенов көшесі",
    "city": null,
    "region": null,
    "country": "KZ",
    "lat": 52.294865277778,
    "lon": 76.942828333333,
    "timezone": null,
    "station_type": "government",
    "source": "waqi",
    "operator": "Қазгидромет - Kazhydromet",
    "is_active": true
   },
   "geometry": {
    "type": "Point",
    "coordinates": [
     76.942828333333,
     52.294865277778
    ]
   }
  },
  {
   "type": "Feature",
   "properties": {
    "station_id": "waqi_48548155",
    "name": "ПИМК",
    "city": null,
    "region": null,
    "country": "KZ",
    "lat": 52.287,
    "lon": 76.983,
    "timezone": null,
    "station_type": "government",
    "source": "waqi",
    "operator": "AirKaz.org",
    "is_active": true
   },
   "geometry": {
    "type": "Point",
    "coordinates": [
     76.983,
     52.287
    ]
   }
  },
  {
   "type": "Feature",
   "properties": {
    "station_id": "waqi_51",
    "name": "Берденов көш.,6",
    "city": null,
    "region": null,
    "country": "KZ",
    "lat": 44.846771111111,
    "lon": 65.486767222222,
    "timezone": null,
    "station_type": "government",
    "source": "waqi",
    "operator": "Қазгидромет - Kazhydromet",
    "is_active": true
   },
   "geometry": {
    "type": "Point",
    "coordinates": [
     65.486767222222,
     44.846771111111
    ]
   }
  },
  {
   "type": "Feature",
   "properties": {
    "station_id": "waqi_52798",
    "name": "Герцена улица",
    "city": null,
    "region": null,
    "country": "KZ",
    "lat": 42.872,
    "lon": 74.622,
    "timezone": null,
    "station_type": "government",
    "source": "waqi",
    "operator": "Citizen Science project sensor.community",
    "is_active": true
   },
   "geometry": {
    "type": "Point",
    "coordinates": [
     74.622,
     42.872
    ]
   }
  },
  {
   "type": "Feature",
   "properties": {
    "station_id": "waqi_55837",
    "name": "microrayon Kok-Jar",
    "city": null,
    "region": null,
    "country": "KZ",
    "lat": 42.8500560033,
    "lon": 74.63297009468,
    "timezone": null,
    "station_type": "government",
    "source": "waqi",
    "operator": "Citizen Science project sensor.community",
    "is_active": true
   },
   "geometry": {
    "type": "Point",
    "coordinates": [
     74.63297009468,
     42.8500560033
    ]
   }
  },
  {
   "type": "Feature",
   "properties": {
    "station_id": "waqi_57",
    "name": "Түрксіб ауданы, ауданы, №32 жалпы білім беретін мектеп",
    "city": null,
    "region": null,
    "country": "KZ",
    "lat": 43.373304166667,
    "lon": 76.992638888889,
    "timezone": null,
    "station_type": "government",
    "source": "waqi",
    "operator": "Қазгидромет - Kazhydromet",
    "is_active": true
   },
   "geometry": {
    "type": "Point",
    "coordinates": [
     76.992638888889,
     43.373304166667
    ]
   }
  },
  {
   "type": "Feature",
   "properties": {
    "station_id": "waqi_58",
    "name": "Алатау ауданы, Момышұлы көшесіндегі «Алматы аренасы» мұз айдыны",
    "city": null,
    "region": null,
    "country": "KZ",
    "lat": 43.263798333333,
    "lon": 76.8147375,
    "timezone": null,
    "station_type": "government",
    "source": "waqi",
    "operator": "Қазгидромет - Kazhydromet",
    "is_active": true
   },
   "geometry": {
    "type": "Point",
    "coordinates": [
     76.8147375,
     43.263798333333
    ]
   }
  },
  {
   "type": "Feature",
   "properties": {
    "station_id": "waqi_59",
    "name": "Жетісу ауданы, аум. Жетісу ауданының \"Құлагер\"ықшам ауданы",
    "city": null,
    "region": null,
    "country": "KZ",
    "lat": 43.3007925,
    "lon": 76.925219444444,
    "timezone": null,
    "station_type": "government",
    "source": "waqi",
    "operator": "Қазгидромет - Kazhydromet",
    "is_active": true
   },
   "geometry": {
    "type": "Point",
    "coordinates": [
     76.925219444444,
     43.3007925
    ]
   }
  },
  {
   "type": "Feature",
   "properties": {
    "station_id": "waqi_6",
    "name": "Розыбакиева - Байкадамова",
    "city": null,
    "region": null,
    "country": "KZ",
    "lat": 43.214,
    "lon": 76.893,
    "timezone": null,
    "station_type": "government",
    "source": "waqi",
    "operator": "AirKaz.org",
    "is_active": true
   },
   "geometry": {
    "type": "Point",
    "coordinates": [
     76.893,
     43.214
    ]
   }
  },
  {
   "type": "Feature",
   "properties": {
    "station_id": "waqi_60",
    "name": "Медеу ауданы, «Халық аренасы» мұз айдыны, «Думан» шағын ауданы",
    "city": null,
    "region": null,
    "country": "KZ",
    "lat": 43.288378333333,
    "lon": 76.991639166667,
    "timezone": null,
    "station_type": "government",
    "source": "waqi",
    "operator": "Қазгидромет - Kazhydromet",
    "is_active": true
   },
   "geometry": {
    "type": "Point",
    "coordinates": [
     76.991639166667,
     43.288378333333
    ]
   }
  },
  {
   "type": "Feature",
   "properties": {
    "station_id": "waqi_65242",
    "name": "улица Жамакаева",
    "city": null,
    "region": null,
    "country": "KZ",
    "lat": 43.21126910743,
    "lon": 76.94824486971,
    "timezone": null,
    "station_type": "government",
    "source": "waqi",
    "operator": "Citizen Science project sensor.community",
    "is_active": true
   },
   "geometry": {
    "type": "Point",
    "coordinates": [
     76.94824486971,
     43.21126910743
    ]
   }
  },
  {
   "type": "Feature",
   "properties": {
    "station_id": "waqi_73",
    "name": "Набиева 26 көшесі",
    "city": null,
    "region": null,
    "country": "KZ",
    "lat": 52.46618,
    "lon": 71.987578055556,
    "timezone": null,
    "station_type": "government",
    "source": "waqi",
    "operator": "Қазгидромет - Kazhydromet",
    "is_active": true
   },
   "geometry": {
    "type": "Point",
    "coordinates": [
     71.987578055556,
     52.46618
    ]
   }
  },
  {
   "type": "Feature",
   "properties": {
    "station_id": "waqi_74",
    "name": "Бурабай кенті, Кенесары көшесі, 45 (мектеп аумағы. С. Сейфуллин)",
    "city": null,
    "region": null,
    "country": "KZ",
    "lat": 53.085925,
    "lon": 70.301633055556,
    "timezone": null,
    "station_type": "government",
    "source": "waqi",
    "operator": "Қазгидромет - Kazhydromet",
    "is_active": true
   },
   "geometry": {
    "type": "Point",
    "coordinates": [
     70.301633055556,
     53.085925
    ]
   }
  },
  {
   "type": "Feature",
   "properties": {
    "station_id": "waqi_76617",
    "name": "Баялинова улица",
    "city": null,
    "region": null,
    "country": "KZ",
    "lat": 42.816,
    "lon": 74.648,
    "timezone": null,
    "station_type": "government",
    "source": "waqi",
    "operator": "Citizen Science project sensor.community",
    "is_active": true
   },
   "geometry": {
    "type": "Point",
    "coordinates": [
     74.648,
     42.816
    ]
   }
  },
  {
   "type": "Feature",
   "properties": {
    "station_id": "waqi_77",
    "name": "Бородин к-сі, №144 үйдің ауданы",
    "city": null,
    "region": null,
    "country": "KZ",
    "lat": 53.228382222222,
    "lon": 63.630640277778,
    "timezone": null,
    "station_type": "government",
    "source": "waqi",
    "operator": "Қазгидромет - Kazhydromet",
    "is_active": true
   },
   "geometry": {
    "type": "Point",
    "coordinates": [
     63.630640277778,
     53.228382222222
    ]
   }
  },
  {
   "type": "Feature",
   "properties": {
    "station_id": "waqi_78",
    "name": "Маяковский және Волынов көш. Қиылысы",
    "city": null,
    "region": null,
    "country": "KZ",
    "lat": 53.176315277778,
    "lon": 63.607446944444,
    "timezone": null,
    "station_type": "government",
    "source": "waqi",
    "operator": "Қазгидромет - Kazhydromet",
    "is_active": true
   },
   "geometry": {
    "type": "Point",
    "coordinates": [
     63.607446944444,
     53.176315277778
    ]
   }
  },
  {
   "type": "Feature",
   "properties": {
    "station_id": "waqi_78340",
    "name": "Dostyk Avenue",
    "city": null,
    "region": null,
    "country": "KZ",
    "lat": 43.24740500169,
    "lon": 76.95690894212,
    "timezone": null,
    "station_type": "government",
    "source": "waqi",
    "operator": "Citizen Science project sensor.community",
    "is_active": true
   },
   "geometry": {
    "type": "Point",
    "coordinates": [
     76.95690894212,
     43.24740500169
    ]
   }
  },
  {
   "type": "Feature",
   "properties": {
    "station_id": "waqi_82475",
    "name": "Алматы санаторий",
    "city": null,
    "region": null,
    "country": "KZ",
    "lat": 43.176,
    "lon": 76.872,
    "timezone": null,
    "station_type": "government",
    "source": "waqi",
    "operator": "Citizen Science project sensor.community",
    "is_active": true
   },
   "geometry": {
    "type": "Point",
    "coordinates": [
     76.872,
     43.176
    ]
   }
  },
  {
   "type": "Feature",
   "properties": {
    "station_id": "waqi_82729",
    "name": "улица Монтажная",
    "city": null,
    "region": null,
    "country": "KZ",
    "lat": 43.33317095357,
    "lon": 76.98168933392,
    "timezone": null,
    "station_type": "government",
    "source": "waqi",
    "operator": "Citizen Science project sensor.community",
    "is_active": true
   },
   "geometry": {
    "type": "Point",
    "coordinates": [
     76.98168933392,
     43.33317095357
    ]
   }
  },
  {
   "type": "Feature",
   "properties": {
    "station_id": "waqi_84862",
    "name": "Жунисова улица",
    "city": null,
    "region": null,
    "country": "KZ",
    "lat": 43.218,
    "lon": 76.79,
    "timezone": null,
    "station_type": "government",
    "source": "waqi",
    "operator": "Citizen Science project sensor.community",
    "is_active": true
   },
   "geometry": {
    "type": "Point",
    "coordinates": [
     76.79,
     43.218
    ]
   }
  },
  {
   "type": "Feature",
   "properties": {
    "station_id": "waqi_89403",
    "name": "Майкудук",
    "city": null,
    "region": null,
    "country": "KZ",
    "lat": 49.89694734144,
    "lon": 73.21129202843,
    "timezone": null,
    "station_type": "government",
    "source": "waqi",
    "operator": "Citizen Science project sensor.community",
    "is_active": true
   },
   "geometry": {
    "type": "Point",
    "coordinates": [
     73.21129202843,
     49.89694734144
    ]
   }
  },
  {
   "type": "Feature",
   "properties": {
    "station_id": "waqi_89417",
    "name": "улица Терешковой",
    "city": null,
    "region": null,
    "country": "KZ",
    "lat": 49.824,
    "lon": 73.122,
    "timezone": null,
    "station_type": "government",
    "source": "waqi",
    "operator": "Citizen Science project sensor.community",
    "is_active": true
   },
   "geometry": {
    "type": "Point",
    "coordinates": [
     73.122,
     49.824
    ]
   }
  },
  {
   "type": "Feature",
   "properties": {
    "station_id": "waqi_89748",
    "name": "Проспект Нурсултана Назарбаева",
    "city": null,
    "region": null,
    "country": "KZ",
    "lat": 49.81513369921,
    "lon": 73.10452669859,
    "timezone": null,
    "station_type": "government",
    "source": "waqi",
    "operator": "Citizen Science project sensor.community",
    "is_active": true
   },
   "geometry": {
    "type": "Point",
    "coordinates": [
     73.10452669859,
     49.81513369921
    ]
   }
  },
  {
   "type": "Feature",
   "properties": {
    "station_id": "waqi_9",
    "name": "Ерменсай",
    "city": null,
    "region": null,
    "country": "KZ",
    "lat": 43.174,
    "lon": 76.917,
    "timezone": null,
    "station_type": "government",
    "source": "waqi",
    "operator": "AirKaz.org",
    "is_active": true
   },
   "geometry": {
    "type": "Point",
    "coordinates": [
     76.917,
     43.174
    ]
   }
  },
  {
   "type": "Feature",
   "properties": {
    "station_id": "waqi_90941",
    "name": "Abay avenue",
    "city": null,
    "region": null,
    "country": "KZ",
    "lat": 43.226,
    "lon": 76.862,
    "timezone": null,
    "station_type": "government",
    "source": "waqi",
    "operator": "Citizen Science project sensor.community",
    "is_active": true
   },
   "geometry": {
    "type": "Point",
    "coordinates": [
     76.862,
     43.226
    ]
   }
  },
  {
   "type": "Feature",
   "properties": {
    "station_id": "waqi_93571",
    "name": "Майқұдық",
    "city": null,
    "region": null,
    "country": "KZ",
    "lat": 49.85318928967,
    "lon": 73.18899750611,
    "timezone": null,
    "station_type": "government",
    "source": "waqi",
    "operator": "Citizen Science project sensor.community",
    "is_active": true
   },
   "geometry": {
    "type": "Point",
    "coordinates": [
     73.18899750611,
     49.85318928967
    ]
   }
  },
  {
   "type": "Feature",
   "properties": {
    "station_id": "waqi_97",
    "name": "Ахметов көшесі, 50",
    "city": null,
    "region": null,
    "country": "KZ",
    "lat": 43.3637,
    "lon": 77.004377222222,
    "timezone": null,
    "station_type": "government",
    "source": "waqi",
    "operator": "Қазгидромет - Kazhydromet",
    "is_active": true
   },
   "geometry": {
    "type": "Point",
    "coordinates": [
     77.004377222222,
     43.3637
    ]
   }
  },
  {
   "type": "Feature",
   "properties": {
    "station_id": "waqi_97584",
    "name": "улица Таджикская",
    "city": null,
    "region": null,
    "country": "KZ",
    "lat": 43.26,
    "lon": 76.878,
    "timezone": null,
    "station_type": "government",
    "source": "waqi",
    "operator": "Citizen Science project sensor.community",
    "is_active": true
   },
   "geometry": {
    "type": "Point",
    "coordinates": [
     76.878,
     43.26
    ]
   }
  },
  {
   "type": "Feature",
   "properties": {
    "station_id": "waqi_999",
    "name": "Звездная поляна",
    "city": null,
    "region": null,
    "country": "KZ",
    "lat": 43.1333,
    "lon": 76.8695,
    "timezone": null,
    "station_type": "government",
    "source": "waqi",
    "operator": "AirKaz.org",
    "is_active": true
   },
   "geometry": {
    "type": "Point",
    "coordinates": [
     76.8695,
     43.1333
    ]
   }
  },
  {
   "type": "Feature",
   "properties": {
    "station_id": "waqi_airkaz/34703847",
    "name": "ул.Туруспекова",
    "city": null,
    "region": null,
    "country": "KZ",
    "lat": 43.178,
    "lon": 76.87,
    "timezone": null,
    "station_type": "government",
    "source": "waqi",
    "operator": "NASA CSESP / RTI",
    "is_active": true
   },
   "geometry": {
    "type": "Point",
    "coordinates": [
     76.87,
     43.178
    ]
   }
  },
  {
   "type": "Feature",
   "properties": {
    "station_id": "waqi_dadkd2421",
    "name": "ул.Касымбека/ул.Слиева, р-н ТЭЦ",
    "city": null,
    "region": null,
    "country": "UZ",
    "lat": 40.56844,
    "lon": 72.80311,
    "timezone": null,
    "station_type": "government",
    "source": "waqi",
    "operator": "Clarity",
    "is_active": true
   },
   "geometry": {
    "type": "Point",
    "coordinates": [
     72.80311,
     40.56844
    ]
   }
  },
  {
   "type": "Feature",
   "properties": {
    "station_id": "waqi_daevk9013",
    "name": "Alatau",
    "city": null,
    "region": null,
    "country": "KZ",
    "lat": 43.176578104286946,
    "lon": 76.89770583884861,
    "timezone": null,
    "station_type": "government",
    "source": "waqi",
    "operator": "Clarity",
    "is_active": true
   },
   "geometry": {
    "type": "Point",
    "coordinates": [
     76.89770583884861,
     43.176578104286946
    ]
   }
  },
  {
   "type": "Feature",
   "properties": {
    "station_id": "waqi_dafsv7846",
    "name": "Молодежный квартал 263, Токтоналивева",
    "city": null,
    "region": null,
    "country": "KZ",
    "lat": 42.825257,
    "lon": 74.590842,
    "timezone": null,
    "station_type": "government",
    "source": "waqi",
    "operator": "Clarity",
    "is_active": true
   },
   "geometry": {
    "type": "Point",
    "coordinates": [
     74.590842,
     42.825257
    ]
   }
  },
  {
   "type": "Feature",
   "properties": {
    "station_id": "waqi_daiey0809",
    "name": "Mamyr-3",
    "city": null,
    "region": null,
    "country": "KZ",
    "lat": 43.21431008497455,
    "lon": 76.85549980598847,
    "timezone": null,
    "station_type": "government",
    "source": "waqi",
    "operator": "Clarity",
    "is_active": true
   },
   "geometry": {
    "type": "Point",
    "coordinates": [
     76.85549980598847,
     43.21431008497455
    ]
   }
  },
  {
   "type": "Feature",
   "properties": {
    "station_id": "waqi_daifk5203",
    "name": "Kokkainar Micro",
    "city": null,
    "region": null,
    "country": "KZ",
    "lat": 43.290757,
    "lon": 76.841229,
    "timezone": null,
    "station_type": "government",
    "source": "waqi",
    "operator": "Clarity",
    "is_active": true
   },
   "geometry": {
    "type": "Point",
    "coordinates": [
     76.841229,
     43.290757
    ]
   }
  },
  {
   "type": "Feature",
   "properties": {
    "station_id": "waqi_dbzww0990",
    "name": "парк Им. А.Боталиева",
    "city": null,
    "region": null,
    "country": "KZ",
    "lat": 42.9069472,
    "lon": 74.5856928,
    "timezone": null,
    "station_type": "government",
    "source": "waqi",
    "operator": "Clarity",
    "is_active": true
   },
   "geometry": {
    "type": "Point",
    "coordinates": [
     74.5856928,
     42.9069472
    ]
   }
  },
  {
   "type": "Feature",
   "properties": {
    "station_id": "waqi_dcahw9133",
    "name": "с.Байтик ",
    "city": null,
    "region": null,
    "country": "KZ",
    "lat": 42.740494,
    "lon": 74.553609,
    "timezone": null,
    "station_type": "government",
    "source": "waqi",
    "operator": "Clarity",
    "is_active": true
   },
   "geometry": {
    "type": "Point",
    "coordinates": [
     74.553609,
     42.740494
    ]
   }
  },
  {
   "type": "Feature",
   "properties": {
    "station_id": "waqi_dcbmw8482",
    "name": "Институт Физической культуры (КГАФКиС)",
    "city": null,
    "region": null,
    "country": "KZ",
    "lat": 42.845159,
    "lon": 74.615772,
    "timezone": null,
    "station_type": "government",
    "source": "waqi",
    "operator": "Clarity",
    "is_active": true
   },
   "geometry": {
    "type": "Point",
    "coordinates": [
     74.615772,
     42.845159
    ]
   }
  },
  {
   "type": "Feature",
   "properties": {
    "station_id": "waqi_dcbvw2970",
    "name": "Elaman 105 St.",
    "city": null,
    "region": null,
    "country": "KZ",
    "lat": 43.368606872490815,
    "lon": 76.94705072701963,
    "timezone": null,
    "station_type": "government",
    "source": "waqi",
    "operator": "Clarity",
    "is_active": true
   },
   "geometry": {
    "type": "Point",
    "coordinates": [
     76.94705072701963,
     43.368606872490815
    ]
   }
  },
  {
   "type": "Feature",
   "properties": {
    "station_id": "waqi_dcdex9834",
    "name": "ж/м Рухий Мурас",
    "city": null,
    "region": null,
    "country": "KZ",
    "lat": 42.859203,
    "lon": 74.696642,
    "timezone": null,
    "station_type": "government",
    "source": "waqi",
    "operator": "Clarity",
    "is_active": true
   },
   "geometry": {
    "type": "Point",
    "coordinates": [
     74.696642,
     42.859203
    ]
   }
  },
  {
   "type": "Feature",
   "properties": {
    "station_id": "waqi_dchry4320",
    "name": "Gymnasium 39",
    "city": null,
    "region": null,
    "country": "KZ",
    "lat": 43.3481851029586,
    "lon": 76.843300856246,
    "timezone": null,
    "station_type": "government",
    "source": "waqi",
    "operator": "Clarity",
    "is_active": true
   },
   "geometry": {
    "type": "Point",
    "coordinates": [
     76.843300856246,
     43.3481851029586
    ]
   }
  },
  {
   "type": "Feature",
   "properties": {
    "station_id": "waqi_dchth6363",
    "name": "Ататюрк парк",
    "city": null,
    "region": null,
    "country": "KZ",
    "lat": 42.8412637,
    "lon": 74.5950722,
    "timezone": null,
    "station_type": "government",
    "source": "waqi",
    "operator": "Clarity",
    "is_active": true
   },
   "geometry": {
    "type": "Point",
    "coordinates": [
     74.5950722,
     42.8412637
    ]
   }
  },
  {
   "type": "Feature",
   "properties": {
    "station_id": "waqi_dckiz5597",
    "name": "ж/м Дордой. ПНЗ-7",
    "city": null,
    "region": null,
    "country": "KZ",
    "lat": 42.9292579,
    "lon": 74.6118202,
    "timezone": null,
    "station_type": "government",
    "source": "waqi",
    "operator": "Clarity",
    "is_active": true
   },
   "geometry": {
    "type": "Point",
    "coordinates": [
     74.6118202,
     42.9292579
    ]
   }
  },
  {
   "type": "Feature",
   "properties": {
    "station_id": "waqi_dcmhe1990",
    "name": "ж/м Бакай-Ата",
    "city": null,
    "region": null,
    "country": "KZ",
    "lat": 42.8993262,
    "lon": 74.6449596,
    "timezone": null,
    "station_type": "government",
    "source": "waqi",
    "operator": "Clarity",
    "is_active": true
   },
   "geometry": {
    "type": "Point",
    "coordinates": [
     74.6449596,
     42.8993262
    ]
   }
  },
  {
   "type": "Feature",
   "properties": {
    "station_id": "waqi_dcrrq3470",
    "name": "169 School",
    "city": null,
    "region": null,
    "country": "KZ",
    "lat": 43.29713287788326,
    "lon": 76.86110376445615,
    "timezone": null,
    "station_type": "government",
    "source": "waqi",
    "operator": "Clarity",
    "is_active": true
   },
   "geometry": {
    "type": "Point",
    "coordinates": [
     76.86110376445615,
     43.29713287788326
    ]
   }
  },
  {
   "type": "Feature",
   "properties": {
    "station_id": "waqi_ddskf8176",
    "name": "Учкун ж/м",
    "city": null,
    "region": null,
    "country": "KZ",
    "lat": 42.868384,
    "lon": 74.691533,
    "timezone": null,
    "station_type": "government",
    "source": "waqi",
    "operator": "Clarity",
    "is_active": true
   },
   "geometry": {
    "type": "Point",
    "coordinates": [
     74.691533,
     42.868384
    ]
   }
  },
  {
   "type": "Feature",
   "properties": {
    "station_id": "waqi_dflpk7368",
    "name": "мкр.Джал, Кыргыз-Түрк \"Манас\" университети",
    "city": null,
    "region": null,
    "country": "KZ",
    "lat": 42.8353206,
    "lon": 74.5700062,
    "timezone": null,
    "station_type": "government",
    "source": "waqi",
    "operator": "Clarity",
    "is_active": true
   },
   "geometry": {
    "type": "Point",
    "coordinates": [
     74.5700062,
     42.8353206
    ]
   }
  },
  {
   "type": "Feature",
   "properties": {
    "station_id": "waqi_dfnzg1414",
    "name": "ж/м Ак-Орго, Школа 77",
    "city": null,
    "region": null,
    "country": "KZ",
    "lat": 42.840507,
    "lon": 74.518771,
    "timezone": null,
    "station_type": "government",
    "source": "waqi",
    "operator": "Clarity",
    "is_active": true
   },
   "geometry": {
    "type": "Point",
    "coordinates": [
     74.518771,
     42.840507
    ]
   }
  },
  {
   "type": "Feature",
   "properties": {
    "station_id": "waqi_dfqnj9727",
    "name": "ТЭЦ Бишкек",
    "city": null,
    "region": null,
    "country": "KZ",
    "lat": 42.875313,
    "lon": 74.654148,
    "timezone": null,
    "station_type": "government",
    "source": "waqi",
    "operator": "Clarity",
    "is_active": true
   },
   "geometry": {
    "type": "Point",
    "coordinates": [
     74.654148,
     42.875313
    ]
   }
  },
  {
   "type": "Feature",
   "properties": {
    "station_id": "waqi_dfvgp0935",
    "name": "Кыргыз-Түрк Манас университети",
    "city": null,
    "region": null,
    "country": "KZ",
    "lat": 42.8353206,
    "lon": 74.5700062,
    "timezone": null,
    "station_type": "government",
    "source": "waqi",
    "operator": "Clarity",
    "is_active": true
   },
   "geometry": {
    "type": "Point",
    "coordinates": [
     74.5700062,
     42.8353206
    ]
   }
  },
  {
   "type": "Feature",
   "properties": {
    "station_id": "waqi_dgzte1275",
    "name": "ул.Салиева 53, ПНЗ-3",
    "city": null,
    "region": null,
    "country": "KZ",
    "lat": 42.8840071,
    "lon": 74.6469541,
    "timezone": null,
    "station_type": "government",
    "source": "waqi",
    "operator": "Clarity",
    "is_active": true
   },
   "geometry": {
    "type": "Point",
    "coordinates": [
     74.6469541,
     42.8840071
    ]
   }
  },
  {
   "type": "Feature",
   "properties": {
    "station_id": "waqi_dhdbp2791",
    "name": "s. Orto - Say",
    "city": null,
    "region": null,
    "country": "KZ",
    "lat": 42.803709,
    "lon": 74.591334,
    "timezone": null,
    "station_type": "government",
    "source": "waqi",
    "operator": "Clarity",
    "is_active": true
   },
   "geometry": {
    "type": "Point",
    "coordinates": [
     74.591334,
     42.803709
    ]
   }
  },
  {
   "type": "Feature",
   "properties": {
    "station_id": "waqi_dhyvp4159",
    "name": "Рабочий городок",
    "city": null,
    "region": null,
    "country": "KZ",
    "lat": 42.851912,
    "lon": 74.568435,
    "timezone": null,
    "station_type": "government",
    "source": "waqi",
    "operator": "Clarity",
    "is_active": true
   },
   "geometry": {
    "type": "Point",
    "coordinates": [
     74.568435,
     42.851912
    ]
   }
  },
  {
   "type": "Feature",
   "properties": {
    "station_id": "waqi_dibru2953",
    "name": "ж/м Ак-Ордо, ул.Кошой-Коргон 2",
    "city": null,
    "region": null,
    "country": "KZ",
    "lat": 42.852604,
    "lon": 74.506801,
    "timezone": null,
    "station_type": "government",
    "source": "waqi",
    "operator": "Clarity",
    "is_active": true
   },
   "geometry": {
    "type": "Point",
    "coordinates": [
     74.506801,
     42.852604
    ]
   }
  },
  {
   "type": "Feature",
   "properties": {
    "station_id": "waqi_diilm8041",
    "name": "Гос.резиденция",
    "city": null,
    "region": null,
    "country": "KZ",
    "lat": 42.805435,
    "lon": 74.626845,
    "timezone": null,
    "station_type": "government",
    "source": "waqi",
    "operator": "Clarity",
    "is_active": true
   },
   "geometry": {
    "type": "Point",
    "coordinates": [
     74.626845,
     42.805435
    ]
   }
  },
  {
   "type": "Feature",
   "properties": {
    "station_id": "waqi_diiwf2739",
    "name": "Detsad School",
    "city": null,
    "region": null,
    "country": "KZ",
    "lat": 43.31276134876108,
    "lon": 76.87604335791103,
    "timezone": null,
    "station_type": "government",
    "source": "waqi",
    "operator": "Clarity",
    "is_active": true
   },
   "geometry": {
    "type": "Point",
    "coordinates": [
     76.87604335791103,
     43.31276134876108
    ]
   }
  },
  {
   "type": "Feature",
   "properties": {
    "station_id": "waqi_dimhw7507",
    "name": "ул,Юлиуса Фучика/пер. Сергея Лазо",
    "city": null,
    "region": null,
    "country": "KZ",
    "lat": 42.8909495,
    "lon": 74.5469496,
    "timezone": null,
    "station_type": "government",
    "source": "waqi",
    "operator": "Clarity",
    "is_active": true
   },
   "geometry": {
    "type": "Point",
    "coordinates": [
     74.5469496,
     42.8909495
    ]
   }
  },
  {
   "type": "Feature",
   "properties": {
    "station_id": "waqi_diwev3860",
    "name": "School 190",
    "city": null,
    "region": null,
    "country": "KZ",
    "lat": 43.15475667376976,
    "lon": 76.89920068011332,
    "timezone": null,
    "station_type": "government",
    "source": "waqi",
    "operator": "Clarity",
    "is_active": true
   },
   "geometry": {
    "type": "Point",
    "coordinates": [
     76.89920068011332,
     43.15475667376976
    ]
   }
  },
  {
   "type": "Feature",
   "properties": {
    "station_id": "waqi_djrcu0330",
    "name": "School 160",
    "city": null,
    "region": null,
    "country": "KZ",
    "lat": 43.335836109307266,
    "lon": 76.91287406657065,
    "timezone": null,
    "station_type": "government",
    "source": "waqi",
    "operator": "Clarity",
    "is_active": true
   },
   "geometry": {
    "type": "Point",
    "coordinates": [
     76.91287406657065,
     43.335836109307266
    ]
   }
  },
  {
   "type": "Feature",
   "properties": {
    "station_id": "waqi_dkike9668",
    "name": "12-микрорайон",
    "city": null,
    "region": null,
    "country": "KZ",
    "lat": 42.8117197,
    "lon": 74.6409131,
    "timezone": null,
    "station_type": "government",
    "source": "waqi",
    "operator": "Clarity",
    "is_active": true
   },
   "geometry": {
    "type": "Point",
    "coordinates": [
     74.6409131,
     42.8117197
    ]
   }
  },
  {
   "type": "Feature",
   "properties": {
    "station_id": "waqi_dkitu2463",
    "name": "AsiaFood",
    "city": null,
    "region": null,
    "country": "KZ",
    "lat": 43.24283186562071,
    "lon": 76.82871773078021,
    "timezone": null,
    "station_type": "government",
    "source": "waqi",
    "operator": "Clarity",
    "is_active": true
   },
   "geometry": {
    "type": "Point",
    "coordinates": [
     76.82871773078021,
     43.24283186562071
    ]
   }
  },
  {
   "type": "Feature",
   "properties": {
    "station_id": "waqi_dkqkp7937",
    "name": "Zhetysu 47",
    "city": null,
    "region": null,
    "country": "KZ",
    "lat": 43.29170729096677,
    "lon": 76.98979982475333,
    "timezone": null,
    "station_type": "government",
    "source": "waqi",
    "operator": "Clarity",
    "is_active": true
   },
   "geometry": {
    "type": "Point",
    "coordinates": [
     76.98979982475333,
     43.29170729096677
    ]
   }
  },
  {
   "type": "Feature",
   "properties": {
    "station_id": "waqi_dkwgl5134",
    "name": "Respublika 4",
    "city": null,
    "region": null,
    "country": "KZ",
    "lat": 43.23680399999999,
    "lon": 76.94481400000001,
    "timezone": null,
    "station_type": "government",
    "source": "waqi",
    "operator": "Clarity",
    "is_active": true
   },
   "geometry": {
    "type": "Point",
    "coordinates": [
     76.94481400000001,
     43.23680399999999
    ]
   }
  },
  {
   "type": "Feature",
   "properties": {
    "station_id": "waqi_dlfsj5393",
    "name": "7-мкр, дом 12/1",
    "city": null,
    "region": null,
    "country": "KZ",
    "lat": 42.8290004,
    "lon": 74.6170793,
    "timezone": null,
    "station_type": "government",
    "source": "waqi",
    "operator": "Clarity",
    "is_active": true
   },
   "geometry": {
    "type": "Point",
    "coordinates": [
     74.6170793,
     42.8290004
    ]
   }
  },
  {
   "type": "Feature",
   "properties": {
    "station_id": "waqi_dlhip6221",
    "name": "Atyrau 54",
    "city": null,
    "region": null,
    "country": "KZ",
    "lat": 43.29677960017615,
    "lon": 76.99158959609676,
    "timezone": null,
    "station_type": "government",
    "source": "waqi",
    "operator": "Clarity",
    "is_active": true
   },
   "geometry": {
    "type": "Point",
    "coordinates": [
     76.99158959609676,
     43.29677960017615
    ]
   }
  },
  {
   "type": "Feature",
   "properties": {
    "station_id": "waqi_dlnau6990",
    "name": "Ryskulova 81",
    "city": null,
    "region": null,
    "country": "KZ",
    "lat": 43.27865455271868,
    "lon": 76.90347457672107,
    "timezone": null,
    "station_type": "government",
    "source": "waqi",
    "operator": "Clarity",
    "is_active": true
   },
   "geometry": {
    "type": "Point",
    "coordinates": [
     76.90347457672107,
     43.27865455271868
    ]
   }
  },
  {
   "type": "Feature",
   "properties": {
    "station_id": "waqi_dlwxy0745",
    "name": "Переустановленный в ОБСЕ",
    "city": null,
    "region": null,
    "country": "KZ",
    "lat": 42.8786776,
    "lon": 74.5907455,
    "timezone": null,
    "station_type": "government",
    "source": "waqi",
    "operator": "Clarity",
    "is_active": true
   },
   "geometry": {
    "type": "Point",
    "coordinates": [
     74.5907455,
     42.8786776
    ]
   }
  },
  {
   "type": "Feature",
   "properties": {
    "station_id": "waqi_dmkzm8328",
    "name": "Iliyski trakt",
    "city": null,
    "region": null,
    "country": "KZ",
    "lat": 43.34158170973398,
    "lon": 76.98192511971963,
    "timezone": null,
    "station_type": "government",
    "source": "waqi",
    "operator": "Clarity",
    "is_active": true
   },
   "geometry": {
    "type": "Point",
    "coordinates": [
     76.98192511971963,
     43.34158170973398
    ]
   }
  },
  {
   "type": "Feature",
   "properties": {
    "station_id": "waqi_dmmmh0420",
    "name": "Nicolas International chain of wineries",
    "city": null,
    "region": null,
    "country": "KZ",
    "lat": 43.19364967260028,
    "lon": 76.90962542469542,
    "timezone": null,
    "station_type": "government",
    "source": "waqi",
    "operator": "Clarity",
    "is_active": true
   },
   "geometry": {
    "type": "Point",
    "coordinates": [
     76.90962542469542,
     43.19364967260028
    ]
   }
  },
  {
   "type": "Feature",
   "properties": {
    "station_id": "waqi_dmxjp3458",
    "name": "парк Сейил",
    "city": null,
    "region": null,
    "country": "KZ",
    "lat": 42.7703795,
    "lon": 74.581002,
    "timezone": null,
    "station_type": "government",
    "source": "waqi",
    "operator": "Clarity",
    "is_active": true
   },
   "geometry": {
    "type": "Point",
    "coordinates": [
     74.581002,
     42.7703795
    ]
   }
  },
  {
   "type": "Feature",
   "properties": {
    "station_id": "waqi_dnbkw4153",
    "name": "CHP",
    "city": null,
    "region": null,
    "country": "KZ",
    "lat": 43.29161420999885,
    "lon": 76.80436756266862,
    "timezone": null,
    "station_type": "government",
    "source": "waqi",
    "operator": "Clarity",
    "is_active": true
   },
   "geometry": {
    "type": "Point",
    "coordinates": [
     76.80436756266862,
     43.29161420999885
    ]
   }
  },
  {
   "type": "Feature",
   "properties": {
    "station_id": "waqi_dnkdc3171",
    "name": "Военная прокуратура, ул.Токтоналиева 2/1",
    "city": null,
    "region": null,
    "country": "KZ",
    "lat": 42.853156,
    "lon": 74.592345,
    "timezone": null,
    "station_type": "government",
    "source": "waqi",
    "operator": "Clarity",
    "is_active": true
   },
   "geometry": {
    "type": "Point",
    "coordinates": [
     74.592345,
     42.853156
    ]
   }
  },
  {
   "type": "Feature",
   "properties": {
    "station_id": "waqi_dpflr0020",
    "name": "KBTU",
    "city": null,
    "region": null,
    "country": "KZ",
    "lat": 43.25347876621724,
    "lon": 76.94536842109201,
    "timezone": null,
    "station_type": "government",
    "source": "waqi",
    "operator": "Clarity",
    "is_active": true
   },
   "geometry": {
    "type": "Point",
    "coordinates": [
     76.94536842109201,
     43.25347876621724
    ]
   }
  },
  {
   "type": "Feature",
   "properties": {
    "station_id": "waqi_dpprq5844",
    "name": "пр.Манаса, с.Манас, ул.Матисакова ",
    "city": null,
    "region": null,
    "country": "KZ",
    "lat": 42.809674,
    "lon": 74.574246,
    "timezone": null,
    "station_type": "government",
    "source": "waqi",
    "operator": "Clarity",
    "is_active": true
   },
   "geometry": {
    "type": "Point",
    "coordinates": [
     74.574246,
     42.809674
    ]
   }
  },
  {
   "type": "Feature",
   "properties": {
    "station_id": "waqi_dqhid8779",
    "name": "ж/м Токолдош, ул.Октябрьская 188",
    "city": null,
    "region": null,
    "country": "KZ",
    "lat": 42.8647842,
    "lon": 74.6415326,
    "timezone": null,
    "station_type": "government",
    "source": "waqi",
    "operator": "Clarity",
    "is_active": true
   },
   "geometry": {
    "type": "Point",
    "coordinates": [
     74.6415326,
     42.8647842
    ]
   }
  },
  {
   "type": "Feature",
   "properties": {
    "station_id": "waqi_dqihb6321",
    "name": "Almaty Arena",
    "city": null,
    "region": null,
    "country": "KZ",
    "lat": 43.26407854761793,
    "lon": 76.81687957488205,
    "timezone": null,
    "station_type": "government",
    "source": "waqi",
    "operator": "Clarity",
    "is_active": true
   },
   "geometry": {
    "type": "Point",
    "coordinates": [
     76.81687957488205,
     43.26407854761793
    ]
   }
  },
  {
   "type": "Feature",
   "properties": {
    "station_id": "waqi_drgxk4758",
    "name": "School 77",
    "city": null,
    "region": null,
    "country": "KZ",
    "lat": 43.218464378811994,
    "lon": 76.94964360143646,
    "timezone": null,
    "station_type": "government",
    "source": "waqi",
    "operator": "Clarity",
    "is_active": true
   },
   "geometry": {
    "type": "Point",
    "coordinates": [
     76.94964360143646,
     43.218464378811994
    ]
   }
  },
  {
   "type": "Feature",
   "properties": {
    "station_id": "waqi_drpmz6176",
    "name": "ул.Ибраимова ПНЗ-4",
    "city": null,
    "region": null,
    "country": "KZ",
    "lat": 42.884661,
    "lon": 74.6164748,
    "timezone": null,
    "station_type": "government",
    "source": "waqi",
    "operator": "Clarity",
    "is_active": true
   },
   "geometry": {
    "type": "Point",
    "coordinates": [
     74.6164748,
     42.884661
    ]
   }
  },
  {
   "type": "Feature",
   "properties": {
    "station_id": "waqi_drvsv9570",
    "name": "EkoPost",
    "city": null,
    "region": null,
    "country": "KZ",
    "lat": 43.249658504741106,
    "lon": 76.80559998147626,
    "timezone": null,
    "station_type": "government",
    "source": "waqi",
    "operator": "Clarity",
    "is_active": true
   },
   "geometry": {
    "type": "Point",
    "coordinates": [
     76.80559998147626,
     43.249658504741106
    ]
   }
  },
  {
   "type": "Feature",
   "properties": {
    "station_id": "waqi_drxhw5169",
    "name": "School 137",
    "city": null,
    "region": null,
    "country": "KZ",
    "lat": 43.31676494629688,
    "lon": 76.91083701308452,
    "timezone": null,
    "station_type": "government",
    "source": "waqi",
    "operator": "Clarity",
    "is_active": true
   },
   "geometry": {
    "type": "Point",
    "coordinates": [
     76.91083701308452,
     43.31676494629688
    ]
   }
  },
  {
   "type": "Feature",
   "properties": {
    "station_id": "waqi_dscqs5741",
    "name": "School 175",
    "city": null,
    "region": null,
    "country": "KZ",
    "lat": 43.19957298448716,
    "lon": 76.85428363117835,
    "timezone": null,
    "station_type": "government",
    "source": "waqi",
    "operator": "Clarity",
    "is_active": true
   },
   "geometry": {
    "type": "Point",
    "coordinates": [
     76.85428363117835,
     43.19957298448716
    ]
   }
  },
  {
   "type": "Feature",
   "properties": {
    "station_id": "waqi_dsezc5147",
    "name": "Kokzhiyek-63",
    "city": null,
    "region": null,
    "country": "KZ",
    "lat": 43.35813359109591,
    "lon": 76.92289958238688,
    "timezone": null,
    "station_type": "government",
    "source": "waqi",
    "operator": "Clarity",
    "is_active": true
   },
   "geometry": {
    "type": "Point",
    "coordinates": [
     76.92289958238688,
     43.35813359109591
    ]
   }
  },
  {
   "type": "Feature",
   "properties": {
    "station_id": "waqi_dskmy5521",
    "name": "s. Chon-Aryk",
    "city": null,
    "region": null,
    "country": "KZ",
    "lat": 42.795343,
    "lon": 74.574835,
    "timezone": null,
    "station_type": "government",
    "source": "waqi",
    "operator": "Clarity",
    "is_active": true
   },
   "geometry": {
    "type": "Point",
    "coordinates": [
     74.574835,
     42.795343
    ]
   }
  },
  {
   "type": "Feature",
   "properties": {
    "station_id": "waqi_dsppd2123",
    "name": "DIS-7",
    "city": null,
    "region": null,
    "country": "KZ",
    "lat": 43.205327130825815,
    "lon": 76.7769168478819,
    "timezone": null,
    "station_type": "government",
    "source": "waqi",
    "operator": "Clarity",
    "is_active": true
   },
   "geometry": {
    "type": "Point",
    "coordinates": [
     76.7769168478819,
     43.205327130825815
    ]
   }
  },
  {
   "type": "Feature",
   "properties": {
    "station_id": "waqi_dswcq1976",
    "name": "с.Новопокровка 3",
    "city": null,
    "region": null,
    "country": "KZ",
    "lat": 42.879912,
    "lon": 74.711066,
    "timezone": null,
    "station_type": "government",
    "source": "waqi",
    "operator": "Clarity",
    "is_active": true
   },
   "geometry": {
    "type": "Point",
    "coordinates": [
     74.711066,
     42.879912
    ]
   }
  },
  {
   "type": "Feature",
   "properties": {
    "station_id": "waqi_dthvz4764",
    "name": "School 187",
    "city": null,
    "region": null,
    "country": "KZ",
    "lat": 43.18579430712143,
    "lon": 76.82847702612057,
    "timezone": null,
    "station_type": "government",
    "source": "waqi",
    "operator": "Clarity",
    "is_active": true
   },
   "geometry": {
    "type": "Point",
    "coordinates": [
     76.82847702612057,
     43.18579430712143
    ]
   }
  },
  {
   "type": "Feature",
   "properties": {
    "station_id": "waqi_dtiut3440",
    "name": "Magnum-273",
    "city": null,
    "region": null,
    "country": "KZ",
    "lat": 43.25074042971093,
    "lon": 76.82301292953345,
    "timezone": null,
    "station_type": "government",
    "source": "waqi",
    "operator": "Clarity",
    "is_active": true
   },
   "geometry": {
    "type": "Point",
    "coordinates": [
     76.82301292953345,
     43.25074042971093
    ]
   }
  },
  {
   "type": "Feature",
   "properties": {
    "station_id": "waqi_dtnyu5087",
    "name": "с. Чоң -Таш",
    "city": null,
    "region": null,
    "country": "KZ",
    "lat": 42.7482592,
    "lon": 74.5982767,
    "timezone": null,
    "station_type": "government",
    "source": "waqi",
    "operator": "Clarity",
    "is_active": true
   },
   "geometry": {
    "type": "Point",
    "coordinates": [
     74.5982767,
     42.7482592
    ]
   }
  },
  {
   "type": "Feature",
   "properties": {
    "station_id": "waqi_ducdw6700",
    "name": "Suiynbay-55",
    "city": null,
    "region": null,
    "country": "KZ",
    "lat": 43.37664309140991,
    "lon": 76.99055491708968,
    "timezone": null,
    "station_type": "government",
    "source": "waqi",
    "operator": "Clarity",
    "is_active": true
   },
   "geometry": {
    "type": "Point",
    "coordinates": [
     76.99055491708968,
     43.37664309140991
    ]
   }
  },
  {
   "type": "Feature",
   "properties": {
    "station_id": "waqi_dupqc2139",
    "name": "ж/м Арча-Бешик, ул.Садабакасова",
    "city": null,
    "region": null,
    "country": "KZ",
    "lat": 42.8353206,
    "lon": 74.5493073,
    "timezone": null,
    "station_type": "government",
    "source": "waqi",
    "operator": "Clarity",
    "is_active": true
   },
   "geometry": {
    "type": "Point",
    "coordinates": [
     74.5493073,
     42.8353206
    ]
   }
  },
  {
   "type": "Feature",
   "properties": {
    "station_id": "waqi_dvpax1933",
    "name": "Kotelnikova St.",
    "city": null,
    "region": null,
    "country": "KZ",
    "lat": 43.31039688071044,
    "lon": 76.94216898220436,
    "timezone": null,
    "station_type": "government",
    "source": "waqi",
    "operator": "Clarity",
    "is_active": true
   },
   "geometry": {
    "type": "Point",
    "coordinates": [
     76.94216898220436,
     43.31039688071044
    ]
   }
  },
  {
   "type": "Feature",
   "properties": {
    "station_id": "waqi_dvtzn9901",
    "name": "Ошский рынок, ТЦ Беш-Сары",
    "city": null,
    "region": null,
    "country": "KZ",
    "lat": 42.876283,
    "lon": 74.571118,
    "timezone": null,
    "station_type": "government",
    "source": "waqi",
    "operator": "Clarity",
    "is_active": true
   },
   "geometry": {
    "type": "Point",
    "coordinates": [
     74.571118,
     42.876283
    ]
   }
  },
  {
   "type": "Feature",
   "properties": {
    "station_id": "waqi_dwcqw1712",
    "name": "Кызыл-Аскер, ПНЗ-6",
    "city": null,
    "region": null,
    "country": "KZ",
    "lat": 42.873227,
    "lon": 74.542899,
    "timezone": null,
    "station_type": "government",
    "source": "waqi",
    "operator": "Clarity",
    "is_active": true
   },
   "geometry": {
    "type": "Point",
    "coordinates": [
     74.542899,
     42.873227
    ]
   }
  },
  {
   "type": "Feature",
   "properties": {
    "station_id": "waqi_dwdjg0191",
    "name": " Карагачевая роща",
    "city": null,
    "region": null,
    "country": "KZ",
    "lat": 42.904486,
    "lon": 74.618076,
    "timezone": null,
    "station_type": "government",
    "source": "waqi",
    "operator": "Clarity",
    "is_active": true
   },
   "geometry": {
    "type": "Point",
    "coordinates": [
     74.618076,
     42.904486
    ]
   }
  },
  {
   "type": "Feature",
   "properties": {
    "station_id": "waqi_dweum2128",
    "name": "Hospital-7",
    "city": null,
    "region": null,
    "country": "KZ",
    "lat": 43.23396107591564,
    "lon": 76.80012719631037,
    "timezone": null,
    "station_type": "government",
    "source": "waqi",
    "operator": "Clarity",
    "is_active": true
   },
   "geometry": {
    "type": "Point",
    "coordinates": [
     76.80012719631037,
     43.23396107591564
    ]
   }
  },
  {
   "type": "Feature",
   "properties": {
    "station_id": "waqi_dwfhv6078",
    "name": "ж/м Касым, школа 83",
    "city": null,
    "region": null,
    "country": "KZ",
    "lat": 42.882766,
    "lon": 74.523842,
    "timezone": null,
    "station_type": "government",
    "source": "waqi",
    "operator": "Clarity",
    "is_active": true
   },
   "geometry": {
    "type": "Point",
    "coordinates": [
     74.523842,
     42.882766
    ]
   }
  },
  {
   "type": "Feature",
   "properties": {
    "station_id": "waqi_dwgii9341",
    "name": "Ritz Palace",
    "city": null,
    "region": null,
    "country": "KZ",
    "lat": 43.22832883695745,
    "lon": 76.9602836930437,
    "timezone": null,
    "station_type": "government",
    "source": "waqi",
    "operator": "Clarity",
    "is_active": true
   },
   "geometry": {
    "type": "Point",
    "coordinates": [
     76.9602836930437,
     43.22832883695745
    ]
   }
  },
  {
   "type": "Feature",
   "properties": {
    "station_id": "waqi_dwuuk8731",
    "name": "МЧС КР, ул.Жумабека 180",
    "city": null,
    "region": null,
    "country": "KZ",
    "lat": 42.8829141,
    "lon": 74.5911172,
    "timezone": null,
    "station_type": "government",
    "source": "waqi",
    "operator": "Clarity",
    "is_active": true
   },
   "geometry": {
    "type": "Point",
    "coordinates": [
     74.5911172,
     42.8829141
    ]
   }
  },
  {
   "type": "Feature",
   "properties": {
    "station_id": "waqi_dwynl0126",
    "name": "с. Заречное, ул. Ала-Арча пер. Юбилейное",
    "city": null,
    "region": null,
    "country": "KZ",
    "lat": 42.7579014,
    "lon": 74.5731129,
    "timezone": null,
    "station_type": "government",
    "source": "waqi",
    "operator": "Clarity",
    "is_active": true
   },
   "geometry": {
    "type": "Point",
    "coordinates": [
     74.5731129,
     42.7579014
    ]
   }
  },
  {
   "type": "Feature",
   "properties": {
    "station_id": "waqi_dxiux1869",
    "name": "School 192",
    "city": null,
    "region": null,
    "country": "KZ",
    "lat": 43.172031,
    "lon": 76.852339,
    "timezone": null,
    "station_type": "government",
    "source": "waqi",
    "operator": "Clarity",
    "is_active": true
   },
   "geometry": {
    "type": "Point",
    "coordinates": [
     76.852339,
     43.172031
    ]
   }
  },
  {
   "type": "Feature",
   "properties": {
    "station_id": "waqi_dxkuv4229",
    "name": "Road, Almaty Industrial Zone",
    "city": null,
    "region": null,
    "country": "KZ",
    "lat": 43.316523,
    "lon": 76.804295,
    "timezone": null,
    "station_type": "government",
    "source": "waqi",
    "operator": "Clarity",
    "is_active": true
   },
   "geometry": {
    "type": "Point",
    "coordinates": [
     76.804295,
     43.316523
    ]
   }
  },
  {
   "type": "Feature",
   "properties": {
    "station_id": "waqi_dxzdt2208",
    "name": "с.Арчалы",
    "city": null,
    "region": null,
    "country": "KZ",
    "lat": 42.7261384,
    "lon": 74.507675,
    "timezone": null,
    "station_type": "government",
    "source": "waqi",
    "operator": "Clarity",
    "is_active": true
   },
   "geometry": {
    "type": "Point",
    "coordinates": [
     74.507675,
     42.7261384
    ]
   }
  },
  {
   "type": "Feature",
   "properties": {
    "station_id": "waqi_dxzxj3551",
    "name": "Кок-Жар ж/м",
    "city": null,
    "region": null,
    "country": "KZ",
    "lat": 42.8457268,
    "lon": 74.6374993,
    "timezone": null,
    "station_type": "government",
    "source": "waqi",
    "operator": "Clarity",
    "is_active": true
   },
   "geometry": {
    "type": "Point",
    "coordinates": [
     74.6374993,
     42.8457268
    ]
   }
  },
  {
   "type": "Feature",
   "properties": {
    "station_id": "waqi_dysmw5694",
    "name": "Magnum Besagash",
    "city": null,
    "region": null,
    "country": "KZ",
    "lat": 43.29222281590885,
    "lon": 77.0121766907784,
    "timezone": null,
    "station_type": "government",
    "source": "waqi",
    "operator": "Clarity",
    "is_active": true
   },
   "geometry": {
    "type": "Point",
    "coordinates": [
     77.0121766907784,
     43.29222281590885
    ]
   }
  },
  {
   "type": "Feature",
   "properties": {
    "station_id": "waqi_dyviw2129",
    "name": " с.Орок, ул.Семетей 186",
    "city": null,
    "region": null,
    "country": "KZ",
    "lat": 42.8087178,
    "lon": 74.5552253,
    "timezone": null,
    "station_type": "government",
    "source": "waqi",
    "operator": "Clarity",
    "is_active": true
   },
   "geometry": {
    "type": "Point",
    "coordinates": [
     74.5552253,
     42.8087178
    ]
   }
  },
  {
   "type": "Feature",
   "properties": {
    "station_id": "waqi_dzbpd6527",
    "name": "Shamiyeva St.",
    "city": null,
    "region": null,
    "country": "KZ",
    "lat": 43.283229322033016,
    "lon": 76.92753219053208,
    "timezone": null,
    "station_type": "government",
    "source": "waqi",
    "operator": "Clarity",
    "is_active": true
   },
   "geometry": {
    "type": "Point",
    "coordinates": [
     76.92753219053208,
     43.283229322033016
    ]
   }
  },
  {
   "type": "Feature",
   "properties": {
    "station_id": "waqi_dzsft0997",
    "name": "Shkola-Gimnaziya 152",
    "city": null,
    "region": null,
    "country": "KZ",
    "lat": 43.30173409474243,
    "lon": 76.87217086857771,
    "timezone": null,
    "station_type": "government",
    "source": "waqi",
    "operator": "Clarity",
    "is_active": true
   },
   "geometry": {
    "type": "Point",
    "coordinates": [
     76.87217086857771,
     43.30173409474243
    ]
   }
  },
  {
   "type": "Feature",
   "properties": {
    "station_id": "waqi_nan",
    "name": "Almaty, US Embassy, Kazakhstan (Алматы, АҚШ елшілігі)",
    "city": null,
    "region": null,
    "country": "KZ",
    "lat": 43.222,
    "lon": 76.851,
    "timezone": null,
    "station_type": "government",
    "source": "waqi",
    "operator": "Almaty Air Quality Monitor - US Embassy",
    "is_active": true
   },
   "geometry": {
    "type": "Point",
    "coordinates": [
     76.851,
     43.222
    ]
   }
  }
 ]
}
